trip_id,arrival_time,departure_time,stop_id,stop_sequence,stop_headsign,pickup_type,drop_off_type,shape_dist_traveled,timepoint
1,06:30:00,06:30:00,1,1,,0,0,,1
1,06:33:00,06:33:00,1059,2,,0,0,,1
1,06:38:00,06:38:00,1060,3,,0,0,,1
1,06:42:00,06:42:00,1061,4,,0,0,,1
1,06:45:00,06:45:00,1062,5,,0,0,,1
1,06:42:00,06:42:00,1063,6,,0,0,,1
1,06:50:00,06:50:00,1064,7,,0,0,,1
1,06:52:00,06:52:00,1065,8,,0,0,,1
1,06:54:00,06:54:00,1066,9,,0,0,,1
1,06:55:00,06:55:00,1061,10,,0,0,,1
1,06:56:00,06:56:00,1067,11,,0,0,,1
1,06:57:00,06:57:00,1068,12,,0,0,,1
1,07:00:00,07:00:00,1,13,,0,0,,1
2,07:30:00,07:30:00,1064,1,,0,0,,1
2,07:35:00,07:35:00,1065,2,,0,0,,1
2,07:40:00,07:40:00,1066,3,,0,0,,1
2,07:41:00,07:41:00,1061,4,,0,0,,1
2,07:45:00,07:45:00,1069,5,,0,0,,1
2,07:48:00,07:48:00,1067,6,,0,0,,1
2,07:53:00,07:53:00,1068,7,,0,0,,1
2,08:10:00,08:10:00,1,8,,0,0,,1
3,08:10:00,08:10:00,1,1,,0,0,,1
3,08:13:00,08:13:00,1059,2,,0,0,,1
3,08:15:00,08:15:00,53,3,,0,0,,1
3,08:18:00,08:18:00,1060,4,,0,0,,1
3,08:22:00,08:22:00,1061,5,,0,0,,1
3,08:25:00,08:25:00,1062,6,,0,0,,1
3,08:30:00,08:30:00,1063,7,,0,0,,1
3,08:40:00,08:40:00,1064,8,,0,0,,1
3,08:45:00,08:45:00,1065,9,,0,0,,1
3,08:47:00,08:47:00,1066,10,,0,0,,1
3,08:51:00,08:51:00,1061,11,,0,0,,1
3,08:55:00,08:55:00,1069,12,,0,0,,1
3,08:58:00,08:58:00,1067,13,,0,0,,1
3,09:03:00,09:03:00,1068,14,,0,0,,1
3,09:20:00,09:20:00,1,15,,0,0,,1
4,09:00:00,09:00:00,1,1,,0,0,,1
4,09:03:00,09:03:00,1059,2,,0,0,,1
4,09:05:00,09:05:00,53,3,,0,0,,1
4,09:08:00,09:08:00,1060,4,,0,0,,1
4,09:12:00,09:12:00,1061,5,,0,0,,1
4,09:15:00,09:15:00,1062,6,,0,0,,1
4,09:20:00,09:20:00,1063,7,,0,0,,1
4,09:30:00,09:30:00,1064,8,,0,0,,1
4,09:35:00,09:35:00,1065,9,,0,0,,1
4,09:37:00,09:37:00,1066,10,,0,0,,1
4,09:41:00,09:41:00,1061,11,,0,0,,1
4,09:45:00,09:45:00,1069,12,,0,0,,1
4,09:48:00,09:48:00,1067,13,,0,0,,1
4,09:53:00,09:53:00,1068,14,,0,0,,1
4,10:10:00,10:10:00,1,15,,0,0,,1
5,09:50:00,09:50:00,1,1,,0,0,,1
5,09:53:00,09:53:00,1059,2,,0,0,,1
5,09:55:00,09:55:00,53,3,,0,0,,1
5,09:58:00,09:58:00,1060,4,,0,0,,1
5,10:02:00,10:02:00,1061,5,,0,0,,1
5,10:05:00,10:05:00,1062,6,,0,0,,1
5,10:10:00,10:10:00,1063,7,,0,0,,1
5,10:20:00,10:20:00,1064,8,,0,0,,1
5,10:25:00,10:25:00,1065,9,,0,0,,1
5,10:27:00,10:27:00,1066,10,,0,0,,1
5,10:31:00,10:31:00,1061,11,,0,0,,1
5,10:35:00,10:35:00,1069,12,,0,0,,1
5,10:38:00,10:38:00,1067,13,,0,0,,1
5,10:43:00,10:43:00,1068,14,,0,0,,1
5,11:00:00,11:00:00,1,15,,0,0,,1
6,10:40:00,10:40:00,1,1,,0,0,,1
6,10:43:00,10:43:00,1059,2,,0,0,,1
6,10:45:00,10:45:00,53,3,,0,0,,1
6,10:48:00,10:48:00,1060,4,,0,0,,1
6,10:52:00,10:52:00,1061,5,,0,0,,1
6,10:55:00,10:55:00,1062,6,,0,0,,1
6,11:00:00,11:00:00,1063,7,,0,0,,1
6,11:10:00,11:10:00,1064,8,,0,0,,1
6,11:15:00,11:15:00,1065,9,,0,0,,1
6,11:17:00,11:17:00,1066,10,,0,0,,1
6,11:21:00,11:21:00,1061,11,,0,0,,1
6,11:25:00,11:25:00,1069,12,,0,0,,1
6,11:28:00,11:28:00,1067,13,,0,0,,1
6,11:33:00,11:33:00,1068,14,,0,0,,1
6,11:50:00,11:50:00,1,15,,0,0,,1
7,11:30:00,11:30:00,1,1,,0,0,,1
7,11:33:00,11:33:00,1059,2,,0,0,,1
7,11:35:00,11:35:00,53,3,,0,0,,1
7,11:38:00,11:38:00,1060,4,,0,0,,1
7,11:42:00,11:42:00,1061,5,,0,0,,1
7,11:45:00,11:45:00,1062,6,,0,0,,1
7,11:50:00,11:50:00,1063,7,,0,0,,1
7,12:00:00,12:00:00,1064,8,,0,0,,1
7,12:05:00,12:05:00,1065,9,,0,0,,1
7,12:07:00,12:07:00,1066,10,,0,0,,1
7,12:11:00,12:11:00,1061,11,,0,0,,1
7,12:15:00,12:15:00,1069,12,,0,0,,1
7,12:18:00,12:18:00,1067,13,,0,0,,1
7,12:23:00,12:23:00,1068,14,,0,0,,1
7,12:40:00,12:40:00,1,15,,0,0,,1
8,12:20:00,12:20:00,1,1,,0,0,,1
8,12:23:00,12:23:00,1059,2,,0,0,,1
8,12:25:00,12:25:00,53,3,,0,0,,1
8,12:28:00,12:28:00,1060,4,,0,0,,1
8,12:32:00,12:32:00,1061,5,,0,0,,1
8,12:35:00,12:35:00,1062,6,,0,0,,1
8,12:40:00,12:40:00,1063,7,,0,0,,1
8,12:50:00,12:50:00,1064,8,,0,0,,1
8,12:55:00,12:55:00,1065,9,,0,0,,1
8,12:57:00,12:57:00,1066,10,,0,0,,1
8,13:01:00,13:01:00,1061,11,,0,0,,1
8,13:05:00,13:05:00,1069,12,,0,0,,1
8,13:08:00,13:08:00,1067,13,,0,0,,1
8,13:13:00,13:13:00,1068,14,,0,0,,1
8,13:30:00,13:30:00,1,15,,0,0,,1
9,13:10:00,13:10:00,1,1,,0,0,,1
9,13:13:00,13:13:00,1059,2,,0,0,,1
9,13:15:00,13:15:00,53,3,,0,0,,1
9,13:18:00,13:18:00,1060,4,,0,0,,1
9,13:22:00,13:22:00,1061,5,,0,0,,1
9,13:25:00,13:25:00,1062,6,,0,0,,1
9,13:30:00,13:30:00,1063,7,,0,0,,1
9,13:40:00,13:40:00,1064,8,,0,0,,1
9,13:45:00,13:45:00,1065,9,,0,0,,1
9,13:47:00,13:47:00,1066,10,,0,0,,1
9,13:51:00,13:51:00,1061,11,,0,0,,1
9,13:55:00,13:55:00,1069,12,,0,0,,1
9,13:58:00,13:58:00,1067,13,,0,0,,1
9,14:03:00,14:03:00,1068,14,,0,0,,1
9,14:20:00,14:20:00,1,15,,0,0,,1
10,14:00:00,14:00:00,1,1,,0,0,,1
10,14:03:00,14:03:00,1059,2,,0,0,,1
10,14:05:00,14:05:00,53,3,,0,0,,1
10,14:08:00,14:08:00,1060,4,,0,0,,1
10,14:12:00,14:12:00,1061,5,,0,0,,1
10,14:15:00,14:15:00,1062,6,,0,0,,1
10,14:20:00,14:20:00,1063,7,,0,0,,1
10,14:30:00,14:30:00,1064,8,,0,0,,1
10,14:35:00,14:35:00,1065,9,,0,0,,1
10,14:37:00,14:37:00,1066,10,,0,0,,1
10,14:41:00,14:41:00,1061,11,,0,0,,1
10,14:45:00,14:45:00,1069,12,,0,0,,1
10,14:48:00,14:48:00,1067,13,,0,0,,1
10,14:53:00,14:53:00,1068,14,,0,0,,1
10,15:10:00,15:10:00,1,15,,0,0,,1
11,14:50:00,14:50:00,1,1,,0,0,,1
11,14:53:00,14:53:00,1059,2,,0,0,,1
11,14:55:00,14:55:00,53,3,,0,0,,1
11,14:58:00,14:58:00,1060,4,,0,0,,1
11,15:02:00,15:02:00,1061,5,,0,0,,1
11,15:05:00,15:05:00,1062,6,,0,0,,1
11,15:10:00,15:10:00,1063,7,,0,0,,1
11,15:20:00,15:20:00,1064,8,,0,0,,1
11,15:25:00,15:25:00,1065,9,,0,0,,1
11,15:27:00,15:27:00,1066,10,,0,0,,1
11,15:31:00,15:31:00,1061,11,,0,0,,1
11,15:35:00,15:35:00,1069,12,,0,0,,1
11,15:38:00,15:38:00,1067,13,,0,0,,1
11,15:43:00,15:43:00,1068,14,,0,0,,1
11,16:00:00,16:00:00,1,15,,0,0,,1
12,15:40:00,15:40:00,1,1,,0,0,,1
12,15:43:00,15:43:00,1059,2,,0,0,,1
12,15:45:00,15:45:00,53,3,,0,0,,1
12,15:48:00,15:48:00,1060,4,,0,0,,1
12,15:52:00,15:52:00,1061,5,,0,0,,1
12,15:55:00,15:55:00,1062,6,,0,0,,1
12,16:00:00,16:00:00,1063,7,,0,0,,1
12,16:10:00,16:10:00,1064,8,,0,0,,1
12,16:15:00,16:15:00,1065,9,,0,0,,1
12,16:17:00,16:17:00,1066,10,,0,0,,1
12,16:21:00,16:21:00,1061,11,,0,0,,1
12,16:25:00,16:25:00,1069,12,,0,0,,1
12,16:28:00,16:28:00,1067,13,,0,0,,1
12,16:33:00,16:33:00,1068,14,,0,0,,1
12,16:50:00,16:50:00,1,15,,0,0,,1
13,16:30:00,16:30:00,1,1,,0,0,,1
13,16:33:00,16:33:00,1059,2,,0,0,,1
13,16:35:00,16:35:00,53,3,,0,0,,1
13,16:38:00,16:38:00,1060,4,,0,0,,1
13,16:42:00,16:42:00,1061,5,,0,0,,1
13,16:45:00,16:45:00,1062,6,,0,0,,1
13,16:50:00,16:50:00,1063,7,,0,0,,1
13,17:00:00,17:00:00,1064,8,,0,0,,1
13,17:05:00,17:05:00,1065,9,,0,0,,1
13,17:07:00,17:07:00,1066,10,,0,0,,1
13,17:11:00,17:11:00,1061,11,,0,0,,1
13,17:15:00,17:15:00,1069,12,,0,0,,1
13,17:18:00,17:18:00,1067,13,,0,0,,1
13,17:23:00,17:23:00,1068,14,,0,0,,1
13,17:40:00,17:40:00,1,15,,0,0,,1
14,17:20:00,17:20:00,1,1,,0,0,,1
14,17:23:00,17:23:00,1059,2,,0,0,,1
14,17:25:00,17:25:00,53,3,,0,0,,1
14,17:28:00,17:28:00,1060,4,,0,0,,1
14,17:32:00,17:32:00,1061,5,,0,0,,1
14,17:35:00,17:35:00,1062,6,,0,0,,1
14,17:40:00,17:40:00,1063,7,,0,0,,1
14,17:50:00,17:50:00,1064,8,,0,0,,1
14,17:55:00,17:55:00,1065,9,,0,0,,1
14,17:57:00,17:57:00,1066,10,,0,0,,1
14,18:01:00,18:01:00,1061,11,,0,0,,1
14,18:05:00,18:05:00,1069,12,,0,0,,1
14,18:08:00,18:08:00,1067,13,,0,0,,1
14,18:13:00,18:13:00,1068,14,,0,0,,1
14,18:30:00,18:30:00,1,15,,0,0,,1
15,18:10:00,18:10:00,1,1,,0,0,,1
15,18:13:00,18:13:00,1059,2,,0,0,,1
15,18:15:00,18:15:00,53,3,,0,0,,1
15,18:18:00,18:18:00,1060,4,,0,0,,1
15,18:22:00,18:22:00,1061,5,,0,0,,1
15,18:25:00,18:25:00,1062,6,,0,0,,1
15,18:30:00,18:30:00,1063,7,,0,0,,1
15,18:40:00,18:40:00,1064,8,,0,0,,1
15,18:45:00,18:45:00,1065,9,,0,0,,1
15,18:47:00,18:47:00,1066,10,,0,0,,1
15,18:51:00,18:51:00,1061,11,,0,0,,1
15,18:55:00,18:55:00,1069,12,,0,0,,1
15,18:58:00,18:58:00,1067,13,,0,0,,1
15,19:03:00,19:03:00,1068,14,,0,0,,1
15,19:20:00,19:20:00,1,15,,0,0,,1
16,19:00:00,19:00:00,1,1,,0,0,,1
16,19:03:00,19:03:00,1059,2,,0,0,,1
16,19:05:00,19:05:00,53,3,,0,0,,1
16,19:08:00,19:08:00,1060,4,,0,0,,1
16,19:12:00,19:12:00,1061,5,,0,0,,1
16,19:15:00,19:15:00,1062,6,,0,0,,1
16,19:20:00,19:20:00,1063,7,,0,0,,1
16,19:30:00,19:30:00,1064,8,,0,0,,1
16,19:35:00,19:35:00,1065,9,,0,0,,1
16,19:37:00,19:37:00,1066,10,,0,0,,1
16,19:41:00,19:41:00,1061,11,,0,0,,1
16,19:45:00,19:45:00,1069,12,,0,0,,1
16,19:48:00,19:48:00,1067,13,,0,0,,1
16,19:53:00,19:53:00,1068,14,,0,0,,1
16,20:10:00,20:10:00,1,15,,0,0,,1
17,19:50:00,19:50:00,1,1,,0,0,,1
17,19:53:00,19:53:00,1059,2,,0,0,,1
17,19:55:00,19:55:00,53,3,,0,0,,1
17,19:58:00,19:58:00,1060,4,,0,0,,1
17,20:02:00,20:02:00,1061,5,,0,0,,1
17,20:05:00,20:05:00,1062,6,,0,0,,1
17,20:10:00,20:10:00,1063,7,,0,0,,1
17,20:20:00,20:20:00,1064,8,,0,0,,1
17,20:25:00,20:25:00,1065,9,,0,0,,1
17,20:27:00,20:27:00,1066,10,,0,0,,1
17,20:31:00,20:31:00,1061,11,,0,0,,1
17,20:35:00,20:35:00,1069,12,,0,0,,1
17,20:38:00,20:38:00,1067,13,,0,0,,1
17,20:43:00,20:43:00,1068,14,,0,0,,1
17,21:00:00,21:00:00,1,15,,0,0,,1
18,20:40:00,20:40:00,1,1,,0,0,,1
18,20:43:00,20:43:00,1059,2,,0,0,,1
18,20:45:00,20:45:00,53,3,,0,0,,1
18,20:48:00,20:48:00,1060,4,,0,0,,1
18,20:52:00,20:52:00,1061,5,,0,0,,1
18,20:55:00,20:55:00,1062,6,,0,0,,1
18,21:00:00,21:00:00,1063,7,,0,0,,1
18,21:10:00,21:10:00,1064,8,,0,0,,1
19,07:40:00,07:40:00,1,1,,0,0,,1
19,07:43:00,07:43:00,1068,2,,0,0,,1
19,07:45:00,07:45:00,1070,3,,0,0,,1
19,07:48:00,07:48:00,1069,4,,0,0,,1
19,07:52:00,07:52:00,1061,5,,0,0,,1
19,07:55:00,07:55:00,1062,6,,0,0,,1
19,08:10:00,08:10:00,1071,7,,0,0,,1
20,08:35:00,08:35:00,1,1,,0,0,,1
20,08:38:00,08:38:00,1068,2,,0,0,,1
20,08:40:00,08:40:00,1070,3,,0,0,,1
20,08:43:00,08:43:00,1069,4,,0,0,,1
20,08:47:00,08:47:00,1061,5,,0,0,,1
20,08:50:00,08:50:00,1062,6,,0,0,,1
20,08:55:00,08:55:00,1065,7,,0,0,,1
20,09:05:00,09:05:00,1071,8,,0,0,,1
20,09:10:00,09:10:00,1063,9,,0,0,,1
20,09:12:00,09:12:00,1066,10,,0,0,,1
20,09:15:00,09:15:00,1061,11,,0,0,,1
20,09:20:00,09:20:00,1060,12,,0,0,,1
20,09:25:00,09:25:00,53,13,,0,0,,1
20,09:30:00,09:30:00,1059,14,,0,0,,1
20,09:45:00,09:45:00,1,15,,0,0,,1
21,09:25:00,09:25:00,1,1,,0,0,,1
21,09:28:00,09:28:00,1068,2,,0,0,,1
21,09:30:00,09:30:00,1070,3,,0,0,,1
21,09:33:00,09:33:00,1069,4,,0,0,,1
21,09:37:00,09:37:00,1061,5,,0,0,,1
21,09:40:00,09:40:00,1062,6,,0,0,,1
21,09:45:00,09:45:00,1065,7,,0,0,,1
21,09:55:00,09:55:00,1071,8,,0,0,,1
21,10:00:00,10:00:00,1063,9,,0,0,,1
21,10:02:00,10:02:00,1066,10,,0,0,,1
21,10:05:00,10:05:00,1061,11,,0,0,,1
21,10:10:00,10:10:00,1060,12,,0,0,,1
21,10:15:00,10:15:00,53,13,,0,0,,1
21,10:20:00,10:20:00,1059,14,,0,0,,1
21,10:35:00,10:35:00,1,15,,0,0,,1
22,10:15:00,10:15:00,1,1,,0,0,,1
22,10:18:00,10:18:00,1068,2,,0,0,,1
22,10:20:00,10:20:00,1070,3,,0,0,,1
22,10:23:00,10:23:00,1069,4,,0,0,,1
22,10:27:00,10:27:00,1061,5,,0,0,,1
22,10:30:00,10:30:00,1062,6,,0,0,,1
22,10:35:00,10:35:00,1065,7,,0,0,,1
22,10:45:00,10:45:00,1071,8,,0,0,,1
22,10:50:00,10:50:00,1063,9,,0,0,,1
22,10:52:00,10:52:00,1066,10,,0,0,,1
22,10:55:00,10:55:00,1061,11,,0,0,,1
22,11:00:00,11:00:00,1060,12,,0,0,,1
22,11:05:00,11:05:00,53,13,,0,0,,1
22,11:10:00,11:10:00,1059,14,,0,0,,1
22,11:25:00,11:25:00,1,15,,0,0,,1
23,11:05:00,11:05:00,1,1,,0,0,,1
23,11:08:00,11:08:00,1068,2,,0,0,,1
23,11:10:00,11:10:00,1070,3,,0,0,,1
23,11:13:00,11:13:00,1069,4,,0,0,,1
23,11:17:00,11:17:00,1061,5,,0,0,,1
23,11:20:00,11:20:00,1062,6,,0,0,,1
23,11:25:00,11:25:00,1065,7,,0,0,,1
23,11:35:00,11:35:00,1071,8,,0,0,,1
23,11:40:00,11:40:00,1063,9,,0,0,,1
23,11:42:00,11:42:00,1066,10,,0,0,,1
23,11:45:00,11:45:00,1061,11,,0,0,,1
23,11:50:00,11:50:00,1060,12,,0,0,,1
23,11:55:00,11:55:00,53,13,,0,0,,1
23,12:00:00,12:00:00,1059,14,,0,0,,1
23,12:15:00,12:15:00,1,15,,0,0,,1
24,11:55:00,11:55:00,1,1,,0,0,,1
24,11:58:00,11:58:00,1068,2,,0,0,,1
24,12:00:00,12:00:00,1070,3,,0,0,,1
24,12:03:00,12:03:00,1069,4,,0,0,,1
24,12:07:00,12:07:00,1061,5,,0,0,,1
24,12:10:00,12:10:00,1062,6,,0,0,,1
24,12:15:00,12:15:00,1065,7,,0,0,,1
24,12:25:00,12:25:00,1071,8,,0,0,,1
24,12:30:00,12:30:00,1063,9,,0,0,,1
24,12:32:00,12:32:00,1066,10,,0,0,,1
24,12:35:00,12:35:00,1061,11,,0,0,,1
24,12:40:00,12:40:00,1060,12,,0,0,,1
24,12:45:00,12:45:00,53,13,,0,0,,1
24,12:50:00,12:50:00,1059,14,,0,0,,1
24,13:05:00,13:05:00,1,15,,0,0,,1
25,12:45:00,12:45:00,1,1,,0,0,,1
25,12:48:00,12:48:00,1068,2,,0,0,,1
25,12:50:00,12:50:00,1070,3,,0,0,,1
25,12:53:00,12:53:00,1069,4,,0,0,,1
25,12:57:00,12:57:00,1061,5,,0,0,,1
25,13:00:00,13:00:00,1062,6,,0,0,,1
25,13:05:00,13:05:00,1065,7,,0,0,,1
25,13:15:00,13:15:00,1071,8,,0,0,,1
25,13:20:00,13:20:00,1063,9,,0,0,,1
25,13:22:00,13:22:00,1066,10,,0,0,,1
25,13:25:00,13:25:00,1061,11,,0,0,,1
25,13:30:00,13:30:00,1060,12,,0,0,,1
25,13:35:00,13:35:00,53,13,,0,0,,1
25,13:40:00,13:40:00,1059,14,,0,0,,1
25,13:55:00,13:55:00,1,15,,0,0,,1
26,13:35:00,13:35:00,1,1,,0,0,,1
26,13:38:00,13:38:00,1068,2,,0,0,,1
26,13:40:00,13:40:00,1070,3,,0,0,,1
26,13:43:00,13:43:00,1069,4,,0,0,,1
26,13:47:00,13:47:00,1061,5,,0,0,,1
26,13:50:00,13:50:00,1062,6,,0,0,,1
26,13:55:00,13:55:00,1065,7,,0,0,,1
26,14:05:00,14:05:00,1071,8,,0,0,,1
26,14:10:00,14:10:00,1063,9,,0,0,,1
26,14:12:00,14:12:00,1066,10,,0,0,,1
26,14:15:00,14:15:00,1061,11,,0,0,,1
26,14:20:00,14:20:00,1060,12,,0,0,,1
26,14:25:00,14:25:00,53,13,,0,0,,1
26,14:30:00,14:30:00,1059,14,,0,0,,1
26,14:45:00,14:45:00,1,15,,0,0,,1
27,14:25:00,14:25:00,1,1,,0,0,,1
27,14:28:00,14:28:00,1068,2,,0,0,,1
27,14:30:00,14:30:00,1070,3,,0,0,,1
27,14:33:00,14:33:00,1069,4,,0,0,,1
27,14:37:00,14:37:00,1061,5,,0,0,,1
27,14:40:00,14:40:00,1062,6,,0,0,,1
27,14:45:00,14:45:00,1065,7,,0,0,,1
27,14:55:00,14:55:00,1071,8,,0,0,,1
27,15:00:00,15:00:00,1063,9,,0,0,,1
27,15:02:00,15:02:00,1066,10,,0,0,,1
27,15:05:00,15:05:00,1061,11,,0,0,,1
27,15:10:00,15:10:00,1060,12,,0,0,,1
27,15:15:00,15:15:00,53,13,,0,0,,1
27,15:20:00,15:20:00,1059,14,,0,0,,1
27,15:35:00,15:35:00,1,15,,0,0,,1
28,15:15:00,15:15:00,1,1,,0,0,,1
28,15:18:00,15:18:00,1068,2,,0,0,,1
28,15:20:00,15:20:00,1070,3,,0,0,,1
28,15:23:00,15:23:00,1069,4,,0,0,,1
28,15:27:00,15:27:00,1061,5,,0,0,,1
28,15:30:00,15:30:00,1062,6,,0,0,,1
28,15:35:00,15:35:00,1065,7,,0,0,,1
28,15:45:00,15:45:00,1071,8,,0,0,,1
28,15:50:00,15:50:00,1063,9,,0,0,,1
28,15:52:00,15:52:00,1066,10,,0,0,,1
28,15:55:00,15:55:00,1061,11,,0,0,,1
28,16:00:00,16:00:00,1060,12,,0,0,,1
28,16:05:00,16:05:00,53,13,,0,0,,1
28,16:10:00,16:10:00,1059,14,,0,0,,1
28,16:25:00,16:25:00,1,15,,0,0,,1
29,16:05:00,16:05:00,1,1,,0,0,,1
29,16:08:00,16:08:00,1068,2,,0,0,,1
29,16:10:00,16:10:00,1070,3,,0,0,,1
29,16:13:00,16:13:00,1069,4,,0,0,,1
29,16:17:00,16:17:00,1061,5,,0,0,,1
29,16:20:00,16:20:00,1062,6,,0,0,,1
29,16:25:00,16:25:00,1065,7,,0,0,,1
29,16:35:00,16:35:00,1071,8,,0,0,,1
29,16:40:00,16:40:00,1063,9,,0,0,,1
29,16:42:00,16:42:00,1066,10,,0,0,,1
29,16:45:00,16:45:00,1061,11,,0,0,,1
29,16:50:00,16:50:00,1060,12,,0,0,,1
29,16:55:00,16:55:00,53,13,,0,0,,1
29,17:00:00,17:00:00,1059,14,,0,0,,1
29,17:15:00,17:15:00,1,15,,0,0,,1
30,16:55:00,16:55:00,1,1,,0,0,,1
30,16:58:00,16:58:00,1068,2,,0,0,,1
30,17:00:00,17:00:00,1070,3,,0,0,,1
30,17:03:00,17:03:00,1069,4,,0,0,,1
30,17:07:00,17:07:00,1061,5,,0,0,,1
30,17:10:00,17:10:00,1062,6,,0,0,,1
30,17:15:00,17:15:00,1065,7,,0,0,,1
30,17:25:00,17:25:00,1071,8,,0,0,,1
30,17:30:00,17:30:00,1063,9,,0,0,,1
30,17:32:00,17:32:00,1066,10,,0,0,,1
30,17:35:00,17:35:00,1061,11,,0,0,,1
30,17:40:00,17:40:00,1060,12,,0,0,,1
30,17:45:00,17:45:00,53,13,,0,0,,1
30,17:50:00,17:50:00,1059,14,,0,0,,1
30,18:05:00,18:05:00,1,15,,0,0,,1
31,17:45:00,17:45:00,1,1,,0,0,,1
31,17:48:00,17:48:00,1068,2,,0,0,,1
31,17:50:00,17:50:00,1070,3,,0,0,,1
31,17:53:00,17:53:00,1069,4,,0,0,,1
31,17:57:00,17:57:00,1061,5,,0,0,,1
31,18:00:00,18:00:00,1062,6,,0,0,,1
31,18:05:00,18:05:00,1065,7,,0,0,,1
31,18:15:00,18:15:00,1071,8,,0,0,,1
31,18:20:00,18:20:00,1063,9,,0,0,,1
31,18:22:00,18:22:00,1066,10,,0,0,,1
31,18:25:00,18:25:00,1061,11,,0,0,,1
31,18:30:00,18:30:00,1060,12,,0,0,,1
31,18:35:00,18:35:00,53,13,,0,0,,1
31,18:40:00,18:40:00,1059,14,,0,0,,1
31,18:55:00,18:55:00,1,15,,0,0,,1
32,18:35:00,18:35:00,1,1,,0,0,,1
32,18:38:00,18:38:00,1068,2,,0,0,,1
32,18:40:00,18:40:00,1070,3,,0,0,,1
32,18:43:00,18:43:00,1069,4,,0,0,,1
32,18:47:00,18:47:00,1061,5,,0,0,,1
32,18:50:00,18:50:00,1062,6,,0,0,,1
32,18:55:00,18:55:00,1065,7,,0,0,,1
32,19:05:00,19:05:00,1071,8,,0,0,,1
32,19:10:00,19:10:00,1063,9,,0,0,,1
32,19:12:00,19:12:00,1066,10,,0,0,,1
32,19:15:00,19:15:00,1061,11,,0,0,,1
32,19:20:00,19:20:00,1060,12,,0,0,,1
32,19:25:00,19:25:00,53,13,,0,0,,1
32,19:30:00,19:30:00,1059,14,,0,0,,1
32,19:45:00,19:45:00,1,15,,0,0,,1
33,19:25:00,19:25:00,1,1,,0,0,,1
33,19:28:00,19:28:00,1068,2,,0,0,,1
33,19:30:00,19:30:00,1070,3,,0,0,,1
33,19:33:00,19:33:00,1069,4,,0,0,,1
33,19:37:00,19:37:00,1061,5,,0,0,,1
33,19:40:00,19:40:00,1062,6,,0,0,,1
33,19:45:00,19:45:00,1065,7,,0,0,,1
33,19:55:00,19:55:00,1071,8,,0,0,,1
33,20:00:00,20:00:00,1063,9,,0,0,,1
33,20:02:00,20:02:00,1066,10,,0,0,,1
33,20:05:00,20:05:00,1061,11,,0,0,,1
33,20:10:00,20:10:00,1060,12,,0,0,,1
33,20:15:00,20:15:00,53,13,,0,0,,1
33,20:20:00,20:20:00,1059,14,,0,0,,1
33,20:35:00,20:35:00,1,15,,0,0,,1
34,20:15:00,20:15:00,1,1,,0,0,,1
34,20:18:00,20:18:00,1068,2,,0,0,,1
34,20:20:00,20:20:00,1070,3,,0,0,,1
34,20:23:00,20:23:00,1069,4,,0,0,,1
34,20:27:00,20:27:00,1061,5,,0,0,,1
34,20:30:00,20:30:00,1062,6,,0,0,,1
34,20:35:00,20:35:00,1065,7,,0,0,,1
34,20:45:00,20:45:00,1071,8,,0,0,,1
35,05:55:00,05:55:00,1,1,,0,0,,1
35,05:57:00,05:57:00,1072,2,,0,0,,1
35,05:58:00,05:58:00,1073,3,,0,0,,1
35,06:07:00,06:07:00,1060,4,,0,0,,1
36,07:05:00,07:05:00,1,1,,0,0,,1
36,07:07:00,07:07:00,1072,2,,0,0,,1
36,07:08:00,07:08:00,1073,3,,0,0,,1
36,07:22:00,07:22:00,1074,4,,0,0,,1
36,07:24:00,07:24:00,1075,5,,0,0,,1
36,07:28:00,07:28:00,1076,6,,0,0,,1
36,07:30:00,07:30:00,1077,7,,0,0,,1
36,07:35:00,07:35:00,1078,8,,0,0,,1
36,07:40:00,07:40:00,1079,9,,0,0,,1
36,07:45:00,07:45:00,1080,10,,0,0,,1
36,07:50:00,07:50:00,1081,11,,0,0,,1
37,07:25:00,07:25:00,1,1,,0,0,,1
37,07:29:00,07:29:00,1073,2,,0,0,,1
37,07:40:00,07:40:00,1076,3,,0,0,,1
37,07:55:00,07:55:00,1079,4,,0,0,,1
37,07:57:00,07:57:00,1080,5,,0,0,,1
37,08:00:00,08:00:00,1082,6,,0,0,,1
37,08:03:00,08:03:00,1083,7,,0,0,,1
37,08:05:00,08:05:00,253,8,,0,0,,1
38,07:37:00,07:37:00,1084,1,,0,0,,1
38,07:43:00,07:43:00,1076,2,,0,0,,1
38,07:45:00,07:45:00,1077,3,,0,0,,1
38,07:47:00,07:47:00,1078,4,,0,0,,1
38,07:50:00,07:50:00,1079,5,,0,0,,1
38,07:52:00,07:52:00,1080,6,,0,0,,1
38,07:55:00,07:55:00,1081,7,,0,0,,1
39,07:40:00,07:40:00,1,1,,0,0,,1
39,07:42:00,07:42:00,1072,2,,0,0,,1
39,07:43:00,07:43:00,1073,3,,0,0,,1
39,07:45:00,07:45:00,1060,4,,0,0,,1
39,07:48:00,07:48:00,1074,5,,0,0,,1
39,07:50:00,07:50:00,1075,6,,0,0,,1
39,07:52:00,07:52:00,1076,7,,0,0,,1
39,07:55:00,07:55:00,1077,8,,0,0,,1
39,07:57:00,07:57:00,1078,9,,0,0,,1
39,08:00:00,08:00:00,1079,10,,0,0,,1
39,08:07:00,08:07:00,1080,11,,0,0,,1
39,08:10:00,08:10:00,1082,12,,0,0,,1
39,08:15:00,08:15:00,1083,13,,0,0,,1
39,08:20:00,08:20:00,253,14,,0,0,,1
40,07:43:00,07:43:00,1,1,,0,0,,1
40,07:45:00,07:45:00,1072,2,,0,0,,1
40,07:46:00,07:46:00,1073,3,,0,0,,1
40,07:48:00,07:48:00,1060,4,,0,0,,1
40,07:50:00,07:50:00,1084,5,,0,0,,1
40,07:55:00,07:55:00,1076,6,,0,0,,1
40,07:58:00,07:58:00,1077,7,,0,0,,1
40,08:00:00,08:00:00,1078,8,,0,0,,1
40,08:03:00,08:03:00,1079,9,,0,0,,1
40,08:10:00,08:10:00,1080,10,,0,0,,1
40,08:15:00,08:15:00,1081,11,,0,0,,1
41,07:43:00,07:43:00,1,1,,0,0,,1
41,07:47:00,07:47:00,1073,2,,0,0,,1
41,07:50:00,07:50:00,1074,3,,0,0,,1
41,08:00:00,08:00:00,1076,4,,0,0,,1
41,08:15:00,08:15:00,1079,5,,0,0,,1
41,08:17:00,08:17:00,1080,6,,0,0,,1
41,08:20:00,08:20:00,1082,7,,0,0,,1
41,08:23:00,08:23:00,1083,8,,0,0,,1
41,08:25:00,08:25:00,253,9,,0,0,,1
42,07:58:00,07:58:00,1084,1,,0,0,,1
42,08:02:00,08:02:00,1076,2,,0,0,,1
42,08:04:00,08:04:00,1077,3,,0,0,,1
42,08:10:00,08:10:00,1080,4,,0,0,,1
42,08:13:00,08:13:00,1082,5,,0,0,,1
42,08:18:00,08:18:00,1083,6,,0,0,,1
42,08:20:00,08:20:00,253,7,,0,0,,1
43,08:05:00,08:05:00,1,1,,0,0,,1
43,08:07:00,08:07:00,1072,2,,0,0,,1
43,08:08:00,08:08:00,1073,3,,0,0,,1
43,08:13:00,08:13:00,1074,4,,0,0,,1
43,08:15:00,08:15:00,1075,5,,0,0,,1
43,08:17:00,08:17:00,1076,6,,0,0,,1
43,08:20:00,08:20:00,1077,7,,0,0,,1
43,08:22:00,08:22:00,1078,8,,0,0,,1
43,08:25:00,08:25:00,1079,9,,0,0,,1
43,08:32:00,08:32:00,1080,10,,0,0,,1
43,08:35:00,08:35:00,1082,11,,0,0,,1
43,08:40:00,08:40:00,1083,12,,0,0,,1
43,08:45:00,08:45:00,253,13,,0,0,,1
44,08:15:00,08:15:00,1,1,,0,0,,1
44,08:17:00,08:17:00,1072,2,,0,0,,1
44,08:18:00,08:18:00,1073,3,,0,0,,1
44,08:25:00,08:25:00,1060,4,,0,0,,1
45,08:48:00,08:48:00,1084,1,,0,0,,1
45,08:52:00,08:52:00,1076,2,,0,0,,1
45,08:55:00,08:55:00,1077,3,,0,0,,1
45,08:57:00,08:57:00,1078,4,,0,0,,1
45,09:00:00,09:00:00,1079,5,,0,0,,1
45,09:05:00,09:05:00,1080,6,,0,0,,1
45,09:08:00,09:08:00,1082,7,,0,0,,1
45,09:13:00,09:13:00,1083,8,,0,0,,1
45,09:15:00,09:15:00,253,9,,0,0,,1
46,08:45:00,08:45:00,1,1,,0,0,,1
46,08:47:00,08:47:00,1072,2,,0,0,,1
46,08:48:00,08:48:00,1073,3,,0,0,,1
46,08:50:00,08:50:00,1060,4,,0,0,,1
47,08:55:00,08:55:00,1,1,,0,0,,1
47,08:57:00,08:57:00,1072,2,,0,0,,1
47,08:58:00,08:58:00,1073,3,,0,0,,1
47,09:03:00,09:03:00,1074,4,,0,0,,1
47,09:10:00,09:10:00,1075,5,,0,0,,1
47,09:15:00,09:15:00,1076,6,,0,0,,1
47,09:17:00,09:17:00,1077,7,,0,0,,1
47,09:22:00,09:22:00,1078,8,,0,0,,1
47,09:25:00,09:25:00,1079,9,,0,0,,1
47,09:30:00,09:30:00,1080,10,,0,0,,1
47,09:45:00,09:45:00,1081,11,,0,0,,1
48,09:12:00,09:12:00,1084,1,,0,0,,1
48,09:19:00,09:19:00,1076,2,,0,0,,1
48,09:22:00,09:22:00,1077,3,,0,0,,1
48,09:24:00,09:24:00,1078,4,,0,0,,1
48,09:27:00,09:27:00,1079,5,,0,0,,1
48,09:32:00,09:32:00,1080,6,,0,0,,1
48,09:35:00,09:35:00,1082,7,,0,0,,1
48,09:40:00,09:40:00,1083,8,,0,0,,1
48,09:42:00,09:42:00,253,9,,0,0,,1
49,09:13:00,09:13:00,1073,1,,0,0,,1
49,09:15:00,09:15:00,1060,2,,0,0,,1
50,09:45:00,09:45:00,1,1,,0,0,,1
50,09:47:00,09:47:00,1072,2,,0,0,,1
50,09:48:00,09:48:00,1073,3,,0,0,,1
50,09:53:00,09:53:00,1074,4,,0,0,,1
50,10:00:00,10:00:00,1075,5,,0,0,,1
50,10:05:00,10:05:00,1076,6,,0,0,,1
50,10:07:00,10:07:00,1077,7,,0,0,,1
50,10:12:00,10:12:00,1078,8,,0,0,,1
50,10:15:00,10:15:00,1079,9,,0,0,,1
50,10:20:00,10:20:00,1080,10,,0,0,,1
50,10:25:00,10:25:00,1082,11,,0,0,,1
50,10:30:00,10:30:00,1083,12,,0,0,,1
50,10:35:00,10:35:00,253,13,,0,0,,1
51,10:35:00,10:35:00,1,1,,0,0,,1
51,10:37:00,10:37:00,1072,2,,0,0,,1
51,10:38:00,10:38:00,1073,3,,0,0,,1
51,10:43:00,10:43:00,1074,4,,0,0,,1
51,10:50:00,10:50:00,1075,5,,0,0,,1
51,10:55:00,10:55:00,1076,6,,0,0,,1
51,10:57:00,10:57:00,1077,7,,0,0,,1
51,11:02:00,11:02:00,1078,8,,0,0,,1
51,11:05:00,11:05:00,1079,9,,0,0,,1
51,11:10:00,11:10:00,1080,10,,0,0,,1
51,11:25:00,11:25:00,1081,11,,0,0,,1
52,11:05:00,11:05:00,1,1,,0,0,,1
52,11:07:00,11:07:00,1072,2,,0,0,,1
52,11:08:00,11:08:00,1073,3,,0,0,,1
52,11:10:00,11:10:00,1060,4,,0,0,,1
53,11:25:00,11:25:00,1,1,,0,0,,1
53,11:27:00,11:27:00,1072,2,,0,0,,1
53,11:28:00,11:28:00,1073,3,,0,0,,1
53,11:33:00,11:33:00,1074,4,,0,0,,1
53,11:40:00,11:40:00,1075,5,,0,0,,1
53,11:45:00,11:45:00,1076,6,,0,0,,1
53,11:47:00,11:47:00,1077,7,,0,0,,1
53,11:52:00,11:52:00,1078,8,,0,0,,1
53,11:55:00,11:55:00,1079,9,,0,0,,1
53,12:00:00,12:00:00,1080,10,,0,0,,1
53,12:05:00,12:05:00,1082,11,,0,0,,1
53,12:10:00,12:10:00,1083,12,,0,0,,1
53,12:15:00,12:15:00,253,13,,0,0,,1
54,12:15:00,12:15:00,1,1,,0,0,,1
54,12:17:00,12:17:00,1072,2,,0,0,,1
54,12:18:00,12:18:00,1073,3,,0,0,,1
54,12:23:00,12:23:00,1074,4,,0,0,,1
54,12:30:00,12:30:00,1075,5,,0,0,,1
54,12:35:00,12:35:00,1076,6,,0,0,,1
54,12:37:00,12:37:00,1077,7,,0,0,,1
54,12:42:00,12:42:00,1078,8,,0,0,,1
54,12:45:00,12:45:00,1079,9,,0,0,,1
54,12:50:00,12:50:00,1080,10,,0,0,,1
54,12:55:00,12:55:00,1082,11,,0,0,,1
54,13:00:00,13:00:00,1083,12,,0,0,,1
54,13:05:00,13:05:00,253,13,,0,0,,1
55,12:15:00,12:15:00,1,1,,0,0,,1
55,12:17:00,12:17:00,1072,2,,0,0,,1
55,12:18:00,12:18:00,1073,3,,0,0,,1
55,12:20:00,12:20:00,1060,4,,0,0,,1
56,12:32:00,12:32:00,1073,1,,0,0,,1
56,12:40:00,12:40:00,1074,2,,0,0,,1
56,12:42:00,12:42:00,1075,3,,0,0,,1
57,13:05:00,13:05:00,1,1,,0,0,,1
57,13:07:00,13:07:00,1072,2,,0,0,,1
57,13:08:00,13:08:00,1073,3,,0,0,,1
57,13:13:00,13:13:00,1074,4,,0,0,,1
57,13:20:00,13:20:00,1075,5,,0,0,,1
57,13:25:00,13:25:00,1076,6,,0,0,,1
57,13:27:00,13:27:00,1077,7,,0,0,,1
57,13:32:00,13:32:00,1078,8,,0,0,,1
57,13:35:00,13:35:00,1079,9,,0,0,,1
57,13:40:00,13:40:00,1080,10,,0,0,,1
57,13:45:00,13:45:00,1082,11,,0,0,,1
57,13:50:00,13:50:00,1083,12,,0,0,,1
57,13:55:00,13:55:00,253,13,,0,0,,1
58,13:45:00,13:45:00,1074,1,,0,0,,1
58,13:47:00,13:47:00,1075,2,,0,0,,1
58,13:50:00,13:50:00,1076,3,,0,0,,1
59,13:55:00,13:55:00,1,1,,0,0,,1
59,13:57:00,13:57:00,1072,2,,0,0,,1
59,13:58:00,13:58:00,1073,3,,0,0,,1
59,14:03:00,14:03:00,1074,4,,0,0,,1
59,14:10:00,14:10:00,1075,5,,0,0,,1
59,14:15:00,14:15:00,1076,6,,0,0,,1
59,14:17:00,14:17:00,1077,7,,0,0,,1
59,14:22:00,14:22:00,1078,8,,0,0,,1
59,14:25:00,14:25:00,1079,9,,0,0,,1
59,14:30:00,14:30:00,1080,10,,0,0,,1
59,14:35:00,14:35:00,1082,11,,0,0,,1
59,14:40:00,14:40:00,1083,12,,0,0,,1
59,14:45:00,14:45:00,253,13,,0,0,,1
60,14:45:00,14:45:00,1,1,,0,0,,1
60,14:47:00,14:47:00,1072,2,,0,0,,1
60,14:48:00,14:48:00,1073,3,,0,0,,1
60,14:53:00,14:53:00,1074,4,,0,0,,1
60,15:00:00,15:00:00,1075,5,,0,0,,1
60,15:05:00,15:05:00,1076,6,,0,0,,1
60,15:07:00,15:07:00,1077,7,,0,0,,1
60,15:12:00,15:12:00,1078,8,,0,0,,1
60,15:15:00,15:15:00,1079,9,,0,0,,1
60,15:20:00,15:20:00,1080,10,,0,0,,1
60,15:25:00,15:25:00,1082,11,,0,0,,1
60,15:30:00,15:30:00,1083,12,,0,0,,1
60,15:35:00,15:35:00,253,13,,0,0,,1
61,14:45:00,14:45:00,1,1,,0,0,,1
61,14:47:00,14:47:00,1072,2,,0,0,,1
61,14:48:00,14:48:00,1073,3,,0,0,,1
61,14:50:00,14:50:00,1060,4,,0,0,,1
62,15:35:00,15:35:00,1,1,,0,0,,1
62,15:37:00,15:37:00,1072,2,,0,0,,1
62,15:38:00,15:38:00,1073,3,,0,0,,1
62,15:43:00,15:43:00,1074,4,,0,0,,1
62,15:50:00,15:50:00,1075,5,,0,0,,1
62,15:55:00,15:55:00,1076,6,,0,0,,1
62,15:57:00,15:57:00,1077,7,,0,0,,1
62,16:02:00,16:02:00,1078,8,,0,0,,1
62,16:05:00,16:05:00,1079,9,,0,0,,1
62,16:10:00,16:10:00,1080,10,,0,0,,1
62,16:15:00,16:15:00,1082,11,,0,0,,1
62,16:20:00,16:20:00,1083,12,,0,0,,1
62,16:25:00,16:25:00,253,13,,0,0,,1
63,15:20:00,15:20:00,1,1,,0,0,,1
63,15:22:00,15:22:00,1072,2,,0,0,,1
63,15:23:00,15:23:00,1073,3,,0,0,,1
63,15:25:00,15:25:00,1060,4,,0,0,,1
64,16:25:00,16:25:00,1,1,,0,0,,1
64,16:27:00,16:27:00,1072,2,,0,0,,1
64,16:28:00,16:28:00,1073,3,,0,0,,1
64,16:33:00,16:33:00,1074,4,,0,0,,1
64,16:40:00,16:40:00,1075,5,,0,0,,1
64,16:45:00,16:45:00,1076,6,,0,0,,1
64,16:47:00,16:47:00,1077,7,,0,0,,1
64,16:52:00,16:52:00,1078,8,,0,0,,1
64,16:55:00,16:55:00,1079,9,,0,0,,1
64,17:00:00,17:00:00,1080,10,,0,0,,1
64,17:05:00,17:05:00,1082,11,,0,0,,1
64,17:10:00,17:10:00,1083,12,,0,0,,1
64,17:15:00,17:15:00,253,13,,0,0,,1
65,17:15:00,17:15:00,1,1,,0,0,,1
65,17:17:00,17:17:00,1072,2,,0,0,,1
65,17:18:00,17:18:00,1073,3,,0,0,,1
65,17:23:00,17:23:00,1074,4,,0,0,,1
65,17:30:00,17:30:00,1075,5,,0,0,,1
65,17:35:00,17:35:00,1076,6,,0,0,,1
65,17:37:00,17:37:00,1077,7,,0,0,,1
65,17:42:00,17:42:00,1078,8,,0,0,,1
65,17:45:00,17:45:00,1079,9,,0,0,,1
65,17:50:00,17:50:00,1080,10,,0,0,,1
65,17:55:00,17:55:00,1082,11,,0,0,,1
65,18:00:00,18:00:00,1083,12,,0,0,,1
65,18:05:00,18:05:00,253,13,,0,0,,1
66,18:05:00,18:05:00,1,1,,0,0,,1
66,18:07:00,18:07:00,1072,2,,0,0,,1
66,18:08:00,18:08:00,1073,3,,0,0,,1
66,18:13:00,18:13:00,1074,4,,0,0,,1
66,18:20:00,18:20:00,1075,5,,0,0,,1
66,18:25:00,18:25:00,1076,6,,0,0,,1
66,18:27:00,18:27:00,1077,7,,0,0,,1
66,18:32:00,18:32:00,1078,8,,0,0,,1
66,18:35:00,18:35:00,1079,9,,0,0,,1
66,18:40:00,18:40:00,1080,10,,0,0,,1
66,18:45:00,18:45:00,1082,11,,0,0,,1
66,18:50:00,18:50:00,1083,12,,0,0,,1
66,18:55:00,18:55:00,253,13,,0,0,,1
67,18:15:00,18:15:00,1,1,,0,0,,1
67,18:17:00,18:17:00,1072,2,,0,0,,1
67,18:18:00,18:18:00,1073,3,,0,0,,1
67,18:20:00,18:20:00,1060,4,,0,0,,1
68,18:55:00,18:55:00,1,1,,0,0,,1
68,18:57:00,18:57:00,1072,2,,0,0,,1
68,18:58:00,18:58:00,1073,3,,0,0,,1
68,19:03:00,19:03:00,1074,4,,0,0,,1
68,19:10:00,19:10:00,1075,5,,0,0,,1
68,19:15:00,19:15:00,1076,6,,0,0,,1
68,19:17:00,19:17:00,1077,7,,0,0,,1
68,19:22:00,19:22:00,1078,8,,0,0,,1
68,19:25:00,19:25:00,1079,9,,0,0,,1
68,19:30:00,19:30:00,1080,10,,0,0,,1
68,19:35:00,19:35:00,1082,11,,0,0,,1
68,19:40:00,19:40:00,1083,12,,0,0,,1
68,19:45:00,19:45:00,253,13,,0,0,,1
69,19:45:00,19:45:00,1,1,,0,0,,1
69,19:47:00,19:47:00,1072,2,,0,0,,1
69,19:48:00,19:48:00,1073,3,,0,0,,1
69,19:53:00,19:53:00,1074,4,,0,0,,1
69,20:00:00,20:00:00,1075,5,,0,0,,1
69,20:05:00,20:05:00,1076,6,,0,0,,1
69,20:07:00,20:07:00,1077,7,,0,0,,1
69,20:12:00,20:12:00,1078,8,,0,0,,1
69,20:15:00,20:15:00,1079,9,,0,0,,1
69,20:20:00,20:20:00,1080,10,,0,0,,1
69,20:25:00,20:25:00,1082,11,,0,0,,1
69,20:30:00,20:30:00,1083,12,,0,0,,1
69,20:35:00,20:35:00,253,13,,0,0,,1
70,19:50:00,19:50:00,1,1,,0,0,,1
70,19:52:00,19:52:00,1072,2,,0,0,,1
70,19:53:00,19:53:00,1073,3,,0,0,,1
70,19:55:00,19:55:00,1060,4,,0,0,,1
71,20:20:00,20:20:00,1,1,,0,0,,1
71,20:22:00,20:22:00,1072,2,,0,0,,1
71,20:23:00,20:23:00,1073,3,,0,0,,1
71,20:28:00,20:28:00,1074,4,,0,0,,1
71,20:35:00,20:35:00,1075,5,,0,0,,1
71,20:40:00,20:40:00,1076,6,,0,0,,1
71,20:42:00,20:42:00,1077,7,,0,0,,1
71,20:47:00,20:47:00,1078,8,,0,0,,1
71,20:50:00,20:50:00,1079,9,,0,0,,1
71,20:53:00,20:53:00,1080,10,,0,0,,1
71,20:55:00,20:55:00,1082,11,,0,0,,1
72,06:30:00,06:30:00,1,1,,0,0,,1
73,07:00:00,07:00:00,253,1,,0,0,,1
73,07:00:00,07:00:00,1081,2,,0,0,,1
73,07:02:00,07:02:00,1085,3,,0,0,,1
73,07:03:00,07:03:00,1079,4,,0,0,,1
73,07:05:00,07:05:00,1078,5,,0,0,,1
73,07:10:00,07:10:00,1086,6,,0,0,,1
73,07:12:00,07:12:00,1076,7,,0,0,,1
73,07:15:00,07:15:00,1087,8,,0,0,,1
73,07:20:00,07:20:00,1061,9,,0,0,,1
73,07:28:00,07:28:00,1075,10,,0,0,,1
73,07:32:00,07:32:00,1074,11,,0,0,,1
73,07:40:00,07:40:00,1073,12,,0,0,,1
73,07:42:00,07:42:00,1072,13,,0,0,,1
73,07:45:00,07:45:00,1,14,,0,0,,1
74,07:15:00,07:15:00,253,1,,0,0,,1
74,07:15:00,07:15:00,1081,2,,0,0,,1
74,07:17:00,07:17:00,1085,3,,0,0,,1
74,07:18:00,07:18:00,1079,4,,0,0,,1
74,07:20:00,07:20:00,1078,5,,0,0,,1
74,07:25:00,07:25:00,1086,6,,0,0,,1
74,07:27:00,07:27:00,1076,7,,0,0,,1
74,07:30:00,07:30:00,1087,8,,0,0,,1
74,07:35:00,07:35:00,1061,9,,0,0,,1
74,07:43:00,07:43:00,1075,10,,0,0,,1
74,07:47:00,07:47:00,1074,11,,0,0,,1
74,07:55:00,07:55:00,1073,12,,0,0,,1
74,07:57:00,07:57:00,1072,13,,0,0,,1
74,08:00:00,08:00:00,1,14,,0,0,,1
75,07:40:00,07:40:00,253,1,,0,0,,1
75,07:40:00,07:40:00,1081,2,,0,0,,1
75,07:42:00,07:42:00,1085,3,,0,0,,1
75,07:43:00,07:43:00,1079,4,,0,0,,1
75,07:45:00,07:45:00,1078,5,,0,0,,1
75,07:50:00,07:50:00,1086,6,,0,0,,1
75,07:52:00,07:52:00,1076,7,,0,0,,1
75,07:55:00,07:55:00,1087,8,,0,0,,1
75,08:00:00,08:00:00,1061,9,,0,0,,1
75,08:08:00,08:08:00,1075,10,,0,0,,1
75,08:12:00,08:12:00,1074,11,,0,0,,1
75,08:20:00,08:20:00,1073,12,,0,0,,1
75,08:22:00,08:22:00,1072,13,,0,0,,1
75,08:25:00,08:25:00,1,14,,0,0,,1
76,08:25:00,08:25:00,253,1,,0,0,,1
76,08:27:00,08:27:00,1083,2,,0,0,,1
76,08:29:00,08:29:00,1082,3,,0,0,,1
76,08:30:00,08:30:00,1085,4,,0,0,,1
76,08:33:00,08:33:00,1079,5,,0,0,,1
76,08:35:00,08:35:00,1078,6,,0,0,,1
76,08:38:00,08:38:00,1086,7,,0,0,,1
76,08:42:00,08:42:00,1076,8,,0,0,,1
76,08:45:00,08:45:00,1087,9,,0,0,,1
76,08:48:00,08:48:00,1061,10,,0,0,,1
76,08:53:00,08:53:00,1075,11,,0,0,,1
76,08:57:00,08:57:00,1074,12,,0,0,,1
76,09:05:00,09:05:00,1073,13,,0,0,,1
76,09:07:00,09:07:00,1072,14,,0,0,,1
76,09:15:00,09:15:00,1,15,,0,0,,1
77,08:52:00,08:52:00,1060,1,,0,0,,1
77,08:57:00,08:57:00,1073,2,,0,0,,1
77,08:59:00,08:59:00,1072,3,,0,0,,1
77,09:15:00,09:15:00,1,4,,0,0,,1
78,09:12:00,09:12:00,1060,1,,0,0,,1
78,09:17:00,09:17:00,1073,2,,0,0,,1
78,09:19:00,09:19:00,1072,3,,0,0,,1
78,09:35:00,09:35:00,1,4,,0,0,,1
79,08:55:00,08:55:00,253,1,,0,0,,1
79,08:57:00,08:57:00,1083,2,,0,0,,1
79,08:59:00,08:59:00,1082,3,,0,0,,1
79,09:00:00,09:00:00,1085,4,,0,0,,1
79,09:03:00,09:03:00,1079,5,,0,0,,1
79,09:05:00,09:05:00,1078,6,,0,0,,1
79,09:08:00,09:08:00,1086,7,,0,0,,1
79,09:12:00,09:12:00,1076,8,,0,0,,1
79,09:15:00,09:15:00,1087,9,,0,0,,1
79,09:18:00,09:18:00,1061,10,,0,0,,1
79,09:23:00,09:23:00,1075,11,,0,0,,1
79,09:27:00,09:27:00,1074,12,,0,0,,1
79,09:35:00,09:35:00,1073,13,,0,0,,1
79,09:37:00,09:37:00,1072,14,,0,0,,1
79,09:45:00,09:45:00,1,15,,0,0,,1
80,09:52:00,09:52:00,1060,1,,0,0,,1
80,09:57:00,09:57:00,1073,2,,0,0,,1
80,09:59:00,09:59:00,1072,3,,0,0,,1
80,10:15:00,10:15:00,1,4,,0,0,,1
81,09:45:00,09:45:00,1081,1,,0,0,,1
81,09:50:00,09:50:00,1085,2,,0,0,,1
81,09:53:00,09:53:00,1079,3,,0,0,,1
81,09:55:00,09:55:00,1078,4,,0,0,,1
81,09:58:00,09:58:00,1086,5,,0,0,,1
81,10:02:00,10:02:00,1076,6,,0,0,,1
81,10:05:00,10:05:00,1087,7,,0,0,,1
81,10:08:00,10:08:00,1061,8,,0,0,,1
81,10:13:00,10:13:00,1075,9,,0,0,,1
81,10:17:00,10:17:00,1074,10,,0,0,,1
81,10:25:00,10:25:00,1073,11,,0,0,,1
81,10:27:00,10:27:00,1072,12,,0,0,,1
81,10:35:00,10:35:00,1,13,,0,0,,1
82,10:35:00,10:35:00,253,1,,0,0,,1
82,10:37:00,10:37:00,1083,2,,0,0,,1
82,10:39:00,10:39:00,1082,3,,0,0,,1
82,10:40:00,10:40:00,1085,4,,0,0,,1
82,10:43:00,10:43:00,1079,5,,0,0,,1
82,10:45:00,10:45:00,1078,6,,0,0,,1
82,10:48:00,10:48:00,1086,7,,0,0,,1
82,10:52:00,10:52:00,1076,8,,0,0,,1
82,10:55:00,10:55:00,1087,9,,0,0,,1
82,10:58:00,10:58:00,1061,10,,0,0,,1
82,11:03:00,11:03:00,1075,11,,0,0,,1
82,11:07:00,11:07:00,1074,12,,0,0,,1
82,11:15:00,11:15:00,1073,13,,0,0,,1
82,11:17:00,11:17:00,1072,14,,0,0,,1
82,11:25:00,11:25:00,1,15,,0,0,,1
83,11:25:00,11:25:00,1081,1,,0,0,,1
83,11:30:00,11:30:00,1085,2,,0,0,,1
83,11:33:00,11:33:00,1079,3,,0,0,,1
83,11:35:00,11:35:00,1078,4,,0,0,,1
83,11:38:00,11:38:00,1086,5,,0,0,,1
83,11:42:00,11:42:00,1076,6,,0,0,,1
83,11:45:00,11:45:00,1087,7,,0,0,,1
83,11:48:00,11:48:00,1061,8,,0,0,,1
83,11:53:00,11:53:00,1075,9,,0,0,,1
83,11:57:00,11:57:00,1074,10,,0,0,,1
83,12:05:00,12:05:00,1073,11,,0,0,,1
83,12:07:00,12:07:00,1072,12,,0,0,,1
83,12:15:00,12:15:00,1,13,,0,0,,1
84,11:34:00,11:34:00,1060,1,,0,0,,1
84,11:40:00,11:40:00,1073,2,,0,0,,1
84,11:42:00,11:42:00,1072,3,,0,0,,1
84,11:55:00,11:55:00,1,4,,0,0,,1
85,12:17:00,12:17:00,1086,1,,0,0,,1
85,12:18:00,12:18:00,1076,2,,0,0,,1
85,12:20:00,12:20:00,1087,3,,0,0,,1
85,12:23:00,12:23:00,1061,4,,0,0,,1
85,12:30:00,12:30:00,1060,5,,0,0,,1
85,12:35:00,12:35:00,1073,6,,0,0,,1
85,12:37:00,12:37:00,1072,7,,0,0,,1
85,12:40:00,12:40:00,1,8,,0,0,,1
86,12:17:00,12:17:00,1086,1,,0,0,,1
86,12:18:00,12:18:00,1076,2,,0,0,,1
86,12:20:00,12:20:00,1087,3,,0,0,,1
86,12:23:00,12:23:00,1061,4,,0,0,,1
86,12:30:00,12:30:00,1060,5,,0,0,,1
86,12:35:00,12:35:00,1073,6,,0,0,,1
86,12:37:00,12:37:00,1072,7,,0,0,,1
86,12:40:00,12:40:00,1,8,,0,0,,1
87,12:15:00,12:15:00,253,1,,0,0,,1
87,12:17:00,12:17:00,1083,2,,0,0,,1
87,12:19:00,12:19:00,1082,3,,0,0,,1
87,12:20:00,12:20:00,1085,4,,0,0,,1
87,12:23:00,12:23:00,1079,5,,0,0,,1
87,12:25:00,12:25:00,1078,6,,0,0,,1
87,12:28:00,12:28:00,1086,7,,0,0,,1
87,12:32:00,12:32:00,1076,8,,0,0,,1
87,12:35:00,12:35:00,1087,9,,0,0,,1
87,12:38:00,12:38:00,1061,10,,0,0,,1
87,12:43:00,12:43:00,1075,11,,0,0,,1
87,12:47:00,12:47:00,1074,12,,0,0,,1
87,12:55:00,12:55:00,1073,13,,0,0,,1
87,12:57:00,12:57:00,1072,14,,0,0,,1
87,13:05:00,13:05:00,1,15,,0,0,,1
88,13:20:00,13:20:00,1076,1,,0,0,,1
88,13:23:00,13:23:00,1087,2,,0,0,,1
88,13:25:00,13:25:00,1061,3,,0,0,,1
88,13:27:00,13:27:00,1075,4,,0,0,,1
88,13:35:00,13:35:00,1074,5,,0,0,,1
88,13:45:00,13:45:00,1,6,,0,0,,1
89,13:05:00,13:05:00,253,1,,0,0,,1
89,13:07:00,13:07:00,1083,2,,0,0,,1
89,13:09:00,13:09:00,1082,3,,0,0,,1
89,13:10:00,13:10:00,1085,4,,0,0,,1
89,13:13:00,13:13:00,1079,5,,0,0,,1
89,13:15:00,13:15:00,1078,6,,0,0,,1
89,13:18:00,13:18:00,1086,7,,0,0,,1
89,13:22:00,13:22:00,1076,8,,0,0,,1
89,13:25:00,13:25:00,1087,9,,0,0,,1
89,13:28:00,13:28:00,1061,10,,0,0,,1
89,13:33:00,13:33:00,1075,11,,0,0,,1
89,13:37:00,13:37:00,1074,12,,0,0,,1
89,13:45:00,13:45:00,1073,13,,0,0,,1
89,13:47:00,13:47:00,1072,14,,0,0,,1
89,13:55:00,13:55:00,1,15,,0,0,,1
90,13:16:00,13:16:00,1086,1,,0,0,,1
90,13:18:00,13:18:00,1076,2,,0,0,,1
90,13:21:00,13:21:00,1087,3,,0,0,,1
90,13:24:00,13:24:00,1061,4,,0,0,,1
90,13:30:00,13:30:00,1060,5,,0,0,,1
90,13:35:00,13:35:00,1073,6,,0,0,,1
90,13:37:00,13:37:00,1072,7,,0,0,,1
90,13:40:00,13:40:00,1,8,,0,0,,1
91,13:16:00,13:16:00,1086,1,,0,0,,1
91,13:18:00,13:18:00,1076,2,,0,0,,1
91,13:21:00,13:21:00,1087,3,,0,0,,1
91,13:24:00,13:24:00,1061,4,,0,0,,1
91,13:30:00,13:30:00,1060,5,,0,0,,1
91,13:35:00,13:35:00,1073,6,,0,0,,1
91,13:37:00,13:37:00,1072,7,,0,0,,1
91,13:40:00,13:40:00,1,8,,0,0,,1
92,13:15:00,13:15:00,1086,1,,0,0,,1
92,13:17:00,13:17:00,1076,2,,0,0,,1
92,13:20:00,13:20:00,1087,3,,0,0,,1
92,13:23:00,13:23:00,1061,4,,0,0,,1
92,13:29:00,13:29:00,1060,5,,0,0,,1
92,13:34:00,13:34:00,1073,6,,0,0,,1
92,13:36:00,13:36:00,1072,7,,0,0,,1
92,13:40:00,13:40:00,1,8,,0,0,,1
93,13:55:00,13:55:00,253,1,,0,0,,1
93,13:57:00,13:57:00,1083,2,,0,0,,1
93,13:59:00,13:59:00,1082,3,,0,0,,1
93,14:00:00,14:00:00,1085,4,,0,0,,1
93,14:03:00,14:03:00,1079,5,,0,0,,1
93,14:05:00,14:05:00,1078,6,,0,0,,1
93,14:08:00,14:08:00,1086,7,,0,0,,1
93,14:12:00,14:12:00,1076,8,,0,0,,1
93,14:15:00,14:15:00,1087,9,,0,0,,1
93,14:18:00,14:18:00,1061,10,,0,0,,1
93,14:23:00,14:23:00,1075,11,,0,0,,1
93,14:27:00,14:27:00,1074,12,,0,0,,1
93,14:35:00,14:35:00,1073,13,,0,0,,1
93,14:37:00,14:37:00,1072,14,,0,0,,1
93,14:45:00,14:45:00,1,15,,0,0,,1
94,14:45:00,14:45:00,253,1,,0,0,,1
94,14:47:00,14:47:00,1083,2,,0,0,,1
94,14:49:00,14:49:00,1082,3,,0,0,,1
94,14:50:00,14:50:00,1085,4,,0,0,,1
94,14:53:00,14:53:00,1079,5,,0,0,,1
94,14:55:00,14:55:00,1078,6,,0,0,,1
94,14:58:00,14:58:00,1086,7,,0,0,,1
94,15:02:00,15:02:00,1076,8,,0,0,,1
94,15:05:00,15:05:00,1087,9,,0,0,,1
94,15:08:00,15:08:00,1061,10,,0,0,,1
94,15:13:00,15:13:00,1075,11,,0,0,,1
94,15:17:00,15:17:00,1074,12,,0,0,,1
94,15:25:00,15:25:00,1073,13,,0,0,,1
94,15:27:00,15:27:00,1072,14,,0,0,,1
94,15:35:00,15:35:00,1,15,,0,0,,1
95,15:07:00,15:07:00,1060,1,,0,0,,1
95,15:15:00,15:15:00,1073,2,,0,0,,1
95,15:17:00,15:17:00,1072,3,,0,0,,1
95,15:25:00,15:25:00,1,4,,0,0,,1
96,15:42:00,15:42:00,1060,1,,0,0,,1
96,15:50:00,15:50:00,1073,2,,0,0,,1
96,15:52:00,15:52:00,1072,3,,0,0,,1
96,16:00:00,16:00:00,1,4,,0,0,,1
97,15:35:00,15:35:00,253,1,,0,0,,1
97,15:37:00,15:37:00,1083,2,,0,0,,1
97,15:39:00,15:39:00,1082,3,,0,0,,1
97,15:40:00,15:40:00,1085,4,,0,0,,1
97,15:43:00,15:43:00,1079,5,,0,0,,1
97,15:45:00,15:45:00,1078,6,,0,0,,1
97,15:48:00,15:48:00,1086,7,,0,0,,1
97,15:52:00,15:52:00,1076,8,,0,0,,1
97,15:55:00,15:55:00,1087,9,,0,0,,1
97,15:58:00,15:58:00,1061,10,,0,0,,1
97,16:03:00,16:03:00,1075,11,,0,0,,1
97,16:07:00,16:07:00,1074,12,,0,0,,1
97,16:15:00,16:15:00,1073,13,,0,0,,1
97,16:17:00,16:17:00,1072,14,,0,0,,1
97,16:25:00,16:25:00,1,15,,0,0,,1
98,16:25:00,16:25:00,1081,1,,0,0,,1
98,16:30:00,16:30:00,1085,2,,0,0,,1
98,16:33:00,16:33:00,1079,3,,0,0,,1
98,16:35:00,16:35:00,1078,4,,0,0,,1
98,16:38:00,16:38:00,1086,5,,0,0,,1
98,16:42:00,16:42:00,1076,6,,0,0,,1
98,16:45:00,16:45:00,1087,7,,0,0,,1
98,16:48:00,16:48:00,1061,8,,0,0,,1
98,16:53:00,16:53:00,1075,9,,0,0,,1
98,16:57:00,16:57:00,1074,10,,0,0,,1
98,17:05:00,17:05:00,1073,11,,0,0,,1
98,17:07:00,17:07:00,1072,12,,0,0,,1
98,17:15:00,17:15:00,1,13,,0,0,,1
99,17:15:00,17:15:00,253,1,,0,0,,1
99,17:17:00,17:17:00,1083,2,,0,0,,1
99,17:19:00,17:19:00,1082,3,,0,0,,1
99,17:20:00,17:20:00,1085,4,,0,0,,1
99,17:23:00,17:23:00,1079,5,,0,0,,1
99,17:25:00,17:25:00,1078,6,,0,0,,1
99,17:28:00,17:28:00,1086,7,,0,0,,1
99,17:32:00,17:32:00,1076,8,,0,0,,1
99,17:35:00,17:35:00,1087,9,,0,0,,1
99,17:38:00,17:38:00,1061,10,,0,0,,1
99,17:43:00,17:43:00,1075,11,,0,0,,1
99,17:47:00,17:47:00,1074,12,,0,0,,1
99,17:55:00,17:55:00,1073,13,,0,0,,1
99,17:57:00,17:57:00,1072,14,,0,0,,1
99,18:05:00,18:05:00,1,15,,0,0,,1
100,18:05:00,18:05:00,253,1,,0,0,,1
100,18:07:00,18:07:00,1083,2,,0,0,,1
100,18:09:00,18:09:00,1082,3,,0,0,,1
100,18:10:00,18:10:00,1085,4,,0,0,,1
100,18:13:00,18:13:00,1079,5,,0,0,,1
100,18:15:00,18:15:00,1078,6,,0,0,,1
100,18:18:00,18:18:00,1086,7,,0,0,,1
100,18:22:00,18:22:00,1076,8,,0,0,,1
100,18:25:00,18:25:00,1087,9,,0,0,,1
100,18:28:00,18:28:00,1061,10,,0,0,,1
100,18:33:00,18:33:00,1075,11,,0,0,,1
100,18:37:00,18:37:00,1074,12,,0,0,,1
100,18:45:00,18:45:00,1073,13,,0,0,,1
100,18:47:00,18:47:00,1072,14,,0,0,,1
100,18:55:00,18:55:00,1,15,,0,0,,1
101,18:55:00,18:55:00,253,1,,0,0,,1
101,18:57:00,18:57:00,1083,2,,0,0,,1
101,18:59:00,18:59:00,1082,3,,0,0,,1
101,19:00:00,19:00:00,1085,4,,0,0,,1
101,19:03:00,19:03:00,1079,5,,0,0,,1
101,19:05:00,19:05:00,1078,6,,0,0,,1
101,19:08:00,19:08:00,1086,7,,0,0,,1
101,19:12:00,19:12:00,1076,8,,0,0,,1
101,19:15:00,19:15:00,1087,9,,0,0,,1
101,19:18:00,19:18:00,1061,10,,0,0,,1
101,19:23:00,19:23:00,1075,11,,0,0,,1
101,19:27:00,19:27:00,1074,12,,0,0,,1
101,19:35:00,19:35:00,1073,13,,0,0,,1
101,19:37:00,19:37:00,1072,14,,0,0,,1
101,19:45:00,19:45:00,1,15,,0,0,,1
102,19:45:00,19:45:00,253,1,,0,0,,1
102,19:47:00,19:47:00,1083,2,,0,0,,1
102,19:49:00,19:49:00,1082,3,,0,0,,1
102,19:50:00,19:50:00,1085,4,,0,0,,1
102,19:53:00,19:53:00,1079,5,,0,0,,1
102,19:55:00,19:55:00,1078,6,,0,0,,1
102,19:58:00,19:58:00,1086,7,,0,0,,1
102,20:02:00,20:02:00,1076,8,,0,0,,1
102,20:05:00,20:05:00,1087,9,,0,0,,1
102,20:08:00,20:08:00,1061,10,,0,0,,1
102,20:13:00,20:13:00,1075,11,,0,0,,1
102,20:17:00,20:17:00,1074,12,,0,0,,1
102,20:25:00,20:25:00,1073,13,,0,0,,1
102,20:27:00,20:27:00,1072,14,,0,0,,1
102,20:35:00,20:35:00,1,15,,0,0,,1
103,20:20:00,20:20:00,253,1,,0,0,,1
103,20:22:00,20:22:00,1083,2,,0,0,,1
103,20:24:00,20:24:00,1082,3,,0,0,,1
103,20:25:00,20:25:00,1085,4,,0,0,,1
103,20:28:00,20:28:00,1079,5,,0,0,,1
103,20:30:00,20:30:00,1078,6,,0,0,,1
103,20:33:00,20:33:00,1086,7,,0,0,,1
103,20:37:00,20:37:00,1076,8,,0,0,,1
103,20:40:00,20:40:00,1087,9,,0,0,,1
103,20:43:00,20:43:00,1061,10,,0,0,,1
103,20:48:00,20:48:00,1075,11,,0,0,,1
103,20:52:00,20:52:00,1074,12,,0,0,,1
103,21:00:00,21:00:00,1073,13,,0,0,,1
103,21:02:00,21:02:00,1072,14,,0,0,,1
103,21:10:00,21:10:00,1,15,,0,0,,1
104,21:15:00,21:15:00,253,1,,0,0,,1
104,21:17:00,21:17:00,1083,2,,0,0,,1
104,21:19:00,21:19:00,1082,3,,0,0,,1
104,21:20:00,21:20:00,1085,4,,0,0,,1
104,21:23:00,21:23:00,1079,5,,0,0,,1
104,21:25:00,21:25:00,1078,6,,0,0,,1
104,21:28:00,21:28:00,1086,7,,0,0,,1
104,21:32:00,21:32:00,1076,8,,0,0,,1
104,21:35:00,21:35:00,1087,9,,0,0,,1
104,21:38:00,21:38:00,1061,10,,0,0,,1
104,21:43:00,21:43:00,1075,11,,0,0,,1
104,21:45:00,21:45:00,1074,12,,0,0,,1
104,21:50:00,21:50:00,1073,13,,0,0,,1
104,21:52:00,21:52:00,1072,14,,0,0,,1
104,22:00:00,22:00:00,1,15,,0,0,,1
105,21:22:00,21:22:00,1060,1,,0,0,,1
105,21:25:00,21:25:00,1073,2,,0,0,,1
105,21:27:00,21:27:00,1072,3,,0,0,,1
105,21:30:00,21:30:00,1,4,,0,0,,1
106,22:27:00,22:27:00,1060,1,,0,0,,1
106,22:30:00,22:30:00,1073,2,,0,0,,1
106,22:32:00,22:32:00,1072,3,,0,0,,1
106,22:35:00,22:35:00,1,4,,0,0,,1
107,05:51:00,05:51:00,1088,1,,0,0,,1
107,05:52:00,05:52:00,1089,2,,0,0,,1
107,05:53:00,05:53:00,1090,3,,0,0,,1
107,05:56:00,05:56:00,1091,4,,0,0,,1
107,06:00:00,06:00:00,1092,5,,0,0,,1
108,06:27:00,06:27:00,1088,1,,0,0,,1
108,06:28:00,06:28:00,1089,2,,0,0,,1
108,06:29:00,06:29:00,1090,3,,0,0,,1
108,06:32:00,06:32:00,1091,4,,0,0,,1
108,06:35:00,06:35:00,1092,5,,0,0,,1
109,06:45:00,06:45:00,1088,1,,0,0,,1
109,06:46:00,06:46:00,1089,2,,0,0,,1
109,06:47:00,06:47:00,1090,3,,0,0,,1
109,06:50:00,06:50:00,1091,4,,0,0,,1
109,06:55:00,06:55:00,1092,5,,0,0,,1
110,07:00:00,07:00:00,1088,1,,0,0,,1
110,07:05:00,07:05:00,1093,2,,0,0,,1
110,07:08:00,07:08:00,1089,3,,0,0,,1
110,07:09:00,07:09:00,1090,4,,0,0,,1
110,07:10:00,07:10:00,1094,5,,0,0,,1
110,07:20:00,07:20:00,1092,6,,0,0,,1
111,07:17:00,07:17:00,1088,1,,0,0,,1
111,07:18:00,07:18:00,1089,2,,0,0,,1
111,07:19:00,07:19:00,1090,3,,0,0,,1
111,07:22:00,07:22:00,1091,4,,0,0,,1
111,07:30:00,07:30:00,1092,5,,0,0,,1
112,06:55:00,06:55:00,1095,1,,0,0,,1
112,07:05:00,07:05:00,1096,2,,0,0,,1
112,07:08:00,07:08:00,1097,3,,0,0,,1
112,07:10:00,07:10:00,1098,4,,0,0,,1
112,07:12:00,07:12:00,1099,5,,0,0,,1
112,07:17:00,07:17:00,1100,6,,0,0,,1
112,07:27:00,07:27:00,1088,7,,0,0,,1
112,07:30:00,07:30:00,1089,8,,0,0,,1
112,07:31:00,07:31:00,1090,9,,0,0,,1
112,07:34:00,07:34:00,1091,10,,0,0,,1
112,07:40:00,07:40:00,1092,11,,0,0,,1
113,07:52:00,07:52:00,1096,1,,0,0,,1
113,08:00:00,08:00:00,1099,2,,0,0,,1
113,08:05:00,08:05:00,1100,3,,0,0,,1
113,07:25:00,07:25:00,1101,4,,0,0,,1
113,07:45:00,07:45:00,1092,5,,0,0,,1
114,07:47:00,07:47:00,1095,1,,0,0,,1
114,07:50:00,07:50:00,1102,2,,0,0,,1
114,07:55:00,07:55:00,1098,3,,0,0,,1
114,07:56:00,07:56:00,1099,4,,0,0,,1
114,07:59:00,07:59:00,1100,5,,0,0,,1
114,08:10:00,08:10:00,1103,6,,0,0,,1
114,08:20:00,08:20:00,1104,7,,0,0,,1
114,07:55:00,07:55:00,1101,8,,0,0,,1
114,08:15:00,08:15:00,1092,9,,0,0,,1
115,07:50:00,07:50:00,1095,1,,0,0,,1
115,08:00:00,08:00:00,1096,2,,0,0,,1
115,08:03:00,08:03:00,1097,3,,0,0,,1
115,08:05:00,08:05:00,1098,4,,0,0,,1
115,08:08:00,08:08:00,1099,5,,0,0,,1
115,08:15:00,08:15:00,1100,6,,0,0,,1
116,08:00:00,08:00:00,1095,1,,0,0,,1
116,08:03:00,08:03:00,1102,2,,0,0,,1
116,08:07:00,08:07:00,1096,3,,0,0,,1
116,08:12:00,08:12:00,1097,4,,0,0,,1
116,08:15:00,08:15:00,1098,5,,0,0,,1
116,08:17:00,08:17:00,1099,6,,0,0,,1
116,08:21:00,08:21:00,1100,7,,0,0,,1
116,08:25:00,08:25:00,1103,8,,0,0,,1
116,08:35:00,08:35:00,1104,9,,0,0,,1
116,08:35:00,08:35:00,1105,10,,0,0,,1
116,08:37:00,08:37:00,1106,11,,0,0,,1
116,08:40:00,08:40:00,1088,12,,0,0,,1
116,08:42:00,08:42:00,1093,13,,0,0,,1
116,08:45:00,08:45:00,1089,14,,0,0,,1
116,08:46:00,08:46:00,1090,15,,0,0,,1
116,08:47:00,08:47:00,1094,16,,0,0,,1
116,08:55:00,08:55:00,1101,17,,0,0,,1
116,09:00:00,09:00:00,1091,18,,0,0,,1
116,09:10:00,09:10:00,1092,19,,0,0,,1
117,08:37:00,08:37:00,1095,1,,0,0,,1
117,08:40:00,08:40:00,1102,2,,0,0,,1
117,08:44:00,08:44:00,1096,3,,0,0,,1
117,08:49:00,08:49:00,1097,4,,0,0,,1
117,08:52:00,08:52:00,1098,5,,0,0,,1
117,08:54:00,08:54:00,1099,6,,0,0,,1
117,08:58:00,08:58:00,1100,7,,0,0,,1
117,09:02:00,09:02:00,1103,8,,0,0,,1
117,09:10:00,09:10:00,1104,9,,0,0,,1
118,09:00:00,09:00:00,1095,1,,0,0,,1
118,09:03:00,09:03:00,1102,2,,0,0,,1
118,09:07:00,09:07:00,1096,3,,0,0,,1
118,09:12:00,09:12:00,1097,4,,0,0,,1
118,09:15:00,09:15:00,1098,5,,0,0,,1
118,09:17:00,09:17:00,1099,6,,0,0,,1
118,09:21:00,09:21:00,1100,7,,0,0,,1
118,09:25:00,09:25:00,1103,8,,0,0,,1
118,09:35:00,09:35:00,1104,9,,0,0,,1
118,09:35:00,09:35:00,1105,10,,0,0,,1
118,09:37:00,09:37:00,1106,11,,0,0,,1
118,09:40:00,09:40:00,1088,12,,0,0,,1
118,09:42:00,09:42:00,1093,13,,0,0,,1
118,09:45:00,09:45:00,1089,14,,0,0,,1
118,09:46:00,09:46:00,1090,15,,0,0,,1
118,09:47:00,09:47:00,1094,16,,0,0,,1
118,09:55:00,09:55:00,1101,17,,0,0,,1
118,10:00:00,10:00:00,1091,18,,0,0,,1
118,10:10:00,10:10:00,1092,19,,0,0,,1
119,10:00:00,10:00:00,1095,1,,0,0,,1
119,10:03:00,10:03:00,1102,2,,0,0,,1
119,10:07:00,10:07:00,1096,3,,0,0,,1
119,10:12:00,10:12:00,1097,4,,0,0,,1
119,10:15:00,10:15:00,1098,5,,0,0,,1
119,10:17:00,10:17:00,1099,6,,0,0,,1
119,10:21:00,10:21:00,1100,7,,0,0,,1
119,10:25:00,10:25:00,1103,8,,0,0,,1
119,10:35:00,10:35:00,1104,9,,0,0,,1
119,10:35:00,10:35:00,1105,10,,0,0,,1
119,10:37:00,10:37:00,1106,11,,0,0,,1
119,10:40:00,10:40:00,1088,12,,0,0,,1
119,10:42:00,10:42:00,1093,13,,0,0,,1
119,10:45:00,10:45:00,1089,14,,0,0,,1
119,10:46:00,10:46:00,1090,15,,0,0,,1
119,10:47:00,10:47:00,1094,16,,0,0,,1
119,10:55:00,10:55:00,1101,17,,0,0,,1
119,11:00:00,11:00:00,1091,18,,0,0,,1
119,11:10:00,11:10:00,1092,19,,0,0,,1
120,11:00:00,11:00:00,1095,1,,0,0,,1
120,11:03:00,11:03:00,1102,2,,0,0,,1
120,11:07:00,11:07:00,1096,3,,0,0,,1
120,11:12:00,11:12:00,1097,4,,0,0,,1
120,11:15:00,11:15:00,1098,5,,0,0,,1
120,11:17:00,11:17:00,1099,6,,0,0,,1
120,11:21:00,11:21:00,1100,7,,0,0,,1
120,11:25:00,11:25:00,1103,8,,0,0,,1
120,11:35:00,11:35:00,1104,9,,0,0,,1
120,11:35:00,11:35:00,1105,10,,0,0,,1
120,11:37:00,11:37:00,1106,11,,0,0,,1
120,11:40:00,11:40:00,1088,12,,0,0,,1
120,11:42:00,11:42:00,1093,13,,0,0,,1
120,11:45:00,11:45:00,1089,14,,0,0,,1
120,11:46:00,11:46:00,1090,15,,0,0,,1
120,11:47:00,11:47:00,1094,16,,0,0,,1
120,11:55:00,11:55:00,1101,17,,0,0,,1
120,12:00:00,12:00:00,1091,18,,0,0,,1
120,12:10:00,12:10:00,1092,19,,0,0,,1
121,13:17:00,13:17:00,1101,1,,0,0,,1
121,13:30:00,13:30:00,1092,2,,0,0,,1
122,12:00:00,12:00:00,1095,1,,0,0,,1
122,12:03:00,12:03:00,1102,2,,0,0,,1
122,12:07:00,12:07:00,1096,3,,0,0,,1
122,12:12:00,12:12:00,1097,4,,0,0,,1
122,12:15:00,12:15:00,1098,5,,0,0,,1
122,12:17:00,12:17:00,1099,6,,0,0,,1
122,12:21:00,12:21:00,1100,7,,0,0,,1
122,12:25:00,12:25:00,1103,8,,0,0,,1
122,12:35:00,12:35:00,1104,9,,0,0,,1
122,12:35:00,12:35:00,1105,10,,0,0,,1
122,12:37:00,12:37:00,1106,11,,0,0,,1
122,12:40:00,12:40:00,1088,12,,0,0,,1
122,12:42:00,12:42:00,1093,13,,0,0,,1
122,12:45:00,12:45:00,1089,14,,0,0,,1
122,12:46:00,12:46:00,1090,15,,0,0,,1
122,12:47:00,12:47:00,1094,16,,0,0,,1
122,12:55:00,12:55:00,1101,17,,0,0,,1
122,13:00:00,13:00:00,1091,18,,0,0,,1
122,13:10:00,13:10:00,1092,19,,0,0,,1
123,13:00:00,13:00:00,1095,1,,0,0,,1
123,13:03:00,13:03:00,1102,2,,0,0,,1
123,13:07:00,13:07:00,1096,3,,0,0,,1
123,13:12:00,13:12:00,1097,4,,0,0,,1
123,13:15:00,13:15:00,1098,5,,0,0,,1
123,13:17:00,13:17:00,1099,6,,0,0,,1
123,13:21:00,13:21:00,1100,7,,0,0,,1
123,13:25:00,13:25:00,1103,8,,0,0,,1
123,13:35:00,13:35:00,1104,9,,0,0,,1
123,13:35:00,13:35:00,1105,10,,0,0,,1
123,13:37:00,13:37:00,1106,11,,0,0,,1
123,13:40:00,13:40:00,1088,12,,0,0,,1
123,13:42:00,13:42:00,1093,13,,0,0,,1
123,13:45:00,13:45:00,1089,14,,0,0,,1
123,13:46:00,13:46:00,1090,15,,0,0,,1
123,13:47:00,13:47:00,1094,16,,0,0,,1
123,13:55:00,13:55:00,1101,17,,0,0,,1
123,14:00:00,14:00:00,1091,18,,0,0,,1
123,14:10:00,14:10:00,1092,19,,0,0,,1
124,13:18:00,13:18:00,1097,1,,0,0,,1
124,13:23:00,13:23:00,1099,2,,0,0,,1
124,13:30:00,13:30:00,1100,3,,0,0,,1
124,14:03:00,14:03:00,1093,4,,0,0,,1
124,14:05:00,14:05:00,1089,5,,0,0,,1
124,14:07:00,14:07:00,1090,6,,0,0,,1
124,14:08:00,14:08:00,1094,7,,0,0,,1
124,14:10:00,14:10:00,1101,8,,0,0,,1
124,14:15:00,14:15:00,1092,9,,0,0,,1
125,13:50:00,13:50:00,1095,1,,0,0,,1
125,14:00:00,14:00:00,1096,2,,0,0,,1
125,14:03:00,14:03:00,1097,3,,0,0,,1
125,14:05:00,14:05:00,1098,4,,0,0,,1
125,14:08:00,14:08:00,1099,5,,0,0,,1
125,14:15:00,14:15:00,1100,6,,0,0,,1
125,13:37:00,13:37:00,1088,7,,0,0,,1
125,13:38:00,13:38:00,1089,8,,0,0,,1
125,13:39:00,13:39:00,1090,9,,0,0,,1
125,13:40:00,13:40:00,1101,10,,0,0,,1
125,13:42:00,13:42:00,1091,11,,0,0,,1
125,13:55:00,13:55:00,1092,12,,0,0,,1
126,14:00:00,14:00:00,1095,1,,0,0,,1
126,14:03:00,14:03:00,1102,2,,0,0,,1
126,14:07:00,14:07:00,1096,3,,0,0,,1
126,14:12:00,14:12:00,1097,4,,0,0,,1
126,14:15:00,14:15:00,1098,5,,0,0,,1
126,14:17:00,14:17:00,1099,6,,0,0,,1
126,14:21:00,14:21:00,1100,7,,0,0,,1
126,14:25:00,14:25:00,1103,8,,0,0,,1
126,14:35:00,14:35:00,1104,9,,0,0,,1
126,14:35:00,14:35:00,1105,10,,0,0,,1
126,14:37:00,14:37:00,1106,11,,0,0,,1
126,14:40:00,14:40:00,1088,12,,0,0,,1
126,14:42:00,14:42:00,1093,13,,0,0,,1
126,14:45:00,14:45:00,1089,14,,0,0,,1
126,14:46:00,14:46:00,1090,15,,0,0,,1
126,14:47:00,14:47:00,1094,16,,0,0,,1
126,14:55:00,14:55:00,1101,17,,0,0,,1
126,15:00:00,15:00:00,1091,18,,0,0,,1
126,15:10:00,15:10:00,1092,19,,0,0,,1
127,15:00:00,15:00:00,1095,1,,0,0,,1
127,15:03:00,15:03:00,1102,2,,0,0,,1
127,15:07:00,15:07:00,1096,3,,0,0,,1
127,15:12:00,15:12:00,1097,4,,0,0,,1
127,15:15:00,15:15:00,1098,5,,0,0,,1
127,15:17:00,15:17:00,1099,6,,0,0,,1
127,15:21:00,15:21:00,1100,7,,0,0,,1
127,15:25:00,15:25:00,1103,8,,0,0,,1
127,15:35:00,15:35:00,1104,9,,0,0,,1
127,15:35:00,15:35:00,1105,10,,0,0,,1
127,15:37:00,15:37:00,1106,11,,0,0,,1
127,15:40:00,15:40:00,1088,12,,0,0,,1
127,15:42:00,15:42:00,1093,13,,0,0,,1
127,15:45:00,15:45:00,1089,14,,0,0,,1
127,15:46:00,15:46:00,1090,15,,0,0,,1
127,15:47:00,15:47:00,1094,16,,0,0,,1
127,15:55:00,15:55:00,1101,17,,0,0,,1
127,16:00:00,16:00:00,1091,18,,0,0,,1
127,16:10:00,16:10:00,1092,19,,0,0,,1
128,15:45:00,15:45:00,1095,1,,0,0,,1
128,15:48:00,15:48:00,1102,2,,0,0,,1
128,15:52:00,15:52:00,1096,3,,0,0,,1
128,15:57:00,15:57:00,1097,4,,0,0,,1
128,16:00:00,16:00:00,1098,5,,0,0,,1
128,16:02:00,16:02:00,1099,6,,0,0,,1
128,16:06:00,16:06:00,1100,7,,0,0,,1
128,16:10:00,16:10:00,1103,8,,0,0,,1
128,16:20:00,16:20:00,1104,9,,0,0,,1
128,16:25:00,16:25:00,1105,10,,0,0,,1
128,16:30:00,16:30:00,1088,11,,0,0,,1
128,16:40:00,16:40:00,1101,12,,0,0,,1
128,16:45:00,16:45:00,1091,13,,0,0,,1
128,16:50:00,16:50:00,1092,14,,0,0,,1
129,17:00:00,17:00:00,1095,1,,0,0,,1
129,17:03:00,17:03:00,1102,2,,0,0,,1
129,17:07:00,17:07:00,1096,3,,0,0,,1
129,17:12:00,17:12:00,1097,4,,0,0,,1
129,17:15:00,17:15:00,1098,5,,0,0,,1
129,17:17:00,17:17:00,1099,6,,0,0,,1
129,17:21:00,17:21:00,1100,7,,0,0,,1
129,17:25:00,17:25:00,1103,8,,0,0,,1
129,17:35:00,17:35:00,1104,9,,0,0,,1
129,17:35:00,17:35:00,1105,10,,0,0,,1
129,17:37:00,17:37:00,1106,11,,0,0,,1
129,17:40:00,17:40:00,1088,12,,0,0,,1
129,17:42:00,17:42:00,1093,13,,0,0,,1
129,17:45:00,17:45:00,1089,14,,0,0,,1
129,17:46:00,17:46:00,1090,15,,0,0,,1
129,17:47:00,17:47:00,1094,16,,0,0,,1
129,17:55:00,17:55:00,1101,17,,0,0,,1
129,18:00:00,18:00:00,1091,18,,0,0,,1
129,18:10:00,18:10:00,1092,19,,0,0,,1
130,18:00:00,18:00:00,1095,1,,0,0,,1
130,18:03:00,18:03:00,1102,2,,0,0,,1
130,18:07:00,18:07:00,1096,3,,0,0,,1
130,18:12:00,18:12:00,1097,4,,0,0,,1
130,18:15:00,18:15:00,1098,5,,0,0,,1
130,18:17:00,18:17:00,1099,6,,0,0,,1
130,18:21:00,18:21:00,1100,7,,0,0,,1
130,18:25:00,18:25:00,1103,8,,0,0,,1
130,18:35:00,18:35:00,1104,9,,0,0,,1
130,18:35:00,18:35:00,1105,10,,0,0,,1
130,18:37:00,18:37:00,1106,11,,0,0,,1
130,18:40:00,18:40:00,1088,12,,0,0,,1
130,18:42:00,18:42:00,1093,13,,0,0,,1
130,18:45:00,18:45:00,1089,14,,0,0,,1
130,18:46:00,18:46:00,1090,15,,0,0,,1
130,18:47:00,18:47:00,1094,16,,0,0,,1
130,18:55:00,18:55:00,1101,17,,0,0,,1
130,19:00:00,19:00:00,1091,18,,0,0,,1
130,19:10:00,19:10:00,1092,19,,0,0,,1
131,19:00:00,19:00:00,1095,1,,0,0,,1
131,19:03:00,19:03:00,1102,2,,0,0,,1
131,19:07:00,19:07:00,1096,3,,0,0,,1
131,19:12:00,19:12:00,1097,4,,0,0,,1
131,19:15:00,19:15:00,1098,5,,0,0,,1
131,19:17:00,19:17:00,1099,6,,0,0,,1
131,19:21:00,19:21:00,1100,7,,0,0,,1
131,19:25:00,19:25:00,1103,8,,0,0,,1
131,19:35:00,19:35:00,1104,9,,0,0,,1
131,19:35:00,19:35:00,1105,10,,0,0,,1
131,19:37:00,19:37:00,1106,11,,0,0,,1
131,19:40:00,19:40:00,1088,12,,0,0,,1
131,19:42:00,19:42:00,1093,13,,0,0,,1
131,19:45:00,19:45:00,1089,14,,0,0,,1
131,19:46:00,19:46:00,1090,15,,0,0,,1
131,19:47:00,19:47:00,1094,16,,0,0,,1
131,19:55:00,19:55:00,1101,17,,0,0,,1
131,20:00:00,20:00:00,1091,18,,0,0,,1
131,20:10:00,20:10:00,1092,19,,0,0,,1
132,20:00:00,20:00:00,1095,1,,0,0,,1
132,20:03:00,20:03:00,1102,2,,0,0,,1
132,20:07:00,20:07:00,1096,3,,0,0,,1
132,20:12:00,20:12:00,1097,4,,0,0,,1
132,20:15:00,20:15:00,1098,5,,0,0,,1
132,20:17:00,20:17:00,1099,6,,0,0,,1
132,20:21:00,20:21:00,1100,7,,0,0,,1
132,20:25:00,20:25:00,1103,8,,0,0,,1
132,20:35:00,20:35:00,1104,9,,0,0,,1
132,20:50:00,20:50:00,1105,10,,0,0,,1
132,20:52:00,20:52:00,1106,11,,0,0,,1
132,20:55:00,20:55:00,1088,12,,0,0,,1
132,20:56:00,20:56:00,1089,13,,0,0,,1
132,21:01:00,21:01:00,1090,14,,0,0,,1
132,21:10:00,21:10:00,1092,15,,0,0,,1
133,21:10:00,21:10:00,1095,1,,0,0,,1
133,21:13:00,21:13:00,1102,2,,0,0,,1
133,21:17:00,21:17:00,1096,3,,0,0,,1
133,21:22:00,21:22:00,1097,4,,0,0,,1
133,21:25:00,21:25:00,1098,5,,0,0,,1
133,21:27:00,21:27:00,1099,6,,0,0,,1
133,21:31:00,21:31:00,1100,7,,0,0,,1
133,21:35:00,21:35:00,1103,8,,0,0,,1
133,21:40:00,21:40:00,1104,9,,0,0,,1
134,07:30:00,07:30:00,1107,1,,0,0,,1
134,07:32:00,07:32:00,1,2,,0,0,,1
134,07:34:00,07:34:00,1072,3,,0,0,,1
134,07:40:00,07:40:00,1060,4,,0,0,,1
134,07:50:00,07:50:00,1108,5,,0,0,,1
135,07:32:00,07:32:00,1060,1,,0,0,,1
135,07:42:00,07:42:00,1108,2,,0,0,,1
135,07:47:00,07:47:00,1080,3,,0,0,,1
135,07:49:00,07:49:00,1083,4,,0,0,,1
135,07:52:00,07:52:00,1109,5,,0,0,,1
135,07:55:00,07:55:00,253,6,,0,0,,1
136,08:05:00,08:05:00,1107,1,,0,0,,1
136,08:07:00,08:07:00,1,2,,0,0,,1
136,08:09:00,08:09:00,1072,3,,0,0,,1
136,08:15:00,08:15:00,1060,4,,0,0,,1
136,08:20:00,08:20:00,1108,5,,0,0,,1
136,08:25:00,08:25:00,1080,6,,0,0,,1
136,08:30:00,08:30:00,1109,7,,0,0,,1
136,08:32:00,08:32:00,253,8,,0,0,,1
137,08:25:00,08:25:00,1060,1,,0,0,,1
137,08:30:00,08:30:00,1108,2,,0,0,,1
137,08:35:00,08:35:00,1080,3,,0,0,,1
137,08:37:00,08:37:00,1083,4,,0,0,,1
137,08:45:00,08:45:00,1109,5,,0,0,,1
137,08:47:00,08:47:00,253,6,,0,0,,1
138,08:10:00,08:10:00,1107,1,,0,0,,1
138,08:12:00,08:12:00,1,2,,0,0,,1
138,08:14:00,08:14:00,1072,3,,0,0,,1
138,08:20:00,08:20:00,1060,4,,0,0,,1
138,08:30:00,08:30:00,1108,5,,0,0,,1
138,08:40:00,08:40:00,1080,6,,0,0,,1
138,08:45:00,08:45:00,1109,7,,0,0,,1
138,08:47:00,08:47:00,253,8,,0,0,,1
139,08:30:00,08:30:00,1107,1,,0,0,,1
139,08:32:00,08:32:00,1,2,,0,0,,1
139,08:34:00,08:34:00,1072,3,,0,0,,1
139,08:40:00,08:40:00,1060,4,,0,0,,1
139,08:50:00,08:50:00,1108,5,,0,0,,1
139,09:00:00,09:00:00,1080,6,,0,0,,1
139,09:05:00,09:05:00,1109,7,,0,0,,1
139,09:07:00,09:07:00,253,8,,0,0,,1
140,08:55:00,08:55:00,1060,1,,0,0,,1
140,09:00:00,09:00:00,1108,2,,0,0,,1
140,09:05:00,09:05:00,1080,3,,0,0,,1
140,09:10:00,09:10:00,1109,4,,0,0,,1
140,09:12:00,09:12:00,253,5,,0,0,,1
141,08:45:00,08:45:00,1107,1,,0,0,,1
141,08:47:00,08:47:00,1,2,,0,0,,1
141,08:49:00,08:49:00,1072,3,,0,0,,1
141,08:55:00,08:55:00,1060,4,,0,0,,1
141,09:05:00,09:05:00,1108,5,,0,0,,1
141,09:15:00,09:15:00,1080,6,,0,0,,1
141,09:20:00,09:20:00,1109,7,,0,0,,1
141,09:22:00,09:22:00,253,8,,0,0,,1
142,09:00:00,09:00:00,1107,1,,0,0,,1
142,09:02:00,09:02:00,1,2,,0,0,,1
142,09:04:00,09:04:00,1072,3,,0,0,,1
142,09:10:00,09:10:00,1060,4,,0,0,,1
142,09:20:00,09:20:00,1108,5,,0,0,,1
142,09:30:00,09:30:00,1080,6,,0,0,,1
142,09:35:00,09:35:00,1109,7,,0,0,,1
142,09:37:00,09:37:00,253,8,,0,0,,1
143,09:15:00,09:15:00,1107,1,,0,0,,1
143,09:17:00,09:17:00,1,2,,0,0,,1
143,09:19:00,09:19:00,1072,3,,0,0,,1
143,09:25:00,09:25:00,1060,4,,0,0,,1
143,09:35:00,09:35:00,1108,5,,0,0,,1
143,09:45:00,09:45:00,1080,6,,0,0,,1
143,09:50:00,09:50:00,1109,7,,0,0,,1
143,09:52:00,09:52:00,253,8,,0,0,,1
144,09:55:00,09:55:00,1060,1,,0,0,,1
144,10:00:00,10:00:00,1108,2,,0,0,,1
144,10:05:00,10:05:00,1080,3,,0,0,,1
144,10:07:00,10:07:00,1083,4,,0,0,,1
144,10:15:00,10:15:00,1109,5,,0,0,,1
144,10:17:00,10:17:00,253,6,,0,0,,1
145,10:10:00,10:10:00,1107,1,,0,0,,1
145,10:12:00,10:12:00,1,2,,0,0,,1
145,10:14:00,10:14:00,1072,3,,0,0,,1
145,10:20:00,10:20:00,1060,4,,0,0,,1
145,10:30:00,10:30:00,1108,5,,0,0,,1
145,10:40:00,10:40:00,1080,6,,0,0,,1
145,10:45:00,10:45:00,1109,7,,0,0,,1
145,10:47:00,10:47:00,253,8,,0,0,,1
146,11:35:00,11:35:00,1060,1,,0,0,,1
146,11:40:00,11:40:00,1108,2,,0,0,,1
146,11:45:00,11:45:00,1080,3,,0,0,,1
146,11:55:00,11:55:00,1109,4,,0,0,,1
146,11:57:00,11:57:00,253,5,,0,0,,1
147,12:50:00,12:50:00,253,1,,0,0,,1
147,12:53:00,12:53:00,1083,2,,0,0,,1
147,12:55:00,12:55:00,1080,3,,0,0,,1
147,13:00:00,13:00:00,1110,4,,0,0,,1
147,13:10:00,13:10:00,1111,5,,0,0,,1
147,13:20:00,13:20:00,1072,6,,0,0,,1
147,13:30:00,13:30:00,1107,7,,0,0,,1
148,13:28:00,13:28:00,1080,1,,0,0,,1
148,13:30:00,13:30:00,1110,2,,0,0,,1
148,13:33:00,13:33:00,1111,3,,0,0,,1
148,13:42:00,13:42:00,1072,4,,0,0,,1
148,13:50:00,13:50:00,1107,5,,0,0,,1
149,13:55:00,13:55:00,253,1,,0,0,,1
149,13:58:00,13:58:00,1083,2,,0,0,,1
149,14:00:00,14:00:00,1080,3,,0,0,,1
149,14:05:00,14:05:00,1110,4,,0,0,,1
149,14:15:00,14:15:00,1111,5,,0,0,,1
149,14:25:00,14:25:00,1072,6,,0,0,,1
149,14:35:00,14:35:00,1107,7,,0,0,,1
150,16:00:00,16:00:00,253,1,,0,0,,1
150,16:03:00,16:03:00,1083,2,,0,0,,1
150,16:05:00,16:05:00,1080,3,,0,0,,1
150,16:10:00,16:10:00,1110,4,,0,0,,1
150,16:20:00,16:20:00,1111,5,,0,0,,1
150,16:30:00,16:30:00,1072,6,,0,0,,1
150,16:40:00,16:40:00,1107,7,,0,0,,1
151,16:02:00,16:02:00,1080,1,,0,0,,1
151,16:07:00,16:07:00,1110,2,,0,0,,1
151,16:17:00,16:17:00,1111,3,,0,0,,1
151,16:27:00,16:27:00,1072,4,,0,0,,1
151,16:35:00,16:35:00,1107,5,,0,0,,1
152,17:00:00,17:00:00,253,1,,0,0,,1
152,17:03:00,17:03:00,1083,2,,0,0,,1
152,17:05:00,17:05:00,1080,3,,0,0,,1
152,17:10:00,17:10:00,1110,4,,0,0,,1
152,17:20:00,17:20:00,1111,5,,0,0,,1
152,17:30:00,17:30:00,1072,6,,0,0,,1
152,17:40:00,17:40:00,1107,7,,0,0,,1
153,17:25:00,17:25:00,1112,1,,0,0,,1
153,17:30:00,17:30:00,253,2,,0,0,,1
153,17:33:00,17:33:00,1083,3,,0,0,,1
153,17:35:00,17:35:00,1080,4,,0,0,,1
153,17:40:00,17:40:00,1110,5,,0,0,,1
153,17:50:00,17:50:00,1111,6,,0,0,,1
153,18:00:00,18:00:00,1072,7,,0,0,,1
153,18:10:00,18:10:00,1107,8,,0,0,,1
154,17:55:00,17:55:00,1112,1,,0,0,,1
154,18:00:00,18:00:00,253,2,,0,0,,1
154,18:03:00,18:03:00,1083,3,,0,0,,1
154,18:05:00,18:05:00,1080,4,,0,0,,1
154,18:10:00,18:10:00,1110,5,,0,0,,1
154,18:20:00,18:20:00,1111,6,,0,0,,1
154,18:30:00,18:30:00,1072,7,,0,0,,1
154,18:40:00,18:40:00,1107,8,,0,0,,1
155,18:15:00,18:15:00,1112,1,,0,0,,1
155,18:20:00,18:20:00,253,2,,0,0,,1
155,18:23:00,18:23:00,1083,3,,0,0,,1
155,18:25:00,18:25:00,1080,4,,0,0,,1
155,18:30:00,18:30:00,1110,5,,0,0,,1
155,18:40:00,18:40:00,1111,6,,0,0,,1
155,18:50:00,18:50:00,1072,7,,0,0,,1
155,19:00:00,19:00:00,1107,8,,0,0,,1
156,19:15:00,19:15:00,253,1,,0,0,,1
156,19:18:00,19:18:00,1083,2,,0,0,,1
156,19:20:00,19:20:00,1080,3,,0,0,,1
156,19:25:00,19:25:00,1110,4,,0,0,,1
156,19:35:00,19:35:00,1111,5,,0,0,,1
156,19:45:00,19:45:00,1072,6,,0,0,,1
156,19:55:00,19:55:00,1107,7,,0,0,,1
157,07:15:00,07:15:00,1,1,,0,0,,1
157,07:17:00,07:17:00,1113,2,,0,0,,1
157,07:20:00,07:20:00,53,3,,0,0,,1
157,07:22:00,07:22:00,1114,4,,0,0,,1
157,07:25:00,07:25:00,1115,5,,0,0,,1
157,07:27:00,07:27:00,1116,6,,0,0,,1
157,07:30:00,07:30:00,1117,7,,0,0,,1
157,07:33:00,07:33:00,1118,8,,0,0,,1
157,07:37:00,07:37:00,1119,9,,0,0,,1
157,07:40:00,07:40:00,1120,10,,0,0,,1
157,07:45:00,07:45:00,1121,11,,0,0,,1
158,07:35:00,07:35:00,1,1,,0,0,,1
158,07:49:00,07:49:00,1115,2,,0,0,,1
158,07:51:00,07:51:00,1116,3,,0,0,,1
158,07:54:00,07:54:00,1117,4,,0,0,,1
158,08:15:00,08:15:00,1120,5,,0,0,,1
159,07:50:00,07:50:00,1,1,,0,0,,1
159,08:15:00,08:15:00,1118,2,,0,0,,1
159,08:20:00,08:20:00,1119,3,,0,0,,1
160,08:00:00,08:00:00,1,1,,0,0,,1
160,08:04:00,08:04:00,1113,2,,0,0,,1
160,08:07:00,08:07:00,53,3,,0,0,,1
160,08:12:00,08:12:00,1114,4,,0,0,,1
160,08:14:00,08:14:00,1115,5,,0,0,,1
160,08:16:00,08:16:00,1116,6,,0,0,,1
160,08:19:00,08:19:00,1117,7,,0,0,,1
160,08:23:00,08:23:00,1118,8,,0,0,,1
160,08:27:00,08:27:00,1119,9,,0,0,,1
160,08:30:00,08:30:00,1120,10,,0,0,,1
160,08:40:00,08:40:00,1121,11,,0,0,,1
161,08:40:00,08:40:00,1,1,,0,0,,1
161,08:44:00,08:44:00,1113,2,,0,0,,1
161,08:47:00,08:47:00,53,3,,0,0,,1
161,08:52:00,08:52:00,1114,4,,0,0,,1
161,08:54:00,08:54:00,1115,5,,0,0,,1
161,08:56:00,08:56:00,1116,6,,0,0,,1
161,08:59:00,08:59:00,1117,7,,0,0,,1
161,09:03:00,09:03:00,1118,8,,0,0,,1
161,09:07:00,09:07:00,1119,9,,0,0,,1
161,09:10:00,09:10:00,1120,10,,0,0,,1
161,09:20:00,09:20:00,1121,11,,0,0,,1
162,09:20:00,09:20:00,1,1,,0,0,,1
162,09:24:00,09:24:00,1113,2,,0,0,,1
162,09:27:00,09:27:00,53,3,,0,0,,1
162,09:32:00,09:32:00,1114,4,,0,0,,1
162,09:34:00,09:34:00,1115,5,,0,0,,1
162,09:36:00,09:36:00,1116,6,,0,0,,1
162,09:39:00,09:39:00,1117,7,,0,0,,1
162,09:43:00,09:43:00,1118,8,,0,0,,1
162,09:47:00,09:47:00,1119,9,,0,0,,1
162,09:50:00,09:50:00,1120,10,,0,0,,1
162,10:00:00,10:00:00,1121,11,,0,0,,1
163,10:00:00,10:00:00,1,1,,0,0,,1
163,10:04:00,10:04:00,1113,2,,0,0,,1
163,10:07:00,10:07:00,53,3,,0,0,,1
163,10:12:00,10:12:00,1114,4,,0,0,,1
163,10:14:00,10:14:00,1115,5,,0,0,,1
163,10:16:00,10:16:00,1116,6,,0,0,,1
163,10:19:00,10:19:00,1117,7,,0,0,,1
163,10:23:00,10:23:00,1118,8,,0,0,,1
163,10:27:00,10:27:00,1119,9,,0,0,,1
163,10:30:00,10:30:00,1120,10,,0,0,,1
163,10:40:00,10:40:00,1121,11,,0,0,,1
164,10:40:00,10:40:00,1,1,,0,0,,1
164,10:44:00,10:44:00,1113,2,,0,0,,1
164,10:47:00,10:47:00,53,3,,0,0,,1
164,10:52:00,10:52:00,1114,4,,0,0,,1
164,10:54:00,10:54:00,1115,5,,0,0,,1
164,10:56:00,10:56:00,1116,6,,0,0,,1
164,10:59:00,10:59:00,1117,7,,0,0,,1
164,11:03:00,11:03:00,1118,8,,0,0,,1
164,11:07:00,11:07:00,1119,9,,0,0,,1
164,11:10:00,11:10:00,1120,10,,0,0,,1
164,11:20:00,11:20:00,1121,11,,0,0,,1
165,11:20:00,11:20:00,1,1,,0,0,,1
165,11:24:00,11:24:00,1113,2,,0,0,,1
165,11:27:00,11:27:00,53,3,,0,0,,1
165,11:32:00,11:32:00,1114,4,,0,0,,1
165,11:34:00,11:34:00,1115,5,,0,0,,1
165,11:36:00,11:36:00,1116,6,,0,0,,1
165,11:39:00,11:39:00,1117,7,,0,0,,1
165,11:43:00,11:43:00,1118,8,,0,0,,1
165,11:47:00,11:47:00,1119,9,,0,0,,1
165,11:50:00,11:50:00,1120,10,,0,0,,1
165,12:00:00,12:00:00,1121,11,,0,0,,1
166,12:00:00,12:00:00,1,1,,0,0,,1
166,12:04:00,12:04:00,1113,2,,0,0,,1
166,12:07:00,12:07:00,53,3,,0,0,,1
166,12:12:00,12:12:00,1114,4,,0,0,,1
166,12:14:00,12:14:00,1115,5,,0,0,,1
166,12:16:00,12:16:00,1116,6,,0,0,,1
166,12:19:00,12:19:00,1117,7,,0,0,,1
166,12:23:00,12:23:00,1118,8,,0,0,,1
166,12:27:00,12:27:00,1119,9,,0,0,,1
166,12:30:00,12:30:00,1120,10,,0,0,,1
166,12:40:00,12:40:00,1121,11,,0,0,,1
167,12:40:00,12:40:00,1,1,,0,0,,1
167,12:44:00,12:44:00,1113,2,,0,0,,1
167,12:47:00,12:47:00,53,3,,0,0,,1
167,12:52:00,12:52:00,1114,4,,0,0,,1
167,12:54:00,12:54:00,1115,5,,0,0,,1
167,12:56:00,12:56:00,1116,6,,0,0,,1
167,12:59:00,12:59:00,1117,7,,0,0,,1
167,13:03:00,13:03:00,1118,8,,0,0,,1
167,13:07:00,13:07:00,1119,9,,0,0,,1
167,13:10:00,13:10:00,1120,10,,0,0,,1
167,13:20:00,13:20:00,1121,11,,0,0,,1
168,13:05:00,13:05:00,1,1,,0,0,,1
168,13:09:00,13:09:00,1113,2,,0,0,,1
168,13:12:00,13:12:00,53,3,,0,0,,1
168,13:17:00,13:17:00,1114,4,,0,0,,1
168,13:19:00,13:19:00,1115,5,,0,0,,1
168,13:21:00,13:21:00,1116,6,,0,0,,1
168,13:24:00,13:24:00,1117,7,,0,0,,1
168,13:28:00,13:28:00,1118,8,,0,0,,1
168,13:32:00,13:32:00,1119,9,,0,0,,1
168,13:35:00,13:35:00,1120,10,,0,0,,1
168,13:45:00,13:45:00,1121,11,,0,0,,1
169,13:20:00,13:20:00,1,1,,0,0,,1
169,13:24:00,13:24:00,1113,2,,0,0,,1
169,13:27:00,13:27:00,53,3,,0,0,,1
169,13:32:00,13:32:00,1114,4,,0,0,,1
169,13:34:00,13:34:00,1115,5,,0,0,,1
169,13:36:00,13:36:00,1116,6,,0,0,,1
169,13:39:00,13:39:00,1117,7,,0,0,,1
169,13:43:00,13:43:00,1118,8,,0,0,,1
169,13:47:00,13:47:00,1119,9,,0,0,,1
169,13:50:00,13:50:00,1120,10,,0,0,,1
169,14:00:00,14:00:00,1121,11,,0,0,,1
170,13:45:00,13:45:00,1,1,,0,0,,1
170,13:49:00,13:49:00,1113,2,,0,0,,1
170,13:52:00,13:52:00,53,3,,0,0,,1
170,13:57:00,13:57:00,1114,4,,0,0,,1
170,13:59:00,13:59:00,1115,5,,0,0,,1
170,14:01:00,14:01:00,1116,6,,0,0,,1
170,14:04:00,14:04:00,1117,7,,0,0,,1
170,14:08:00,14:08:00,1118,8,,0,0,,1
170,14:12:00,14:12:00,1119,9,,0,0,,1
170,14:15:00,14:15:00,1120,10,,0,0,,1
170,14:25:00,14:25:00,1121,11,,0,0,,1
171,14:00:00,14:00:00,1,1,,0,0,,1
171,14:04:00,14:04:00,1113,2,,0,0,,1
171,14:07:00,14:07:00,53,3,,0,0,,1
171,14:12:00,14:12:00,1114,4,,0,0,,1
171,14:14:00,14:14:00,1115,5,,0,0,,1
171,14:16:00,14:16:00,1116,6,,0,0,,1
171,14:19:00,14:19:00,1117,7,,0,0,,1
171,14:23:00,14:23:00,1118,8,,0,0,,1
171,14:27:00,14:27:00,1119,9,,0,0,,1
171,14:30:00,14:30:00,1120,10,,0,0,,1
171,14:40:00,14:40:00,1121,11,,0,0,,1
172,14:40:00,14:40:00,1,1,,0,0,,1
172,14:44:00,14:44:00,1113,2,,0,0,,1
172,14:47:00,14:47:00,53,3,,0,0,,1
172,14:52:00,14:52:00,1114,4,,0,0,,1
172,14:54:00,14:54:00,1115,5,,0,0,,1
172,14:56:00,14:56:00,1116,6,,0,0,,1
172,14:59:00,14:59:00,1117,7,,0,0,,1
172,15:03:00,15:03:00,1118,8,,0,0,,1
172,15:07:00,15:07:00,1119,9,,0,0,,1
172,15:10:00,15:10:00,1120,10,,0,0,,1
172,15:20:00,15:20:00,1121,11,,0,0,,1
173,15:20:00,15:20:00,1,1,,0,0,,1
173,15:24:00,15:24:00,1113,2,,0,0,,1
173,15:27:00,15:27:00,53,3,,0,0,,1
173,15:32:00,15:32:00,1114,4,,0,0,,1
173,15:34:00,15:34:00,1115,5,,0,0,,1
173,15:36:00,15:36:00,1116,6,,0,0,,1
173,15:39:00,15:39:00,1117,7,,0,0,,1
173,15:43:00,15:43:00,1118,8,,0,0,,1
173,15:47:00,15:47:00,1119,9,,0,0,,1
173,15:50:00,15:50:00,1120,10,,0,0,,1
173,16:00:00,16:00:00,1121,11,,0,0,,1
174,16:00:00,16:00:00,1,1,,0,0,,1
174,16:04:00,16:04:00,1113,2,,0,0,,1
174,16:07:00,16:07:00,53,3,,0,0,,1
174,16:12:00,16:12:00,1114,4,,0,0,,1
174,16:14:00,16:14:00,1115,5,,0,0,,1
174,16:16:00,16:16:00,1116,6,,0,0,,1
174,16:19:00,16:19:00,1117,7,,0,0,,1
174,16:23:00,16:23:00,1118,8,,0,0,,1
174,16:27:00,16:27:00,1119,9,,0,0,,1
174,16:30:00,16:30:00,1120,10,,0,0,,1
174,16:40:00,16:40:00,1121,11,,0,0,,1
175,16:40:00,16:40:00,1,1,,0,0,,1
175,16:44:00,16:44:00,1113,2,,0,0,,1
175,16:47:00,16:47:00,53,3,,0,0,,1
175,16:52:00,16:52:00,1114,4,,0,0,,1
175,16:54:00,16:54:00,1115,5,,0,0,,1
175,16:56:00,16:56:00,1116,6,,0,0,,1
175,16:59:00,16:59:00,1117,7,,0,0,,1
175,17:03:00,17:03:00,1118,8,,0,0,,1
175,17:07:00,17:07:00,1119,9,,0,0,,1
175,17:10:00,17:10:00,1120,10,,0,0,,1
175,17:20:00,17:20:00,1121,11,,0,0,,1
176,17:20:00,17:20:00,1,1,,0,0,,1
176,17:24:00,17:24:00,1113,2,,0,0,,1
176,17:27:00,17:27:00,53,3,,0,0,,1
176,17:32:00,17:32:00,1114,4,,0,0,,1
176,17:34:00,17:34:00,1115,5,,0,0,,1
176,17:36:00,17:36:00,1116,6,,0,0,,1
176,17:39:00,17:39:00,1117,7,,0,0,,1
176,17:43:00,17:43:00,1118,8,,0,0,,1
176,17:47:00,17:47:00,1119,9,,0,0,,1
176,17:50:00,17:50:00,1120,10,,0,0,,1
176,18:00:00,18:00:00,1121,11,,0,0,,1
177,18:00:00,18:00:00,1,1,,0,0,,1
177,18:04:00,18:04:00,1113,2,,0,0,,1
177,18:07:00,18:07:00,53,3,,0,0,,1
177,18:12:00,18:12:00,1114,4,,0,0,,1
177,18:14:00,18:14:00,1115,5,,0,0,,1
177,18:16:00,18:16:00,1116,6,,0,0,,1
177,18:19:00,18:19:00,1117,7,,0,0,,1
177,18:23:00,18:23:00,1118,8,,0,0,,1
177,18:27:00,18:27:00,1119,9,,0,0,,1
177,18:30:00,18:30:00,1120,10,,0,0,,1
177,18:40:00,18:40:00,1121,11,,0,0,,1
178,18:40:00,18:40:00,1,1,,0,0,,1
178,18:44:00,18:44:00,1113,2,,0,0,,1
178,18:47:00,18:47:00,53,3,,0,0,,1
178,18:52:00,18:52:00,1114,4,,0,0,,1
178,18:54:00,18:54:00,1115,5,,0,0,,1
178,18:56:00,18:56:00,1116,6,,0,0,,1
178,18:59:00,18:59:00,1117,7,,0,0,,1
178,19:03:00,19:03:00,1118,8,,0,0,,1
178,19:07:00,19:07:00,1119,9,,0,0,,1
178,19:10:00,19:10:00,1120,10,,0,0,,1
178,19:20:00,19:20:00,1121,11,,0,0,,1
179,19:20:00,19:20:00,1,1,,0,0,,1
179,19:24:00,19:24:00,1113,2,,0,0,,1
179,19:27:00,19:27:00,53,3,,0,0,,1
179,19:32:00,19:32:00,1114,4,,0,0,,1
179,19:34:00,19:34:00,1115,5,,0,0,,1
179,19:36:00,19:36:00,1116,6,,0,0,,1
179,19:39:00,19:39:00,1117,7,,0,0,,1
179,19:43:00,19:43:00,1118,8,,0,0,,1
179,19:47:00,19:47:00,1119,9,,0,0,,1
179,19:50:00,19:50:00,1120,10,,0,0,,1
179,20:00:00,20:00:00,1121,11,,0,0,,1
180,20:00:00,20:00:00,1,1,,0,0,,1
180,20:04:00,20:04:00,1113,2,,0,0,,1
180,20:07:00,20:07:00,53,3,,0,0,,1
180,20:12:00,20:12:00,1114,4,,0,0,,1
180,20:14:00,20:14:00,1115,5,,0,0,,1
180,20:16:00,20:16:00,1116,6,,0,0,,1
180,20:19:00,20:19:00,1117,7,,0,0,,1
180,20:23:00,20:23:00,1118,8,,0,0,,1
180,20:27:00,20:27:00,1119,9,,0,0,,1
180,20:30:00,20:30:00,1120,10,,0,0,,1
180,20:40:00,20:40:00,1121,11,,0,0,,1
181,06:10:00,06:10:00,1121,1,,0,0,,1
181,06:12:00,06:12:00,1119,2,,0,0,,1
181,06:15:00,06:15:00,1118,3,,0,0,,1
181,06:17:00,06:17:00,1122,4,,0,0,,1
181,06:22:00,06:22:00,1116,5,,0,0,,1
181,06:25:00,06:25:00,1115,6,,0,0,,1
181,06:27:00,06:27:00,1114,7,,0,0,,1
181,06:30:00,06:30:00,53,8,,0,0,,1
181,06:35:00,06:35:00,1113,9,,0,0,,1
181,06:45:00,06:45:00,1,10,,0,0,,1
182,07:23:00,07:23:00,1121,1,,0,0,,1
182,07:25:00,07:25:00,1119,2,,0,0,,1
182,07:28:00,07:28:00,1118,3,,0,0,,1
182,07:30:00,07:30:00,1122,4,,0,0,,1
182,07:35:00,07:35:00,1116,5,,0,0,,1
182,07:38:00,07:38:00,1115,6,,0,0,,1
182,07:43:00,07:43:00,1114,7,,0,0,,1
182,07:48:00,07:48:00,53,8,,0,0,,1
182,07:53:00,07:53:00,1113,9,,0,0,,1
182,08:00:00,08:00:00,1,10,,0,0,,1
183,07:50:00,07:50:00,1119,1,,0,0,,1
183,07:53:00,07:53:00,1118,2,,0,0,,1
184,07:50:00,07:50:00,1121,1,,0,0,,1
184,07:52:00,07:52:00,1119,2,,0,0,,1
184,07:55:00,07:55:00,1118,3,,0,0,,1
184,07:57:00,07:57:00,1122,4,,0,0,,1
184,08:02:00,08:02:00,1116,5,,0,0,,1
184,08:05:00,08:05:00,1115,6,,0,0,,1
184,08:10:00,08:10:00,1114,7,,0,0,,1
184,08:15:00,08:15:00,53,8,,0,0,,1
184,08:20:00,08:20:00,1113,9,,0,0,,1
184,08:30:00,08:30:00,1,10,,0,0,,1
185,08:20:00,08:20:00,1119,1,,0,0,,1
185,08:22:00,08:22:00,1118,2,,0,0,,1
185,08:38:00,08:38:00,1113,3,,0,0,,1
185,08:50:00,08:50:00,1,4,,0,0,,1
186,08:40:00,08:40:00,1121,1,,0,0,,1
186,08:42:00,08:42:00,1119,2,,0,0,,1
186,08:45:00,08:45:00,1118,3,,0,0,,1
186,08:47:00,08:47:00,1122,4,,0,0,,1
186,08:52:00,08:52:00,1116,5,,0,0,,1
186,08:55:00,08:55:00,1115,6,,0,0,,1
186,09:00:00,09:00:00,1114,7,,0,0,,1
186,09:05:00,09:05:00,53,8,,0,0,,1
186,09:10:00,09:10:00,1113,9,,0,0,,1
186,09:20:00,09:20:00,1,10,,0,0,,1
187,09:20:00,09:20:00,1121,1,,0,0,,1
187,09:22:00,09:22:00,1119,2,,0,0,,1
187,09:25:00,09:25:00,1118,3,,0,0,,1
187,09:27:00,09:27:00,1122,4,,0,0,,1
187,09:32:00,09:32:00,1116,5,,0,0,,1
187,09:35:00,09:35:00,1115,6,,0,0,,1
187,09:40:00,09:40:00,1114,7,,0,0,,1
187,09:45:00,09:45:00,53,8,,0,0,,1
187,09:50:00,09:50:00,1113,9,,0,0,,1
187,10:00:00,10:00:00,1,10,,0,0,,1
188,10:00:00,10:00:00,1121,1,,0,0,,1
188,10:02:00,10:02:00,1119,2,,0,0,,1
188,10:05:00,10:05:00,1118,3,,0,0,,1
188,10:07:00,10:07:00,1122,4,,0,0,,1
188,10:12:00,10:12:00,1116,5,,0,0,,1
188,10:15:00,10:15:00,1115,6,,0,0,,1
188,10:20:00,10:20:00,1114,7,,0,0,,1
188,10:25:00,10:25:00,53,8,,0,0,,1
188,10:30:00,10:30:00,1113,9,,0,0,,1
188,10:40:00,10:40:00,1,10,,0,0,,1
189,10:40:00,10:40:00,1121,1,,0,0,,1
189,10:42:00,10:42:00,1119,2,,0,0,,1
189,10:45:00,10:45:00,1118,3,,0,0,,1
189,10:47:00,10:47:00,1122,4,,0,0,,1
189,10:52:00,10:52:00,1116,5,,0,0,,1
189,10:55:00,10:55:00,1115,6,,0,0,,1
189,11:00:00,11:00:00,1114,7,,0,0,,1
189,11:05:00,11:05:00,53,8,,0,0,,1
189,11:10:00,11:10:00,1113,9,,0,0,,1
189,11:20:00,11:20:00,1,10,,0,0,,1
190,11:20:00,11:20:00,1121,1,,0,0,,1
190,11:22:00,11:22:00,1119,2,,0,0,,1
190,11:25:00,11:25:00,1118,3,,0,0,,1
190,11:27:00,11:27:00,1122,4,,0,0,,1
190,11:32:00,11:32:00,1116,5,,0,0,,1
190,11:35:00,11:35:00,1115,6,,0,0,,1
190,11:40:00,11:40:00,1114,7,,0,0,,1
190,11:45:00,11:45:00,53,8,,0,0,,1
190,11:50:00,11:50:00,1113,9,,0,0,,1
190,12:00:00,12:00:00,1,10,,0,0,,1
191,12:05:00,12:05:00,1121,1,,0,0,,1
191,12:07:00,12:07:00,1119,2,,0,0,,1
191,12:10:00,12:10:00,1118,3,,0,0,,1
191,12:12:00,12:12:00,1122,4,,0,0,,1
191,12:17:00,12:17:00,1116,5,,0,0,,1
191,12:20:00,12:20:00,1115,6,,0,0,,1
191,12:25:00,12:25:00,1114,7,,0,0,,1
191,12:30:00,12:30:00,53,8,,0,0,,1
191,12:35:00,12:35:00,1113,9,,0,0,,1
191,12:45:00,12:45:00,1,10,,0,0,,1
192,12:40:00,12:40:00,1121,1,,0,0,,1
192,12:42:00,12:42:00,1119,2,,0,0,,1
192,12:45:00,12:45:00,1118,3,,0,0,,1
192,12:47:00,12:47:00,1122,4,,0,0,,1
192,12:52:00,12:52:00,1116,5,,0,0,,1
192,12:55:00,12:55:00,1115,6,,0,0,,1
192,13:00:00,13:00:00,1114,7,,0,0,,1
192,13:05:00,13:05:00,53,8,,0,0,,1
192,13:10:00,13:10:00,1113,9,,0,0,,1
192,13:20:00,13:20:00,1,10,,0,0,,1
193,13:20:00,13:20:00,1121,1,,0,0,,1
193,13:22:00,13:22:00,1119,2,,0,0,,1
193,13:25:00,13:25:00,1118,3,,0,0,,1
193,13:27:00,13:27:00,1122,4,,0,0,,1
193,13:32:00,13:32:00,1116,5,,0,0,,1
193,13:35:00,13:35:00,1115,6,,0,0,,1
193,13:40:00,13:40:00,1114,7,,0,0,,1
193,13:45:00,13:45:00,53,8,,0,0,,1
193,13:50:00,13:50:00,1113,9,,0,0,,1
193,14:00:00,14:00:00,1,10,,0,0,,1
194,14:00:00,14:00:00,1121,1,,0,0,,1
194,14:02:00,14:02:00,1119,2,,0,0,,1
194,14:05:00,14:05:00,1118,3,,0,0,,1
194,14:07:00,14:07:00,1122,4,,0,0,,1
194,14:12:00,14:12:00,1116,5,,0,0,,1
194,14:15:00,14:15:00,1115,6,,0,0,,1
194,14:20:00,14:20:00,1114,7,,0,0,,1
194,14:25:00,14:25:00,53,8,,0,0,,1
194,14:30:00,14:30:00,1113,9,,0,0,,1
194,14:40:00,14:40:00,1,10,,0,0,,1
195,14:40:00,14:40:00,1121,1,,0,0,,1
195,14:42:00,14:42:00,1119,2,,0,0,,1
195,14:45:00,14:45:00,1118,3,,0,0,,1
195,14:47:00,14:47:00,1122,4,,0,0,,1
195,14:52:00,14:52:00,1116,5,,0,0,,1
195,14:55:00,14:55:00,1115,6,,0,0,,1
195,15:00:00,15:00:00,1114,7,,0,0,,1
195,15:05:00,15:05:00,53,8,,0,0,,1
195,15:10:00,15:10:00,1113,9,,0,0,,1
195,15:20:00,15:20:00,1,10,,0,0,,1
196,15:20:00,15:20:00,1121,1,,0,0,,1
196,15:22:00,15:22:00,1119,2,,0,0,,1
196,15:25:00,15:25:00,1118,3,,0,0,,1
196,15:27:00,15:27:00,1122,4,,0,0,,1
196,15:32:00,15:32:00,1116,5,,0,0,,1
196,15:35:00,15:35:00,1115,6,,0,0,,1
196,15:40:00,15:40:00,1114,7,,0,0,,1
196,15:45:00,15:45:00,53,8,,0,0,,1
196,15:50:00,15:50:00,1113,9,,0,0,,1
196,16:00:00,16:00:00,1,10,,0,0,,1
197,16:00:00,16:00:00,1121,1,,0,0,,1
197,16:02:00,16:02:00,1119,2,,0,0,,1
197,16:05:00,16:05:00,1118,3,,0,0,,1
197,16:07:00,16:07:00,1122,4,,0,0,,1
197,16:12:00,16:12:00,1116,5,,0,0,,1
197,16:15:00,16:15:00,1115,6,,0,0,,1
197,16:20:00,16:20:00,1114,7,,0,0,,1
197,16:25:00,16:25:00,53,8,,0,0,,1
197,16:30:00,16:30:00,1113,9,,0,0,,1
197,16:40:00,16:40:00,1,10,,0,0,,1
198,16:40:00,16:40:00,1121,1,,0,0,,1
198,16:42:00,16:42:00,1119,2,,0,0,,1
198,16:45:00,16:45:00,1118,3,,0,0,,1
198,16:47:00,16:47:00,1122,4,,0,0,,1
198,16:52:00,16:52:00,1116,5,,0,0,,1
198,16:55:00,16:55:00,1115,6,,0,0,,1
198,17:00:00,17:00:00,1114,7,,0,0,,1
198,17:05:00,17:05:00,53,8,,0,0,,1
198,17:10:00,17:10:00,1113,9,,0,0,,1
198,17:20:00,17:20:00,1,10,,0,0,,1
199,17:15:00,17:15:00,1121,1,,0,0,,1
199,17:17:00,17:17:00,1119,2,,0,0,,1
199,17:20:00,17:20:00,1118,3,,0,0,,1
199,17:22:00,17:22:00,1122,4,,0,0,,1
199,17:27:00,17:27:00,1116,5,,0,0,,1
199,17:30:00,17:30:00,1115,6,,0,0,,1
199,17:35:00,17:35:00,1114,7,,0,0,,1
199,17:40:00,17:40:00,53,8,,0,0,,1
199,17:45:00,17:45:00,1113,9,,0,0,,1
199,17:55:00,17:55:00,1,10,,0,0,,1
200,18:00:00,18:00:00,1121,1,,0,0,,1
200,18:02:00,18:02:00,1119,2,,0,0,,1
200,18:05:00,18:05:00,1118,3,,0,0,,1
200,18:07:00,18:07:00,1122,4,,0,0,,1
200,18:12:00,18:12:00,1116,5,,0,0,,1
200,18:15:00,18:15:00,1115,6,,0,0,,1
200,18:20:00,18:20:00,1114,7,,0,0,,1
200,18:25:00,18:25:00,53,8,,0,0,,1
200,18:30:00,18:30:00,1113,9,,0,0,,1
200,18:40:00,18:40:00,1,10,,0,0,,1
201,18:35:00,18:35:00,1121,1,,0,0,,1
201,18:37:00,18:37:00,1119,2,,0,0,,1
201,18:40:00,18:40:00,1118,3,,0,0,,1
201,18:42:00,18:42:00,1122,4,,0,0,,1
201,18:47:00,18:47:00,1116,5,,0,0,,1
201,18:50:00,18:50:00,1115,6,,0,0,,1
201,18:55:00,18:55:00,1114,7,,0,0,,1
201,19:00:00,19:00:00,53,8,,0,0,,1
201,19:05:00,19:05:00,1113,9,,0,0,,1
201,19:15:00,19:15:00,1,10,,0,0,,1
202,19:20:00,19:20:00,1121,1,,0,0,,1
202,19:22:00,19:22:00,1119,2,,0,0,,1
202,19:25:00,19:25:00,1118,3,,0,0,,1
202,19:27:00,19:27:00,1122,4,,0,0,,1
202,19:32:00,19:32:00,1116,5,,0,0,,1
202,19:35:00,19:35:00,1115,6,,0,0,,1
202,19:40:00,19:40:00,1114,7,,0,0,,1
202,19:45:00,19:45:00,53,8,,0,0,,1
202,19:50:00,19:50:00,1113,9,,0,0,,1
202,20:00:00,20:00:00,1,10,,0,0,,1
203,20:10:00,20:10:00,1121,1,,0,0,,1
203,20:12:00,20:12:00,1119,2,,0,0,,1
203,20:15:00,20:15:00,1118,3,,0,0,,1
203,20:17:00,20:17:00,1122,4,,0,0,,1
203,20:22:00,20:22:00,1116,5,,0,0,,1
203,20:25:00,20:25:00,1115,6,,0,0,,1
203,20:30:00,20:30:00,1114,7,,0,0,,1
203,20:35:00,20:35:00,53,8,,0,0,,1
203,20:40:00,20:40:00,1113,9,,0,0,,1
203,20:50:00,20:50:00,1,10,,0,0,,1
204,06:45:00,06:45:00,1123,1,,0,0,,1
204,06:47:00,06:47:00,1124,2,,0,0,,1
204,06:49:00,06:49:00,1125,3,,0,0,,1
204,06:57:00,06:57:00,86,4,,0,0,,1
204,07:00:00,07:00:00,1126,5,,0,0,,1
204,07:03:00,07:03:00,86,6,,0,0,,1
204,07:08:00,07:08:00,1127,7,,0,0,,1
204,07:11:00,07:11:00,1128,8,,0,0,,1
204,07:15:00,07:15:00,1129,9,,0,0,,1
204,07:17:00,07:17:00,1124,10,,0,0,,1
204,07:20:00,07:20:00,1130,11,,0,0,,1
205,07:30:00,07:30:00,86,1,,0,0,,1
205,07:35:00,07:35:00,1127,2,,0,0,,1
205,07:40:00,07:40:00,1129,3,,0,0,,1
205,07:45:00,07:45:00,1124,4,,0,0,,1
205,07:50:00,07:50:00,1130,5,,0,0,,1
206,07:20:00,07:20:00,1123,1,,0,0,,1
206,07:22:00,07:22:00,1124,2,,0,0,,1
206,07:24:00,07:24:00,1125,3,,0,0,,1
206,07:32:00,07:32:00,86,4,,0,0,,1
206,07:35:00,07:35:00,1126,5,,0,0,,1
206,07:38:00,07:38:00,86,6,,0,0,,1
206,08:05:00,08:05:00,1130,7,,0,0,,1
207,07:20:00,07:20:00,1123,1,,0,0,,1
207,07:22:00,07:22:00,1124,2,,0,0,,1
207,07:24:00,07:24:00,1125,3,,0,0,,1
207,07:32:00,07:32:00,86,4,,0,0,,1
207,07:35:00,07:35:00,1126,5,,0,0,,1
207,07:38:00,07:38:00,86,6,,0,0,,1
207,07:45:00,07:45:00,1127,7,,0,0,,1
207,07:46:00,07:46:00,1128,8,,0,0,,1
207,07:48:00,07:48:00,1129,9,,0,0,,1
207,07:50:00,07:50:00,1124,10,,0,0,,1
207,07:55:00,07:55:00,1130,11,,0,0,,1
208,07:40:00,07:40:00,1123,1,,0,0,,1
208,07:45:00,07:45:00,1127,2,,0,0,,1
208,07:55:00,07:55:00,1131,3,,0,0,,1
208,08:10:00,08:10:00,1130,4,,0,0,,1
209,08:15:00,08:15:00,1123,1,,0,0,,1
209,08:25:00,08:25:00,86,2,,0,0,,1
209,08:30:00,08:30:00,1127,3,,0,0,,1
209,08:33:00,08:33:00,1129,4,,0,0,,1
209,08:35:00,08:35:00,1124,5,,0,0,,1
209,08:45:00,08:45:00,1130,6,,0,0,,1
210,09:00:00,09:00:00,1123,1,,0,0,,1
210,09:02:00,09:02:00,1124,2,,0,0,,1
210,09:04:00,09:04:00,1125,3,,0,0,,1
210,09:12:00,09:12:00,86,4,,0,0,,1
210,09:15:00,09:15:00,1126,5,,0,0,,1
210,09:18:00,09:18:00,86,6,,0,0,,1
210,09:25:00,09:25:00,1127,7,,0,0,,1
210,09:26:00,09:26:00,1128,8,,0,0,,1
210,09:28:00,09:28:00,1129,9,,0,0,,1
210,09:30:00,09:30:00,1124,10,,0,0,,1
210,09:35:00,09:35:00,1130,11,,0,0,,1
211,10:40:00,10:40:00,1123,1,,0,0,,1
211,10:42:00,10:42:00,1124,2,,0,0,,1
211,10:44:00,10:44:00,1125,3,,0,0,,1
211,10:52:00,10:52:00,86,4,,0,0,,1
211,10:55:00,10:55:00,1126,5,,0,0,,1
211,10:58:00,10:58:00,86,6,,0,0,,1
211,11:05:00,11:05:00,1127,7,,0,0,,1
211,11:06:00,11:06:00,1128,8,,0,0,,1
211,11:08:00,11:08:00,1129,9,,0,0,,1
211,11:10:00,11:10:00,1124,10,,0,0,,1
211,11:15:00,11:15:00,1130,11,,0,0,,1
212,12:20:00,12:20:00,1123,1,,0,0,,1
212,12:25:00,12:25:00,1131,2,,0,0,,1
212,12:28:00,12:28:00,86,3,,0,0,,1
212,12:40:00,12:40:00,1126,4,,0,0,,1
212,12:43:00,12:43:00,86,5,,0,0,,1
212,12:48:00,12:48:00,1127,6,,0,0,,1
212,12:51:00,12:51:00,1128,7,,0,0,,1
212,12:53:00,12:53:00,1129,8,,0,0,,1
212,12:55:00,12:55:00,1124,9,,0,0,,1
212,13:00:00,13:00:00,1130,10,,0,0,,1
213,12:20:00,12:20:00,1123,1,,0,0,,1
213,12:22:00,12:22:00,1124,2,,0,0,,1
213,12:24:00,12:24:00,1125,3,,0,0,,1
213,12:32:00,12:32:00,86,4,,0,0,,1
213,12:35:00,12:35:00,1126,5,,0,0,,1
213,12:38:00,12:38:00,86,6,,0,0,,1
213,12:45:00,12:45:00,1127,7,,0,0,,1
213,12:46:00,12:46:00,1128,8,,0,0,,1
213,12:48:00,12:48:00,1129,9,,0,0,,1
213,12:50:00,12:50:00,1124,10,,0,0,,1
213,12:55:00,12:55:00,1130,11,,0,0,,1
214,13:18:00,13:18:00,86,1,,0,0,,1
214,13:20:00,13:20:00,1126,2,,0,0,,1
214,13:23:00,13:23:00,86,3,,0,0,,1
214,13:30:00,13:30:00,1127,4,,0,0,,1
214,13:31:00,13:31:00,1128,5,,0,0,,1
214,13:33:00,13:33:00,1129,6,,0,0,,1
214,13:35:00,13:35:00,1124,7,,0,0,,1
214,13:40:00,13:40:00,1130,8,,0,0,,1
215,13:40:00,13:40:00,1123,1,,0,0,,1
215,13:45:00,13:45:00,1131,2,,0,0,,1
215,13:48:00,13:48:00,86,3,,0,0,,1
215,14:00:00,14:00:00,1126,4,,0,0,,1
215,14:03:00,14:03:00,86,5,,0,0,,1
215,14:10:00,14:10:00,1127,6,,0,0,,1
215,14:11:00,14:11:00,1128,7,,0,0,,1
215,14:13:00,14:13:00,1129,8,,0,0,,1
215,14:15:00,14:15:00,1124,9,,0,0,,1
215,14:20:00,14:20:00,1130,10,,0,0,,1
216,13:40:00,13:40:00,1123,1,,0,0,,1
216,13:42:00,13:42:00,1124,2,,0,0,,1
216,13:44:00,13:44:00,1125,3,,0,0,,1
216,13:52:00,13:52:00,86,4,,0,0,,1
216,13:55:00,13:55:00,1126,5,,0,0,,1
216,13:58:00,13:58:00,86,6,,0,0,,1
216,14:05:00,14:05:00,1127,7,,0,0,,1
216,14:06:00,14:06:00,1128,8,,0,0,,1
216,14:08:00,14:08:00,1129,9,,0,0,,1
216,14:10:00,14:10:00,1124,10,,0,0,,1
216,14:15:00,14:15:00,1130,11,,0,0,,1
217,14:20:00,14:20:00,1123,1,,0,0,,1
217,14:22:00,14:22:00,1124,2,,0,0,,1
217,14:24:00,14:24:00,1125,3,,0,0,,1
217,14:32:00,14:32:00,86,4,,0,0,,1
217,14:35:00,14:35:00,1126,5,,0,0,,1
217,14:38:00,14:38:00,86,6,,0,0,,1
217,14:45:00,14:45:00,1127,7,,0,0,,1
217,14:46:00,14:46:00,1128,8,,0,0,,1
217,14:48:00,14:48:00,1129,9,,0,0,,1
217,14:50:00,14:50:00,1124,10,,0,0,,1
217,14:55:00,14:55:00,1130,11,,0,0,,1
218,15:40:00,15:40:00,1123,1,,0,0,,1
218,15:42:00,15:42:00,1124,2,,0,0,,1
218,15:44:00,15:44:00,1125,3,,0,0,,1
218,15:52:00,15:52:00,86,4,,0,0,,1
218,15:55:00,15:55:00,1126,5,,0,0,,1
218,15:58:00,15:58:00,86,6,,0,0,,1
218,16:05:00,16:05:00,1127,7,,0,0,,1
218,16:06:00,16:06:00,1128,8,,0,0,,1
218,16:08:00,16:08:00,1129,9,,0,0,,1
218,16:10:00,16:10:00,1124,10,,0,0,,1
218,16:15:00,16:15:00,1130,11,,0,0,,1
219,17:00:00,17:00:00,1123,1,,0,0,,1
219,17:02:00,17:02:00,1124,2,,0,0,,1
219,17:04:00,17:04:00,1125,3,,0,0,,1
219,17:12:00,17:12:00,86,4,,0,0,,1
219,17:15:00,17:15:00,1126,5,,0,0,,1
219,17:18:00,17:18:00,86,6,,0,0,,1
219,17:25:00,17:25:00,1127,7,,0,0,,1
219,17:26:00,17:26:00,1128,8,,0,0,,1
219,17:28:00,17:28:00,1129,9,,0,0,,1
219,17:30:00,17:30:00,1124,10,,0,0,,1
219,17:35:00,17:35:00,1130,11,,0,0,,1
220,19:20:00,19:20:00,1123,1,,0,0,,1
220,19:22:00,19:22:00,1124,2,,0,0,,1
220,19:24:00,19:24:00,1125,3,,0,0,,1
220,19:32:00,19:32:00,86,4,,0,0,,1
220,19:35:00,19:35:00,1126,5,,0,0,,1
220,19:38:00,19:38:00,86,6,,0,0,,1
220,19:45:00,19:45:00,1127,7,,0,0,,1
220,19:46:00,19:46:00,1128,8,,0,0,,1
220,19:48:00,19:48:00,1129,9,,0,0,,1
220,19:50:00,19:50:00,1124,10,,0,0,,1
220,19:55:00,19:55:00,1130,11,,0,0,,1
221,20:40:00,20:40:00,1123,1,,0,0,,1
221,20:42:00,20:42:00,1124,2,,0,0,,1
221,20:44:00,20:44:00,1125,3,,0,0,,1
221,20:52:00,20:52:00,86,4,,0,0,,1
221,20:55:00,20:55:00,1126,5,,0,0,,1
221,20:58:00,20:58:00,86,6,,0,0,,1
221,21:05:00,21:05:00,1127,7,,0,0,,1
221,21:06:00,21:06:00,1128,8,,0,0,,1
222,06:07:00,06:07:00,1132,1,,0,0,,1
222,06:10:00,06:10:00,1133,2,,0,0,,1
222,06:15:00,06:15:00,1134,3,,0,0,,1
222,06:15:00,06:15:00,1134,4,,0,0,,1
222,06:20:00,06:20:00,1135,5,,0,0,,1
222,06:25:00,06:25:00,1136,6,,0,0,,1
222,06:30:00,06:30:00,1,7,,0,0,,1
223,05:55:00,05:55:00,1,1,,0,0,,1
223,05:57:00,05:57:00,1137,2,,0,0,,1
223,06:07:00,06:07:00,1135,3,,0,0,,1
223,06:10:00,06:10:00,1134,4,,0,0,,1
223,06:35:00,06:35:00,1134,5,,0,0,,1
223,06:37:00,06:37:00,1133,6,,0,0,,1
223,06:40:00,06:40:00,1132,7,,0,0,,1
223,06:42:00,06:42:00,1138,8,,0,0,,1
223,06:50:00,06:50:00,1139,9,,0,0,,1
223,06:52:00,06:52:00,1140,10,,0,0,,1
223,07:05:00,07:05:00,1,11,,0,0,,1
224,07:03:00,07:03:00,1133,1,,0,0,,1
224,07:05:00,07:05:00,1132,2,,0,0,,1
224,07:07:00,07:07:00,1138,3,,0,0,,1
224,07:15:00,07:15:00,1139,4,,0,0,,1
224,07:20:00,07:20:00,1140,5,,0,0,,1
224,07:30:00,07:30:00,1,6,,0,0,,1
225,06:45:00,06:45:00,1,1,,0,0,,1
225,06:55:00,06:55:00,1138,2,,0,0,,1
225,07:00:00,07:00:00,1132,3,,0,0,,1
225,07:05:00,07:05:00,1133,4,,0,0,,1
225,07:10:00,07:10:00,1134,5,,0,0,,1
225,07:10:00,07:10:00,1134,6,,0,0,,1
225,07:15:00,07:15:00,1135,7,,0,0,,1
225,07:25:00,07:25:00,1136,8,,0,0,,1
225,07:30:00,07:30:00,1,9,,0,0,,1
226,07:15:00,07:15:00,1141,1,,0,0,,1
226,07:17:00,07:17:00,1138,2,,0,0,,1
226,07:25:00,07:25:00,1132,3,,0,0,,1
226,07:27:00,07:27:00,1133,4,,0,0,,1
226,07:30:00,07:30:00,1134,5,,0,0,,1
226,07:15:00,07:15:00,1134,6,,0,0,,1
226,07:16:00,07:16:00,1133,7,,0,0,,1
226,07:17:00,07:17:00,1132,8,,0,0,,1
226,07:19:00,07:19:00,1138,9,,0,0,,1
226,07:22:00,07:22:00,1139,10,,0,0,,1
226,07:27:00,07:27:00,1140,11,,0,0,,1
226,07:40:00,07:40:00,1,12,,0,0,,1
227,07:00:00,07:00:00,1,1,,0,0,,1
227,07:02:00,07:02:00,1137,2,,0,0,,1
227,07:12:00,07:12:00,1135,3,,0,0,,1
227,07:15:00,07:15:00,1134,4,,0,0,,1
227,07:20:00,07:20:00,1134,5,,0,0,,1
227,07:22:00,07:22:00,1133,6,,0,0,,1
227,07:23:00,07:23:00,1132,7,,0,0,,1
227,07:24:00,07:24:00,1138,8,,0,0,,1
227,07:27:00,07:27:00,1139,9,,0,0,,1
227,07:32:00,07:32:00,1140,10,,0,0,,1
227,07:45:00,07:45:00,1,11,,0,0,,1
228,06:15:00,06:15:00,1,1,,0,0,,1
228,06:25:00,06:25:00,1138,2,,0,0,,1
228,06:35:00,06:35:00,1133,3,,0,0,,1
228,06:40:00,06:40:00,1134,4,,0,0,,1
228,07:15:00,07:15:00,1134,5,,0,0,,1
228,07:20:00,07:20:00,1135,6,,0,0,,1
228,07:45:00,07:45:00,1136,7,,0,0,,1
228,07:50:00,07:50:00,1,8,,0,0,,1
229,07:28:00,07:28:00,1139,1,,0,0,,1
229,07:30:00,07:30:00,1140,2,,0,0,,1
229,08:20:00,08:20:00,1,3,,0,0,,1
230,07:30:00,07:30:00,1134,1,,0,0,,1
230,07:35:00,07:35:00,1135,2,,0,0,,1
231,07:43:00,07:43:00,1,1,,0,0,,1
231,07:45:00,07:45:00,1137,2,,0,0,,1
231,07:50:00,07:50:00,1135,3,,0,0,,1
231,08:00:00,08:00:00,1134,4,,0,0,,1
231,08:00:00,08:00:00,1134,5,,0,0,,1
231,08:02:00,08:02:00,1133,6,,0,0,,1
231,08:03:00,08:03:00,1132,7,,0,0,,1
231,08:07:00,08:07:00,1138,8,,0,0,,1
231,08:14:00,08:14:00,1139,9,,0,0,,1
231,08:30:00,08:30:00,1,10,,0,0,,1
232,07:55:00,07:55:00,1,1,,0,0,,1
232,08:02:00,08:02:00,1140,2,,0,0,,1
232,08:10:00,08:10:00,1141,3,,0,0,,1
232,08:17:00,08:17:00,1138,4,,0,0,,1
232,08:21:00,08:21:00,1132,5,,0,0,,1
232,08:22:00,08:22:00,1133,6,,0,0,,1
232,08:25:00,08:25:00,1134,7,,0,0,,1
232,08:25:00,08:25:00,1134,8,,0,0,,1
232,08:30:00,08:30:00,1135,9,,0,0,,1
232,08:40:00,08:40:00,1136,10,,0,0,,1
232,08:45:00,08:45:00,1,11,,0,0,,1
233,07:30:00,07:30:00,1,1,,0,0,,1
233,07:37:00,07:37:00,1140,2,,0,0,,1
233,07:40:00,07:40:00,1141,3,,0,0,,1
233,07:43:00,07:43:00,1138,4,,0,0,,1
233,07:47:00,07:47:00,1132,5,,0,0,,1
233,07:55:00,07:55:00,1133,6,,0,0,,1
233,08:00:00,08:00:00,1134,7,,0,0,,1
233,08:30:00,08:30:00,1134,8,,0,0,,1
233,08:32:00,08:32:00,1133,9,,0,0,,1
233,08:33:00,08:33:00,1132,10,,0,0,,1
233,08:34:00,08:34:00,1138,11,,0,0,,1
233,08:40:00,08:40:00,1139,12,,0,0,,1
233,09:00:00,09:00:00,1,13,,0,0,,1
234,08:20:00,08:20:00,1,1,,0,0,,1
234,08:27:00,08:27:00,1140,2,,0,0,,1
234,08:35:00,08:35:00,1141,3,,0,0,,1
234,08:42:00,08:42:00,1138,4,,0,0,,1
234,08:46:00,08:46:00,1132,5,,0,0,,1
234,08:47:00,08:47:00,1133,6,,0,0,,1
234,08:50:00,08:50:00,1134,7,,0,0,,1
234,08:50:00,08:50:00,1134,8,,0,0,,1
234,08:55:00,08:55:00,1135,9,,0,0,,1
234,09:05:00,09:05:00,1136,10,,0,0,,1
234,09:10:00,09:10:00,1,11,,0,0,,1
235,09:25:00,09:25:00,1,1,,0,0,,1
235,09:32:00,09:32:00,1140,2,,0,0,,1
235,09:40:00,09:40:00,1141,3,,0,0,,1
235,09:47:00,09:47:00,1138,4,,0,0,,1
235,09:51:00,09:51:00,1132,5,,0,0,,1
235,09:52:00,09:52:00,1133,6,,0,0,,1
235,09:55:00,09:55:00,1134,7,,0,0,,1
235,09:55:00,09:55:00,1134,8,,0,0,,1
235,10:00:00,10:00:00,1135,9,,0,0,,1
235,10:10:00,10:10:00,1136,10,,0,0,,1
235,10:15:00,10:15:00,1,11,,0,0,,1
236,10:30:00,10:30:00,1,1,,0,0,,1
236,10:32:00,10:32:00,1137,2,,0,0,,1
236,10:42:00,10:42:00,1135,3,,0,0,,1
236,10:50:00,10:50:00,1134,4,,0,0,,1
236,10:50:00,10:50:00,1134,5,,0,0,,1
236,10:52:00,10:52:00,1133,6,,0,0,,1
236,10:53:00,10:53:00,1132,7,,0,0,,1
236,10:55:00,10:55:00,1138,8,,0,0,,1
236,11:02:00,11:02:00,1139,9,,0,0,,1
236,11:07:00,11:07:00,1140,10,,0,0,,1
236,11:20:00,11:20:00,1,11,,0,0,,1
237,11:35:00,11:35:00,1,1,,0,0,,1
237,11:42:00,11:42:00,1140,2,,0,0,,1
237,11:50:00,11:50:00,1141,3,,0,0,,1
237,11:57:00,11:57:00,1138,4,,0,0,,1
237,12:01:00,12:01:00,1132,5,,0,0,,1
237,12:02:00,12:02:00,1133,6,,0,0,,1
237,12:05:00,12:05:00,1134,7,,0,0,,1
237,12:05:00,12:05:00,1134,8,,0,0,,1
237,12:10:00,12:10:00,1135,9,,0,0,,1
237,12:20:00,12:20:00,1136,10,,0,0,,1
237,12:25:00,12:25:00,1,11,,0,0,,1
238,12:45:00,12:45:00,1,1,,0,0,,1
238,12:47:00,12:47:00,1137,2,,0,0,,1
238,12:57:00,12:57:00,1135,3,,0,0,,1
238,13:05:00,13:05:00,1134,4,,0,0,,1
238,13:05:00,13:05:00,1134,5,,0,0,,1
238,13:07:00,13:07:00,1133,6,,0,0,,1
238,13:08:00,13:08:00,1132,7,,0,0,,1
238,13:10:00,13:10:00,1138,8,,0,0,,1
238,13:17:00,13:17:00,1139,9,,0,0,,1
238,13:22:00,13:22:00,1140,10,,0,0,,1
238,13:35:00,13:35:00,1,11,,0,0,,1
239,13:33:00,13:33:00,1133,1,,0,0,,1
239,13:37:00,13:37:00,1132,2,,0,0,,1
239,13:40:00,13:40:00,1138,3,,0,0,,1
239,13:47:00,13:47:00,1139,4,,0,0,,1
239,13:55:00,13:55:00,1,5,,0,0,,1
240,13:30:00,13:30:00,1134,1,,0,0,,1
240,13:33:00,13:33:00,1133,2,,0,0,,1
240,13:37:00,13:37:00,1132,3,,0,0,,1
240,13:40:00,13:40:00,1138,4,,0,0,,1
240,13:47:00,13:47:00,1139,5,,0,0,,1
240,14:00:00,14:00:00,1,6,,0,0,,1
241,13:05:00,13:05:00,1,1,,0,0,,1
241,13:07:00,13:07:00,1137,2,,0,0,,1
241,13:20:00,13:20:00,1135,3,,0,0,,1
241,13:30:00,13:30:00,1134,4,,0,0,,1
241,13:30:00,13:30:00,1134,5,,0,0,,1
241,13:33:00,13:33:00,1133,6,,0,0,,1
241,13:37:00,13:37:00,1132,7,,0,0,,1
241,13:40:00,13:40:00,1138,8,,0,0,,1
241,13:47:00,13:47:00,1139,9,,0,0,,1
242,13:40:00,13:40:00,1,1,,0,0,,1
242,13:52:00,13:52:00,1138,2,,0,0,,1
242,14:01:00,14:01:00,1132,3,,0,0,,1
242,14:05:00,14:05:00,1133,4,,0,0,,1
242,14:10:00,14:10:00,1134,5,,0,0,,1
242,14:40:00,14:40:00,1134,6,,0,0,,1
242,14:42:00,14:42:00,1133,7,,0,0,,1
242,14:43:00,14:43:00,1132,8,,0,0,,1
242,14:45:00,14:45:00,1138,9,,0,0,,1
242,15:05:00,15:05:00,1,10,,0,0,,1
243,13:40:00,13:40:00,1,1,,0,0,,1
243,13:42:00,13:42:00,1137,2,,0,0,,1
243,13:52:00,13:52:00,1135,3,,0,0,,1
243,14:05:00,14:05:00,1134,4,,0,0,,1
243,14:05:00,14:05:00,1134,5,,0,0,,1
243,14:12:00,14:12:00,1133,6,,0,0,,1
243,14:13:00,14:13:00,1132,7,,0,0,,1
243,14:20:00,14:20:00,1138,8,,0,0,,1
243,14:27:00,14:27:00,1139,9,,0,0,,1
243,14:32:00,14:32:00,1140,10,,0,0,,1
243,14:45:00,14:45:00,1,11,,0,0,,1
244,13:55:00,13:55:00,1,1,,0,0,,1
244,14:02:00,14:02:00,1140,2,,0,0,,1
244,14:10:00,14:10:00,1141,3,,0,0,,1
244,14:17:00,14:17:00,1138,4,,0,0,,1
244,14:21:00,14:21:00,1132,5,,0,0,,1
244,14:22:00,14:22:00,1133,6,,0,0,,1
244,14:25:00,14:25:00,1134,7,,0,0,,1
244,14:25:00,14:25:00,1134,8,,0,0,,1
244,14:30:00,14:30:00,1135,9,,0,0,,1
244,14:30:00,14:30:00,1136,10,,0,0,,1
244,14:45:00,14:45:00,1,11,,0,0,,1
245,14:50:00,14:50:00,1,1,,0,0,,1
245,14:52:00,14:52:00,1137,2,,0,0,,1
245,15:02:00,15:02:00,1135,3,,0,0,,1
245,15:10:00,15:10:00,1134,4,,0,0,,1
245,15:10:00,15:10:00,1134,5,,0,0,,1
245,15:12:00,15:12:00,1133,6,,0,0,,1
245,15:13:00,15:13:00,1132,7,,0,0,,1
245,15:15:00,15:15:00,1138,8,,0,0,,1
245,15:22:00,15:22:00,1139,9,,0,0,,1
245,15:27:00,15:27:00,1140,10,,0,0,,1
245,15:40:00,15:40:00,1,11,,0,0,,1
246,14:30:00,14:30:00,1135,1,,0,0,,1
246,14:40:00,14:40:00,1134,2,,0,0,,1
246,15:10:00,15:10:00,1134,3,,0,0,,1
246,15:15:00,15:15:00,1135,4,,0,0,,1
246,15:20:00,15:20:00,1136,5,,0,0,,1
246,15:25:00,15:25:00,1,6,,0,0,,1
247,14:27:00,14:27:00,1140,1,,0,0,,1
247,14:35:00,14:35:00,1141,2,,0,0,,1
247,14:42:00,14:42:00,1138,3,,0,0,,1
247,14:46:00,14:46:00,1132,4,,0,0,,1
247,14:47:00,14:47:00,1133,5,,0,0,,1
247,14:50:00,14:50:00,1134,6,,0,0,,1
247,15:25:00,15:25:00,1134,7,,0,0,,1
247,15:27:00,15:27:00,1133,8,,0,0,,1
247,15:28:00,15:28:00,1132,9,,0,0,,1
247,15:30:00,15:30:00,1138,10,,0,0,,1
247,15:50:00,15:50:00,1,11,,0,0,,1
248,15:55:00,15:55:00,1,1,,0,0,,1
248,16:02:00,16:02:00,1140,2,,0,0,,1
248,16:10:00,16:10:00,1141,3,,0,0,,1
248,16:17:00,16:17:00,1138,4,,0,0,,1
248,16:21:00,16:21:00,1132,5,,0,0,,1
248,16:22:00,16:22:00,1133,6,,0,0,,1
248,16:25:00,16:25:00,1134,7,,0,0,,1
248,16:25:00,16:25:00,1134,8,,0,0,,1
248,16:30:00,16:30:00,1135,9,,0,0,,1
248,16:40:00,16:40:00,1136,10,,0,0,,1
248,16:45:00,16:45:00,1,11,,0,0,,1
249,17:00:00,17:00:00,1,1,,0,0,,1
249,17:02:00,17:02:00,1137,2,,0,0,,1
249,17:12:00,17:12:00,1135,3,,0,0,,1
249,17:20:00,17:20:00,1134,4,,0,0,,1
249,17:20:00,17:20:00,1134,5,,0,0,,1
249,17:22:00,17:22:00,1133,6,,0,0,,1
249,17:23:00,17:23:00,1132,7,,0,0,,1
249,17:25:00,17:25:00,1138,8,,0,0,,1
249,17:32:00,17:32:00,1139,9,,0,0,,1
249,17:37:00,17:37:00,1140,10,,0,0,,1
249,17:50:00,17:50:00,1,11,,0,0,,1
250,18:10:00,18:10:00,1,1,,0,0,,1
250,18:17:00,18:17:00,1140,2,,0,0,,1
250,18:25:00,18:25:00,1141,3,,0,0,,1
250,18:32:00,18:32:00,1138,4,,0,0,,1
250,18:36:00,18:36:00,1132,5,,0,0,,1
250,18:37:00,18:37:00,1133,6,,0,0,,1
250,18:40:00,18:40:00,1134,7,,0,0,,1
250,18:40:00,18:40:00,1134,8,,0,0,,1
250,18:45:00,18:45:00,1135,9,,0,0,,1
250,18:55:00,18:55:00,1136,10,,0,0,,1
250,19:00:00,19:00:00,1,11,,0,0,,1
251,19:10:00,19:10:00,1,1,,0,0,,1
251,19:12:00,19:12:00,1137,2,,0,0,,1
251,19:22:00,19:22:00,1135,3,,0,0,,1
251,19:30:00,19:30:00,1134,4,,0,0,,1
251,19:30:00,19:30:00,1134,5,,0,0,,1
251,19:32:00,19:32:00,1133,6,,0,0,,1
251,19:33:00,19:33:00,1132,7,,0,0,,1
251,19:35:00,19:35:00,1138,8,,0,0,,1
251,19:42:00,19:42:00,1139,9,,0,0,,1
251,19:47:00,19:47:00,1140,10,,0,0,,1
251,20:00:00,20:00:00,1,11,,0,0,,1
252,20:10:00,20:10:00,1,1,,0,0,,1
252,20:12:00,20:12:00,1137,2,,0,0,,1
252,20:22:00,20:22:00,1135,3,,0,0,,1
252,20:30:00,20:30:00,1134,4,,0,0,,1
252,20:30:00,20:30:00,1134,5,,0,0,,1
252,20:32:00,20:32:00,1133,6,,0,0,,1
252,20:33:00,20:33:00,1132,7,,0,0,,1
252,20:35:00,20:35:00,1138,8,,0,0,,1
252,20:42:00,20:42:00,1139,9,,0,0,,1
252,20:47:00,20:47:00,1140,10,,0,0,,1
252,20:50:00,20:50:00,1,11,,0,0,,1
253,20:30:00,20:30:00,1,1,,0,0,,1
253,20:37:00,20:37:00,1140,2,,0,0,,1
253,20:45:00,20:45:00,1141,3,,0,0,,1
253,20:52:00,20:52:00,1138,4,,0,0,,1
253,20:56:00,20:56:00,1132,5,,0,0,,1
253,20:57:00,20:57:00,1133,6,,0,0,,1
253,21:00:00,21:00:00,1134,7,,0,0,,1
253,21:00:00,21:00:00,1134,8,,0,0,,1
253,21:05:00,21:05:00,1135,9,,0,0,,1
253,21:15:00,21:15:00,1136,10,,0,0,,1
253,21:20:00,21:20:00,1,11,,0,0,,1
254,05:55:00,05:55:00,1,1,,0,0,,1
254,05:57:00,05:57:00,1072,2,,0,0,,1
254,06:10:00,06:10:00,1134,3,,0,0,,1
254,06:25:00,06:25:00,1142,4,,0,0,,1
254,06:25:00,06:25:00,1143,5,,0,0,,1
254,06:35:00,06:35:00,1144,6,,0,0,,1
254,07:05:00,07:05:00,1072,7,,0,0,,1
255,07:10:00,07:10:00,1142,1,,0,0,,1
255,07:20:00,07:20:00,1144,2,,0,0,,1
255,07:22:00,07:22:00,1134,3,,0,0,,1
256,06:15:00,06:15:00,1,1,,0,0,,1
256,06:40:00,06:40:00,1134,2,,0,0,,1
256,06:55:00,06:55:00,1143,3,,0,0,,1
256,06:55:00,06:55:00,1145,4,,0,0,,1
256,07:00:00,07:00:00,1143,5,,0,0,,1
256,07:15:00,07:15:00,1144,6,,0,0,,1
256,07:50:00,07:50:00,1072,7,,0,0,,1
257,07:30:00,07:30:00,1,1,,0,0,,1
257,07:55:00,07:55:00,1134,2,,0,0,,1
257,08:15:00,08:15:00,1142,3,,0,0,,1
257,08:15:00,08:15:00,1143,4,,0,0,,1
257,08:30:00,08:30:00,1144,5,,0,0,,1
257,08:55:00,08:55:00,1072,6,,0,0,,1
258,08:05:00,08:05:00,1,1,,0,0,,1
258,08:07:00,08:07:00,1072,2,,0,0,,1
258,08:17:00,08:17:00,1146,3,,0,0,,1
258,08:25:00,08:25:00,1134,4,,0,0,,1
258,08:30:00,08:30:00,1144,5,,0,0,,1
258,08:35:00,08:35:00,1142,6,,0,0,,1
258,08:45:00,08:45:00,1143,7,,0,0,,1
258,09:10:00,09:10:00,1145,8,,0,0,,1
258,09:15:00,09:15:00,1143,9,,0,0,,1
258,09:22:00,09:22:00,1142,10,,0,0,,1
258,09:35:00,09:35:00,1144,11,,0,0,,1
259,09:55:00,09:55:00,1134,1,,0,0,,1
259,10:00:00,10:00:00,1144,2,,0,0,,1
259,10:05:00,10:05:00,1142,3,,0,0,,1
259,10:15:00,10:15:00,1143,4,,0,0,,1
259,10:15:00,10:15:00,1145,5,,0,0,,1
259,10:20:00,10:20:00,1143,6,,0,0,,1
259,10:27:00,10:27:00,1142,7,,0,0,,1
259,10:40:00,10:40:00,1144,8,,0,0,,1
260,10:55:00,10:55:00,1134,1,,0,0,,1
260,11:00:00,11:00:00,1144,2,,0,0,,1
260,11:05:00,11:05:00,1142,3,,0,0,,1
260,11:15:00,11:15:00,1143,4,,0,0,,1
260,11:15:00,11:15:00,1145,5,,0,0,,1
260,11:20:00,11:20:00,1143,6,,0,0,,1
260,11:27:00,11:27:00,1142,7,,0,0,,1
260,11:40:00,11:40:00,1144,8,,0,0,,1
260,11:42:00,11:42:00,1134,9,,0,0,,1
260,11:45:00,11:45:00,1146,10,,0,0,,1
260,11:50:00,11:50:00,1072,11,,0,0,,1
261,12:10:00,12:10:00,1,1,,0,0,,1
261,12:12:00,12:12:00,1072,2,,0,0,,1
261,12:22:00,12:22:00,1146,3,,0,0,,1
261,12:30:00,12:30:00,1134,4,,0,0,,1
261,12:35:00,12:35:00,1144,5,,0,0,,1
261,12:40:00,12:40:00,1142,6,,0,0,,1
261,12:50:00,12:50:00,1143,7,,0,0,,1
261,13:05:00,13:05:00,1145,8,,0,0,,1
261,13:10:00,13:10:00,1143,9,,0,0,,1
261,13:17:00,13:17:00,1142,10,,0,0,,1
261,13:30:00,13:30:00,1144,11,,0,0,,1
261,13:32:00,13:32:00,1134,12,,0,0,,1
261,13:35:00,13:35:00,1146,13,,0,0,,1
261,13:40:00,13:40:00,1072,14,,0,0,,1
262,13:35:00,13:35:00,1134,1,,0,0,,1
262,13:40:00,13:40:00,1144,2,,0,0,,1
262,13:45:00,13:45:00,1142,3,,0,0,,1
262,13:55:00,13:55:00,1143,4,,0,0,,1
262,13:55:00,13:55:00,1145,5,,0,0,,1
262,14:00:00,14:00:00,1143,6,,0,0,,1
262,14:07:00,14:07:00,1142,7,,0,0,,1
262,14:15:00,14:15:00,1144,8,,0,0,,1
263,14:05:00,14:05:00,1,1,,0,0,,1
263,14:07:00,14:07:00,1072,2,,0,0,,1
263,14:17:00,14:17:00,1146,3,,0,0,,1
263,14:25:00,14:25:00,1134,4,,0,0,,1
263,14:30:00,14:30:00,1144,5,,0,0,,1
263,14:35:00,14:35:00,1142,6,,0,0,,1
263,14:45:00,14:45:00,1143,7,,0,0,,1
263,14:45:00,14:45:00,1145,8,,0,0,,1
263,14:50:00,14:50:00,1143,9,,0,0,,1
263,14:57:00,14:57:00,1142,10,,0,0,,1
263,15:10:00,15:10:00,1144,11,,0,0,,1
264,13:40:00,13:40:00,1,1,,0,0,,1
264,14:10:00,14:10:00,1134,2,,0,0,,1
264,14:25:00,14:25:00,1143,3,,0,0,,1
264,14:25:00,14:25:00,1145,4,,0,0,,1
264,14:40:00,14:40:00,1143,5,,0,0,,1
264,15:05:00,15:05:00,1072,6,,0,0,,1
265,14:20:00,14:20:00,1,1,,0,0,,1
265,14:50:00,14:50:00,1134,2,,0,0,,1
265,15:10:00,15:10:00,1143,3,,0,0,,1
265,15:10:00,15:10:00,1145,4,,0,0,,1
265,15:15:00,15:15:00,1143,5,,0,0,,1
265,15:25:00,15:25:00,1144,6,,0,0,,1
265,15:55:00,15:55:00,1072,7,,0,0,,1
266,14:40:00,14:40:00,1134,1,,0,0,,1
266,15:10:00,15:10:00,1144,2,,0,0,,1
266,15:20:00,15:20:00,1146,3,,0,0,,1
266,15:25:00,15:25:00,1072,4,,0,0,,1
267,15:20:00,15:20:00,1134,1,,0,0,,1
267,15:25:00,15:25:00,1144,2,,0,0,,1
267,15:30:00,15:30:00,1142,3,,0,0,,1
267,15:40:00,15:40:00,1143,4,,0,0,,1
267,15:55:00,15:55:00,1145,5,,0,0,,1
267,16:00:00,16:00:00,1143,6,,0,0,,1
267,16:07:00,16:07:00,1142,7,,0,0,,1
267,16:20:00,16:20:00,1144,8,,0,0,,1
268,16:25:00,16:25:00,1146,1,,0,0,,1
268,16:30:00,16:30:00,1134,2,,0,0,,1
268,16:35:00,16:35:00,1144,3,,0,0,,1
268,16:40:00,16:40:00,1142,4,,0,0,,1
268,16:50:00,16:50:00,1143,5,,0,0,,1
268,16:50:00,16:50:00,1145,6,,0,0,,1
268,16:55:00,16:55:00,1143,7,,0,0,,1
268,17:02:00,17:02:00,1142,8,,0,0,,1
268,17:15:00,17:15:00,1144,9,,0,0,,1
269,17:25:00,17:25:00,1134,1,,0,0,,1
269,17:30:00,17:30:00,1144,2,,0,0,,1
269,17:35:00,17:35:00,1142,3,,0,0,,1
269,17:45:00,17:45:00,1143,4,,0,0,,1
269,18:10:00,18:10:00,1145,5,,0,0,,1
269,18:15:00,18:15:00,1143,6,,0,0,,1
269,18:22:00,18:22:00,1142,7,,0,0,,1
269,18:35:00,18:35:00,1144,8,,0,0,,1
270,18:45:00,18:45:00,1134,1,,0,0,,1
270,18:50:00,18:50:00,1144,2,,0,0,,1
270,18:55:00,18:55:00,1142,3,,0,0,,1
270,19:05:00,19:05:00,1143,4,,0,0,,1
270,19:05:00,19:05:00,1145,5,,0,0,,1
270,19:10:00,19:10:00,1143,6,,0,0,,1
270,19:17:00,19:17:00,1142,7,,0,0,,1
270,19:30:00,19:30:00,1144,8,,0,0,,1
271,19:40:00,19:40:00,1134,1,,0,0,,1
271,19:45:00,19:45:00,1144,2,,0,0,,1
271,19:50:00,19:50:00,1142,3,,0,0,,1
271,20:00:00,20:00:00,1143,4,,0,0,,1
271,20:00:00,20:00:00,1145,5,,0,0,,1
271,20:05:00,20:05:00,1143,6,,0,0,,1
271,20:12:00,20:12:00,1142,7,,0,0,,1
271,20:25:00,20:25:00,1144,8,,0,0,,1
272,20:35:00,20:35:00,1134,1,,0,0,,1
272,20:40:00,20:40:00,1144,2,,0,0,,1
272,20:45:00,20:45:00,1142,3,,0,0,,1
272,20:55:00,20:55:00,1143,4,,0,0,,1
272,20:55:00,20:55:00,1145,5,,0,0,,1
272,21:00:00,21:00:00,1143,6,,0,0,,1
272,21:07:00,21:07:00,1142,7,,0,0,,1
272,21:15:00,21:15:00,1144,8,,0,0,,1
273,21:15:00,21:15:00,1134,1,,0,0,,1
273,21:20:00,21:20:00,1144,2,,0,0,,1
273,21:25:00,21:25:00,1142,3,,0,0,,1
273,21:35:00,21:35:00,1143,4,,0,0,,1
274,09:35:00,09:35:00,1147,1,,0,0,,1
274,11:40:00,11:40:00,1147,2,,0,0,,1
274,16:30:00,16:30:00,1147,3,,0,0,,1
274,18:20:00,18:20:00,1147,4,,0,0,,1
275,09:38:00,09:38:00,1147,1,,0,0,,1
275,11:43:00,11:43:00,1147,2,,0,0,,1
275,16:33:00,16:33:00,1147,3,,0,0,,1
275,18:23:00,18:23:00,1147,4,,0,0,,1
276,09:40:00,09:40:00,1147,1,,0,0,,1
276,11:45:00,11:45:00,1147,2,,0,0,,1
276,16:35:00,16:35:00,1147,3,,0,0,,1
276,18:25:00,18:25:00,1147,4,,0,0,,1
277,09:42:00,09:42:00,1147,1,,0,0,,1
277,11:47:00,11:47:00,1147,2,,0,0,,1
277,16:37:00,16:37:00,1147,3,,0,0,,1
278,09:45:00,09:45:00,1147,1,,0,0,,1
278,11:50:00,11:50:00,1147,2,,0,0,,1
278,16:40:00,16:40:00,1147,3,,0,0,,1
279,09:50:00,09:50:00,1147,1,,0,0,,1
279,11:55:00,11:55:00,1147,2,,0,0,,1
279,16:45:00,16:45:00,1147,3,,0,0,,1
280,09:50:00,09:50:00,1147,1,,0,0,,1
280,11:55:00,11:55:00,1147,2,,0,0,,1
280,16:45:00,16:45:00,1147,3,,0,0,,1
281,09:53:00,09:53:00,1147,1,,0,0,,1
281,11:58:00,11:58:00,1147,2,,0,0,,1
281,16:48:00,16:48:00,1147,3,,0,0,,1
282,09:55:00,09:55:00,1147,1,,0,0,,1
282,12:00:00,12:00:00,1147,2,,0,0,,1
282,16:50:00,16:50:00,1147,3,,0,0,,1
282,18:25:00,18:25:00,1147,4,,0,0,,1
283,09:57:00,09:57:00,1147,1,,0,0,,1
283,12:02:00,12:02:00,1147,2,,0,0,,1
283,16:52:00,16:52:00,1147,3,,0,0,,1
283,18:27:00,18:27:00,1147,4,,0,0,,1
284,10:00:00,10:00:00,1147,1,,0,0,,1
284,12:05:00,12:05:00,1147,2,,0,0,,1
284,16:55:00,16:55:00,1147,3,,0,0,,1
284,18:30:00,18:30:00,1147,4,,0,0,,1
285,10:00:00,10:00:00,1147,1,,0,0,,1
285,12:05:00,12:05:00,1147,2,,0,0,,1
285,16:55:00,16:55:00,1147,3,,0,0,,1
285,18:35:00,18:35:00,1147,4,,0,0,,1
286,09:25:00,09:25:00,1148,1,,0,0,,1
286,12:40:00,12:40:00,1149,2,,0,0,,1
286,14:00:00,14:00:00,1150,3,,0,0,,1
286,17:00:00,17:00:00,1149,4,,0,0,,1
286,19:10:00,19:10:00,1149,5,,0,0,,1
287,09:55:00,09:55:00,1148,1,,0,0,,1
287,13:00:00,13:00:00,1149,2,,0,0,,1
287,14:20:00,14:20:00,1150,3,,0,0,,1
287,17:20:00,17:20:00,1149,4,,0,0,,1
287,19:30:00,19:30:00,1149,5,,0,0,,1
288,06:20:00,06:20:00,1151,1,,0,0,,1
289,14:10:00,14:10:00,1151,1,,0,0,,1
290,06:25:00,06:25:00,1151,1,,0,0,,1
290,14:15:00,14:15:00,1151,2,,0,0,,1
291,07:00:00,07:00:00,1152,1,,0,0,,1
291,10:00:00,10:00:00,1152,2,,0,0,,1
291,13:00:00,13:00:00,1152,3,,0,0,,1
291,14:30:00,14:30:00,1152,4,,0,0,,1
291,14:25:00,14:25:00,1151,5,,0,0,,1
291,17:20:00,17:20:00,1152,6,,0,0,,1
291,19:30:00,19:30:00,1152,7,,0,0,,1
292,07:03:00,07:03:00,1152,1,,0,0,,1
292,10:03:00,10:03:00,1152,2,,0,0,,1
292,17:23:00,17:23:00,1152,3,,0,0,,1
293,07:10:00,07:10:00,1152,1,,0,0,,1
293,10:10:00,10:10:00,1152,2,,0,0,,1
293,17:30:00,17:30:00,1152,3,,0,0,,1
294,07:15:00,07:15:00,1152,1,,0,0,,1
294,10:15:00,10:15:00,1152,2,,0,0,,1
294,17:35:00,17:35:00,1152,3,,0,0,,1
295,07:20:00,07:20:00,1152,1,,0,0,,1
295,10:30:00,10:30:00,1152,2,,0,0,,1
295,17:50:00,17:50:00,1152,3,,0,0,,1
296,06:40:00,06:40:00,1151,1,,0,0,,1
296,07:25:00,07:25:00,1152,2,,0,0,,1
296,10:35:00,10:35:00,1152,3,,0,0,,1
296,13:05:00,13:05:00,1152,4,,0,0,,1
296,14:35:00,14:35:00,1152,5,,0,0,,1
296,14:35:00,14:35:00,1151,6,,0,0,,1
296,17:55:00,17:55:00,1152,7,,0,0,,1
296,19:35:00,19:35:00,1152,8,,0,0,,1
297,13:10:00,13:10:00,1152,1,,0,0,,1
297,14:40:00,14:40:00,1152,2,,0,0,,1
297,19:40:00,19:40:00,1152,3,,0,0,,1
298,06:50:00,06:50:00,1151,1,,0,0,,1
298,13:15:00,13:15:00,1152,2,,0,0,,1
298,14:45:00,14:45:00,1152,3,,0,0,,1
298,14:45:00,14:45:00,1151,4,,0,0,,1
298,19:45:00,19:45:00,1152,5,,0,0,,1
299,06:55:00,06:55:00,1151,1,,0,0,,1
299,13:20:00,13:20:00,1152,2,,0,0,,1
299,14:50:00,14:50:00,1152,3,,0,0,,1
299,14:55:00,14:55:00,1151,4,,0,0,,1
299,19:50:00,19:50:00,1152,5,,0,0,,1
300,07:00:00,07:00:00,1151,1,,0,0,,1
300,13:25:00,13:25:00,1152,2,,0,0,,1
300,14:55:00,14:55:00,1152,3,,0,0,,1
300,15:05:00,15:05:00,1151,4,,0,0,,1
300,20:00:00,20:00:00,1152,5,,0,0,,1
301,07:10:00,07:10:00,1151,1,,0,0,,1
301,07:50:00,07:50:00,1152,2,,0,0,,1
301,10:45:00,10:45:00,1152,3,,0,0,,1
301,13:35:00,13:35:00,1152,4,,0,0,,1
301,15:05:00,15:05:00,1152,5,,0,0,,1
301,15:10:00,15:10:00,1151,6,,0,0,,1
301,18:05:00,18:05:00,1152,7,,0,0,,1
301,20:05:00,20:05:00,1152,8,,0,0,,1
302,07:15:00,07:15:00,1151,1,,0,0,,1
302,15:20:00,15:20:00,1151,2,,0,0,,1
303,07:30:00,07:30:00,1151,1,,0,0,,1
303,15:25:00,15:25:00,1151,2,,0,0,,1
304,08:00:00,08:00:00,1149,1,,0,0,,1
304,10:50:00,10:50:00,1149,2,,0,0,,1
304,14:00:00,14:00:00,1148,3,,0,0,,1
304,15:25:00,15:25:00,1153,4,,0,0,,1
304,18:35:00,18:35:00,1148,5,,0,0,,1
305,08:20:00,08:20:00,1149,1,,0,0,,1
305,11:10:00,11:10:00,1149,2,,0,0,,1
305,14:20:00,14:20:00,1148,3,,0,0,,1
305,15:50:00,15:50:00,1153,4,,0,0,,1
305,18:55:00,18:55:00,1148,5,,0,0,,1
306,07:15:00,07:15:00,1123,1,,0,0,,1
306,07:17:00,07:17:00,1072,2,,0,0,,1
306,07:19:00,07:19:00,1154,3,,0,0,,1
306,07:23:00,07:23:00,1155,4,,0,0,,1
306,07:27:00,07:27:00,1156,5,,0,0,,1
306,07:30:00,07:30:00,1157,6,,0,0,,1
306,07:35:00,07:35:00,1156,7,,0,0,,1
306,07:37:00,07:37:00,1158,8,,0,0,,1
306,07:40:00,07:40:00,1159,9,,0,0,,1
306,07:45:00,07:45:00,1072,10,,0,0,,1
306,07:50:00,07:50:00,1123,11,,0,0,,1
307,08:20:00,08:20:00,1123,1,,0,0,,1
307,08:22:00,08:22:00,1072,2,,0,0,,1
307,08:25:00,08:25:00,1154,3,,0,0,,1
307,08:30:00,08:30:00,1155,4,,0,0,,1
307,08:35:00,08:35:00,1156,5,,0,0,,1
307,08:40:00,08:40:00,1157,6,,0,0,,1
307,08:45:00,08:45:00,1156,7,,0,0,,1
307,08:47:00,08:47:00,1158,8,,0,0,,1
307,08:50:00,08:50:00,1159,9,,0,0,,1
307,08:55:00,08:55:00,1072,10,,0,0,,1
307,09:00:00,09:00:00,1123,11,,0,0,,1
308,10:00:00,10:00:00,1123,1,,0,0,,1
308,10:02:00,10:02:00,1072,2,,0,0,,1
308,10:05:00,10:05:00,1154,3,,0,0,,1
308,10:10:00,10:10:00,1155,4,,0,0,,1
308,10:15:00,10:15:00,1156,5,,0,0,,1
308,10:20:00,10:20:00,1157,6,,0,0,,1
308,10:25:00,10:25:00,1156,7,,0,0,,1
308,10:27:00,10:27:00,1158,8,,0,0,,1
308,10:30:00,10:30:00,1159,9,,0,0,,1
308,10:35:00,10:35:00,1072,10,,0,0,,1
308,10:40:00,10:40:00,1123,11,,0,0,,1
309,11:20:00,11:20:00,1123,1,,0,0,,1
309,11:22:00,11:22:00,1072,2,,0,0,,1
309,11:25:00,11:25:00,1154,3,,0,0,,1
309,11:30:00,11:30:00,1155,4,,0,0,,1
309,11:35:00,11:35:00,1156,5,,0,0,,1
309,11:40:00,11:40:00,1157,6,,0,0,,1
309,11:45:00,11:45:00,1156,7,,0,0,,1
309,11:47:00,11:47:00,1158,8,,0,0,,1
309,11:50:00,11:50:00,1159,9,,0,0,,1
309,11:55:00,11:55:00,1072,10,,0,0,,1
309,12:00:00,12:00:00,1123,11,,0,0,,1
310,13:20:00,13:20:00,1123,1,,0,0,,1
310,13:22:00,13:22:00,1072,2,,0,0,,1
310,13:25:00,13:25:00,1154,3,,0,0,,1
310,13:30:00,13:30:00,1155,4,,0,0,,1
310,13:35:00,13:35:00,1156,5,,0,0,,1
310,13:40:00,13:40:00,1157,6,,0,0,,1
310,13:45:00,13:45:00,1156,7,,0,0,,1
310,13:47:00,13:47:00,1158,8,,0,0,,1
310,13:50:00,13:50:00,1159,9,,0,0,,1
310,13:55:00,13:55:00,1072,10,,0,0,,1
310,14:00:00,14:00:00,1123,11,,0,0,,1
311,13:40:00,13:40:00,1123,1,,0,0,,1
311,13:42:00,13:42:00,1072,2,,0,0,,1
311,13:50:00,13:50:00,1155,3,,0,0,,1
311,13:55:00,13:55:00,1156,4,,0,0,,1
311,14:00:00,14:00:00,1157,5,,0,0,,1
311,14:05:00,14:05:00,1156,6,,0,0,,1
311,14:07:00,14:07:00,1158,7,,0,0,,1
311,14:20:00,14:20:00,1123,8,,0,0,,1
312,14:20:00,14:20:00,1123,1,,0,0,,1
312,14:22:00,14:22:00,1072,2,,0,0,,1
312,14:30:00,14:30:00,1155,3,,0,0,,1
312,14:35:00,14:35:00,1156,4,,0,0,,1
312,14:40:00,14:40:00,1157,5,,0,0,,1
312,14:45:00,14:45:00,1156,6,,0,0,,1
312,14:47:00,14:47:00,1158,7,,0,0,,1
312,14:50:00,14:50:00,1159,8,,0,0,,1
312,14:55:00,14:55:00,1072,9,,0,0,,1
312,15:00:00,15:00:00,1123,10,,0,0,,1
313,16:30:00,16:30:00,1123,1,,0,0,,1
313,16:32:00,16:32:00,1072,2,,0,0,,1
313,16:35:00,16:35:00,1154,3,,0,0,,1
313,16:40:00,16:40:00,1155,4,,0,0,,1
313,16:45:00,16:45:00,1156,5,,0,0,,1
313,16:50:00,16:50:00,1157,6,,0,0,,1
313,16:55:00,16:55:00,1156,7,,0,0,,1
313,16:57:00,16:57:00,1158,8,,0,0,,1
313,17:00:00,17:00:00,1159,9,,0,0,,1
313,17:05:00,17:05:00,1072,10,,0,0,,1
313,17:10:00,17:10:00,1123,11,,0,0,,1
314,17:40:00,17:40:00,1123,1,,0,0,,1
314,17:42:00,17:42:00,1072,2,,0,0,,1
314,17:45:00,17:45:00,1154,3,,0,0,,1
314,17:50:00,17:50:00,1155,4,,0,0,,1
314,17:55:00,17:55:00,1156,5,,0,0,,1
314,18:00:00,18:00:00,1157,6,,0,0,,1
314,18:05:00,18:05:00,1156,7,,0,0,,1
314,18:07:00,18:07:00,1158,8,,0,0,,1
314,18:10:00,18:10:00,1159,9,,0,0,,1
314,18:15:00,18:15:00,1072,10,,0,0,,1
314,18:20:00,18:20:00,1123,11,,0,0,,1
315,20:00:00,20:00:00,1123,1,,0,0,,1
315,20:02:00,20:02:00,1072,2,,0,0,,1
315,20:05:00,20:05:00,1154,3,,0,0,,1
315,20:10:00,20:10:00,1155,4,,0,0,,1
315,20:15:00,20:15:00,1156,5,,0,0,,1
315,20:20:00,20:20:00,1157,6,,0,0,,1
315,20:25:00,20:25:00,1156,7,,0,0,,1
315,20:27:00,20:27:00,1158,8,,0,0,,1
315,20:30:00,20:30:00,1159,9,,0,0,,1
315,20:35:00,20:35:00,1072,10,,0,0,,1
315,20:40:00,20:40:00,1123,11,,0,0,,1
316,07:00:00,07:00:00,1160,1,,0,0,,1
316,07:05:00,07:05:00,1161,2,,0,0,,1
316,07:10:00,07:10:00,1162,3,,0,0,,1
316,07:20:00,07:20:00,1154,4,,0,0,,1
316,07:25:00,07:25:00,1123,5,,0,0,,1
317,06:55:00,06:55:00,1123,1,,0,0,,1
317,07:03:00,07:03:00,1162,2,,0,0,,1
317,07:15:00,07:15:00,1161,3,,0,0,,1
317,07:20:00,07:20:00,1160,4,,0,0,,1
317,07:25:00,07:25:00,1161,5,,0,0,,1
317,07:30:00,07:30:00,1162,6,,0,0,,1
317,07:40:00,07:40:00,1154,7,,0,0,,1
317,07:50:00,07:50:00,1123,8,,0,0,,1
318,08:00:00,08:00:00,1123,1,,0,0,,1
318,08:05:00,08:05:00,1154,2,,0,0,,1
318,08:08:00,08:08:00,1162,3,,0,0,,1
318,08:20:00,08:20:00,1161,4,,0,0,,1
318,08:25:00,08:25:00,1160,5,,0,0,,1
318,08:30:00,08:30:00,1161,6,,0,0,,1
318,08:35:00,08:35:00,1162,7,,0,0,,1
318,08:45:00,08:45:00,1154,8,,0,0,,1
318,08:55:00,08:55:00,1123,9,,0,0,,1
319,10:30:00,10:30:00,1123,1,,0,0,,1
319,10:35:00,10:35:00,1154,2,,0,0,,1
319,10:38:00,10:38:00,1162,3,,0,0,,1
319,10:50:00,10:50:00,1161,4,,0,0,,1
319,10:55:00,10:55:00,1160,5,,0,0,,1
319,11:00:00,11:00:00,1161,6,,0,0,,1
319,11:05:00,11:05:00,1162,7,,0,0,,1
319,11:15:00,11:15:00,1154,8,,0,0,,1
319,11:25:00,11:25:00,1123,9,,0,0,,1
320,13:00:00,13:00:00,1123,1,,0,0,,1
320,13:05:00,13:05:00,1154,2,,0,0,,1
320,13:08:00,13:08:00,1162,3,,0,0,,1
320,13:20:00,13:20:00,1161,4,,0,0,,1
320,13:30:00,13:30:00,1160,5,,0,0,,1
320,13:35:00,13:35:00,1161,6,,0,0,,1
320,13:40:00,13:40:00,1162,7,,0,0,,1
320,14:00:00,14:00:00,1123,8,,0,0,,1
321,13:45:00,13:45:00,1123,1,,0,0,,1
321,13:50:00,13:50:00,1154,2,,0,0,,1
321,13:53:00,13:53:00,1162,3,,0,0,,1
321,14:05:00,14:05:00,1161,4,,0,0,,1
321,14:10:00,14:10:00,1160,5,,0,0,,1
321,14:15:00,14:15:00,1161,6,,0,0,,1
321,14:20:00,14:20:00,1162,7,,0,0,,1
321,14:30:00,14:30:00,1154,8,,0,0,,1
321,14:40:00,14:40:00,1123,9,,0,0,,1
322,14:20:00,14:20:00,1123,1,,0,0,,1
322,14:25:00,14:25:00,1154,2,,0,0,,1
322,14:28:00,14:28:00,1162,3,,0,0,,1
322,14:40:00,14:40:00,1161,4,,0,0,,1
322,14:45:00,14:45:00,1160,5,,0,0,,1
322,14:50:00,14:50:00,1161,6,,0,0,,1
322,14:55:00,14:55:00,1162,7,,0,0,,1
322,15:05:00,15:05:00,1154,8,,0,0,,1
322,15:15:00,15:15:00,1123,9,,0,0,,1
323,15:20:00,15:20:00,1123,1,,0,0,,1
323,15:25:00,15:25:00,1154,2,,0,0,,1
323,15:28:00,15:28:00,1162,3,,0,0,,1
323,15:40:00,15:40:00,1161,4,,0,0,,1
323,15:45:00,15:45:00,1160,5,,0,0,,1
323,15:50:00,15:50:00,1161,6,,0,0,,1
323,15:55:00,15:55:00,1162,7,,0,0,,1
323,16:05:00,16:05:00,1154,8,,0,0,,1
323,16:15:00,16:15:00,1123,9,,0,0,,1
324,17:40:00,17:40:00,1123,1,,0,0,,1
324,17:45:00,17:45:00,1154,2,,0,0,,1
324,17:48:00,17:48:00,1162,3,,0,0,,1
324,18:00:00,18:00:00,1161,4,,0,0,,1
324,18:05:00,18:05:00,1160,5,,0,0,,1
324,18:10:00,18:10:00,1161,6,,0,0,,1
324,18:15:00,18:15:00,1162,7,,0,0,,1
324,18:25:00,18:25:00,1154,8,,0,0,,1
324,18:35:00,18:35:00,1123,9,,0,0,,1
325,19:35:00,19:35:00,1123,1,,0,0,,1
325,19:40:00,19:40:00,1154,2,,0,0,,1
325,19:43:00,19:43:00,1162,3,,0,0,,1
325,19:55:00,19:55:00,1161,4,,0,0,,1
325,20:00:00,20:00:00,1160,5,,0,0,,1
325,20:05:00,20:05:00,1161,6,,0,0,,1
325,20:10:00,20:10:00,1162,7,,0,0,,1
325,20:20:00,20:20:00,1154,8,,0,0,,1
325,20:30:00,20:30:00,1123,9,,0,0,,1
326,07:25:00,07:25:00,1163,1,,0,0,,1
326,07:40:00,07:40:00,1164,2,,0,0,,1
327,06:55:00,06:55:00,1165,1,,0,0,,1
327,07:00:00,07:00:00,1166,2,,0,0,,1
327,07:03:00,07:03:00,1167,3,,0,0,,1
327,07:10:00,07:10:00,1168,4,,0,0,,1
327,07:15:00,07:15:00,1169,5,,0,0,,1
327,07:20:00,07:20:00,1170,6,,0,0,,1
327,08:10:00,08:10:00,1164,7,,0,0,,1
328,07:55:00,07:55:00,1165,1,,0,0,,1
328,08:03:00,08:03:00,1166,2,,0,0,,1
328,08:05:00,08:05:00,1167,3,,0,0,,1
328,08:13:00,08:13:00,1171,4,,0,0,,1
328,08:15:00,08:15:00,1168,5,,0,0,,1
328,08:20:00,08:20:00,1169,6,,0,0,,1
328,08:25:00,08:25:00,1170,7,,0,0,,1
328,08:30:00,08:30:00,1172,8,,0,0,,1
328,08:40:00,08:40:00,1163,9,,0,0,,1
328,08:55:00,08:55:00,1164,10,,0,0,,1
329,09:10:00,09:10:00,1165,1,,0,0,,1
329,09:18:00,09:18:00,1166,2,,0,0,,1
329,09:20:00,09:20:00,1167,3,,0,0,,1
329,09:28:00,09:28:00,1171,4,,0,0,,1
329,09:30:00,09:30:00,1168,5,,0,0,,1
329,09:35:00,09:35:00,1169,6,,0,0,,1
329,09:40:00,09:40:00,1170,7,,0,0,,1
329,09:45:00,09:45:00,1172,8,,0,0,,1
329,09:55:00,09:55:00,1163,9,,0,0,,1
329,10:10:00,10:10:00,1164,10,,0,0,,1
330,11:30:00,11:30:00,1165,1,,0,0,,1
330,11:38:00,11:38:00,1166,2,,0,0,,1
330,11:40:00,11:40:00,1167,3,,0,0,,1
330,11:48:00,11:48:00,1171,4,,0,0,,1
330,11:50:00,11:50:00,1168,5,,0,0,,1
330,11:55:00,11:55:00,1169,6,,0,0,,1
330,12:00:00,12:00:00,1170,7,,0,0,,1
330,12:05:00,12:05:00,1172,8,,0,0,,1
330,12:15:00,12:15:00,1163,9,,0,0,,1
330,12:30:00,12:30:00,1164,10,,0,0,,1
331,12:45:00,12:45:00,1165,1,,0,0,,1
331,12:53:00,12:53:00,1166,2,,0,0,,1
331,12:55:00,12:55:00,1167,3,,0,0,,1
331,13:03:00,13:03:00,1171,4,,0,0,,1
331,13:05:00,13:05:00,1168,5,,0,0,,1
331,13:10:00,13:10:00,1169,6,,0,0,,1
331,13:15:00,13:15:00,1170,7,,0,0,,1
331,13:20:00,13:20:00,1172,8,,0,0,,1
331,13:30:00,13:30:00,1163,9,,0,0,,1
331,13:45:00,13:45:00,1164,10,,0,0,,1
332,13:45:00,13:45:00,1165,1,,0,0,,1
332,13:53:00,13:53:00,1166,2,,0,0,,1
332,13:55:00,13:55:00,1167,3,,0,0,,1
332,14:03:00,14:03:00,1171,4,,0,0,,1
332,14:05:00,14:05:00,1168,5,,0,0,,1
332,14:10:00,14:10:00,1169,6,,0,0,,1
332,14:15:00,14:15:00,1170,7,,0,0,,1
332,14:20:00,14:20:00,1172,8,,0,0,,1
332,14:30:00,14:30:00,1163,9,,0,0,,1
332,14:45:00,14:45:00,1164,10,,0,0,,1
333,13:55:00,13:55:00,1165,1,,0,0,,1
333,14:03:00,14:03:00,1166,2,,0,0,,1
333,14:05:00,14:05:00,1167,3,,0,0,,1
333,14:15:00,14:15:00,1168,4,,0,0,,1
333,14:25:00,14:25:00,1169,5,,0,0,,1
333,14:30:00,14:30:00,1170,6,,0,0,,1
333,15:00:00,15:00:00,1164,7,,0,0,,1
334,13:55:00,13:55:00,1165,1,,0,0,,1
334,14:25:00,14:25:00,1171,2,,0,0,,1
334,14:35:00,14:35:00,1172,3,,0,0,,1
334,14:45:00,14:45:00,1163,4,,0,0,,1
334,14:55:00,14:55:00,1164,5,,0,0,,1
335,14:25:00,14:25:00,1165,1,,0,0,,1
335,14:33:00,14:33:00,1166,2,,0,0,,1
335,14:35:00,14:35:00,1167,3,,0,0,,1
335,14:43:00,14:43:00,1171,4,,0,0,,1
335,14:45:00,14:45:00,1168,5,,0,0,,1
335,14:50:00,14:50:00,1169,6,,0,0,,1
335,14:55:00,14:55:00,1170,7,,0,0,,1
335,15:00:00,15:00:00,1172,8,,0,0,,1
335,15:10:00,15:10:00,1163,9,,0,0,,1
335,15:25:00,15:25:00,1164,10,,0,0,,1
336,16:00:00,16:00:00,1165,1,,0,0,,1
336,16:08:00,16:08:00,1166,2,,0,0,,1
336,16:10:00,16:10:00,1167,3,,0,0,,1
336,16:18:00,16:18:00,1171,4,,0,0,,1
336,16:20:00,16:20:00,1168,5,,0,0,,1
336,16:25:00,16:25:00,1169,6,,0,0,,1
336,16:30:00,16:30:00,1170,7,,0,0,,1
336,16:35:00,16:35:00,1172,8,,0,0,,1
336,16:45:00,16:45:00,1163,9,,0,0,,1
336,17:00:00,17:00:00,1164,10,,0,0,,1
337,17:40:00,17:40:00,1165,1,,0,0,,1
337,17:48:00,17:48:00,1166,2,,0,0,,1
337,17:50:00,17:50:00,1167,3,,0,0,,1
337,17:58:00,17:58:00,1171,4,,0,0,,1
337,18:00:00,18:00:00,1168,5,,0,0,,1
337,18:05:00,18:05:00,1169,6,,0,0,,1
337,18:10:00,18:10:00,1170,7,,0,0,,1
337,18:15:00,18:15:00,1172,8,,0,0,,1
337,18:25:00,18:25:00,1163,9,,0,0,,1
337,18:40:00,18:40:00,1164,10,,0,0,,1
338,19:00:00,19:00:00,1165,1,,0,0,,1
338,19:08:00,19:08:00,1166,2,,0,0,,1
338,19:10:00,19:10:00,1167,3,,0,0,,1
338,19:18:00,19:18:00,1171,4,,0,0,,1
338,19:20:00,19:20:00,1168,5,,0,0,,1
338,19:25:00,19:25:00,1169,6,,0,0,,1
338,19:30:00,19:30:00,1170,7,,0,0,,1
338,19:35:00,19:35:00,1172,8,,0,0,,1
338,19:45:00,19:45:00,1163,9,,0,0,,1
338,20:00:00,20:00:00,1164,10,,0,0,,1
339,20:15:00,20:15:00,1165,1,,0,0,,1
339,20:23:00,20:23:00,1166,2,,0,0,,1
339,20:25:00,20:25:00,1167,3,,0,0,,1
339,20:33:00,20:33:00,1171,4,,0,0,,1
339,20:35:00,20:35:00,1168,5,,0,0,,1
339,20:40:00,20:40:00,1169,6,,0,0,,1
339,20:42:00,20:42:00,1170,7,,0,0,,1
339,20:46:00,20:46:00,1172,8,,0,0,,1
339,21:00:00,21:00:00,1163,9,,0,0,,1
340,07:40:00,07:40:00,1,1,,0,0,,1
340,07:43:00,07:43:00,1068,2,,0,0,,1
340,07:50:00,07:50:00,1173,3,,0,0,,1
340,07:55:00,07:55:00,1174,4,,0,0,,1
340,08:00:00,08:00:00,1175,5,,0,0,,1
340,08:05:00,08:05:00,1174,6,,0,0,,1
340,08:10:00,08:10:00,1173,7,,0,0,,1
340,08:17:00,08:17:00,1068,8,,0,0,,1
340,08:20:00,08:20:00,1,9,,0,0,,1
341,07:50:00,07:50:00,1,1,,0,0,,1
341,07:53:00,07:53:00,1068,2,,0,0,,1
341,08:00:00,08:00:00,1173,3,,0,0,,1
341,08:05:00,08:05:00,1174,4,,0,0,,1
341,08:10:00,08:10:00,1175,5,,0,0,,1
342,08:00:00,08:00:00,1,1,,0,0,,1
342,08:03:00,08:03:00,1068,2,,0,0,,1
342,08:10:00,08:10:00,1173,3,,0,0,,1
342,08:15:00,08:15:00,1174,4,,0,0,,1
342,08:20:00,08:20:00,1175,5,,0,0,,1
343,08:00:00,08:00:00,1,1,,0,0,,1
343,08:03:00,08:03:00,1068,2,,0,0,,1
343,08:10:00,08:10:00,1173,3,,0,0,,1
343,08:15:00,08:15:00,1174,4,,0,0,,1
343,08:20:00,08:20:00,1175,5,,0,0,,1
344,08:05:00,08:05:00,1,1,,0,0,,1
344,08:08:00,08:08:00,1068,2,,0,0,,1
344,08:15:00,08:15:00,1173,3,,0,0,,1
344,08:20:00,08:20:00,1174,4,,0,0,,1
344,08:25:00,08:25:00,1175,5,,0,0,,1
345,08:10:00,08:10:00,1,1,,0,0,,1
345,08:13:00,08:13:00,1068,2,,0,0,,1
345,08:20:00,08:20:00,1173,3,,0,0,,1
345,08:25:00,08:25:00,1174,4,,0,0,,1
345,08:30:00,08:30:00,1175,5,,0,0,,1
345,08:35:00,08:35:00,1174,6,,0,0,,1
345,08:40:00,08:40:00,1173,7,,0,0,,1
345,08:47:00,08:47:00,1068,8,,0,0,,1
345,08:50:00,08:50:00,1,9,,0,0,,1
346,08:15:00,08:15:00,1,1,,0,0,,1
346,08:18:00,08:18:00,1068,2,,0,0,,1
346,08:25:00,08:25:00,1173,3,,0,0,,1
346,08:30:00,08:30:00,1174,4,,0,0,,1
346,08:35:00,08:35:00,1175,5,,0,0,,1
346,08:40:00,08:40:00,1174,6,,0,0,,1
346,08:45:00,08:45:00,1173,7,,0,0,,1
346,08:52:00,08:52:00,1068,8,,0,0,,1
346,08:55:00,08:55:00,1,9,,0,0,,1
347,08:20:00,08:20:00,1,1,,0,0,,1
347,08:23:00,08:23:00,1068,2,,0,0,,1
347,08:30:00,08:30:00,1173,3,,0,0,,1
347,08:35:00,08:35:00,1174,4,,0,0,,1
347,08:40:00,08:40:00,1175,5,,0,0,,1
347,08:45:00,08:45:00,1174,6,,0,0,,1
347,08:50:00,08:50:00,1173,7,,0,0,,1
347,08:57:00,08:57:00,1068,8,,0,0,,1
347,09:00:00,09:00:00,1,9,,0,0,,1
348,08:30:00,08:30:00,1,1,,0,0,,1
348,08:33:00,08:33:00,1068,2,,0,0,,1
348,08:40:00,08:40:00,1173,3,,0,0,,1
348,08:45:00,08:45:00,1174,4,,0,0,,1
348,08:50:00,08:50:00,1175,5,,0,0,,1
348,08:55:00,08:55:00,1174,6,,0,0,,1
348,09:00:00,09:00:00,1173,7,,0,0,,1
348,09:07:00,09:07:00,1068,8,,0,0,,1
348,09:10:00,09:10:00,1,9,,0,0,,1
349,08:45:00,08:45:00,1,1,,0,0,,1
349,08:48:00,08:48:00,1068,2,,0,0,,1
349,08:55:00,08:55:00,1173,3,,0,0,,1
349,09:00:00,09:00:00,1174,4,,0,0,,1
349,09:05:00,09:05:00,1175,5,,0,0,,1
349,09:10:00,09:10:00,1174,6,,0,0,,1
349,09:15:00,09:15:00,1173,7,,0,0,,1
349,09:22:00,09:22:00,1068,8,,0,0,,1
349,09:25:00,09:25:00,1,9,,0,0,,1
350,08:50:00,08:50:00,1,1,,0,0,,1
350,09:10:00,09:10:00,1175,2,,0,0,,1
350,09:15:00,09:15:00,1174,3,,0,0,,1
350,09:20:00,09:20:00,1173,4,,0,0,,1
350,09:27:00,09:27:00,1068,5,,0,0,,1
350,09:30:00,09:30:00,1,6,,0,0,,1
351,09:05:00,09:05:00,1,1,,0,0,,1
351,09:08:00,09:08:00,1068,2,,0,0,,1
351,09:15:00,09:15:00,1173,3,,0,0,,1
351,09:20:00,09:20:00,1174,4,,0,0,,1
351,09:25:00,09:25:00,1175,5,,0,0,,1
351,09:30:00,09:30:00,1174,6,,0,0,,1
351,09:35:00,09:35:00,1173,7,,0,0,,1
351,09:42:00,09:42:00,1068,8,,0,0,,1
351,09:45:00,09:45:00,1,9,,0,0,,1
352,09:20:00,09:20:00,1,1,,0,0,,1
352,09:23:00,09:23:00,1068,2,,0,0,,1
352,09:30:00,09:30:00,1173,3,,0,0,,1
352,09:35:00,09:35:00,1174,4,,0,0,,1
352,09:40:00,09:40:00,1175,5,,0,0,,1
352,09:45:00,09:45:00,1174,6,,0,0,,1
352,09:50:00,09:50:00,1173,7,,0,0,,1
352,09:57:00,09:57:00,1068,8,,0,0,,1
352,10:00:00,10:00:00,1,9,,0,0,,1
353,09:45:00,09:45:00,1,1,,0,0,,1
353,09:48:00,09:48:00,1068,2,,0,0,,1
353,09:55:00,09:55:00,1173,3,,0,0,,1
353,10:00:00,10:00:00,1174,4,,0,0,,1
353,10:05:00,10:05:00,1175,5,,0,0,,1
353,10:10:00,10:10:00,1174,6,,0,0,,1
353,10:15:00,10:15:00,1173,7,,0,0,,1
353,10:22:00,10:22:00,1068,8,,0,0,,1
353,10:25:00,10:25:00,1,9,,0,0,,1
354,10:10:00,10:10:00,1,1,,0,0,,1
354,10:13:00,10:13:00,1068,2,,0,0,,1
354,10:20:00,10:20:00,1173,3,,0,0,,1
354,10:25:00,10:25:00,1174,4,,0,0,,1
354,10:30:00,10:30:00,1175,5,,0,0,,1
355,10:20:00,10:20:00,1,1,,0,0,,1
355,10:40:00,10:40:00,1175,2,,0,0,,1
355,10:45:00,10:45:00,1174,3,,0,0,,1
355,10:50:00,10:50:00,1173,4,,0,0,,1
355,10:57:00,10:57:00,1068,5,,0,0,,1
355,11:00:00,11:00:00,1,6,,0,0,,1
356,10:50:00,10:50:00,1,1,,0,0,,1
356,10:53:00,10:53:00,1068,2,,0,0,,1
356,11:00:00,11:00:00,1173,3,,0,0,,1
356,11:05:00,11:05:00,1174,4,,0,0,,1
356,11:10:00,11:10:00,1175,5,,0,0,,1
356,11:15:00,11:15:00,1174,6,,0,0,,1
356,11:20:00,11:20:00,1173,7,,0,0,,1
356,11:27:00,11:27:00,1068,8,,0,0,,1
356,11:30:00,11:30:00,1,9,,0,0,,1
357,11:05:00,11:05:00,1,1,,0,0,,1
357,11:08:00,11:08:00,1068,2,,0,0,,1
357,11:15:00,11:15:00,1173,3,,0,0,,1
357,11:20:00,11:20:00,1174,4,,0,0,,1
357,11:25:00,11:25:00,1175,5,,0,0,,1
358,11:20:00,11:20:00,1,1,,0,0,,1
358,11:40:00,11:40:00,1175,2,,0,0,,1
358,11:45:00,11:45:00,1174,3,,0,0,,1
358,11:50:00,11:50:00,1173,4,,0,0,,1
358,11:57:00,11:57:00,1068,5,,0,0,,1
358,12:00:00,12:00:00,1,6,,0,0,,1
359,12:05:00,12:05:00,1,1,,0,0,,1
359,12:08:00,12:08:00,1068,2,,0,0,,1
359,12:15:00,12:15:00,1173,3,,0,0,,1
359,12:20:00,12:20:00,1174,4,,0,0,,1
359,12:25:00,12:25:00,1175,5,,0,0,,1
359,12:30:00,12:30:00,1174,6,,0,0,,1
359,12:35:00,12:35:00,1173,7,,0,0,,1
359,12:42:00,12:42:00,1068,8,,0,0,,1
359,12:45:00,12:45:00,1,9,,0,0,,1
360,12:45:00,12:45:00,1,1,,0,0,,1
360,12:48:00,12:48:00,1068,2,,0,0,,1
360,12:55:00,12:55:00,1173,3,,0,0,,1
360,13:00:00,13:00:00,1174,4,,0,0,,1
360,13:05:00,13:05:00,1175,5,,0,0,,1
360,13:10:00,13:10:00,1174,6,,0,0,,1
360,13:15:00,13:15:00,1173,7,,0,0,,1
360,13:22:00,13:22:00,1068,8,,0,0,,1
360,13:25:00,13:25:00,1,9,,0,0,,1
361,13:05:00,13:05:00,1,1,,0,0,,1
361,13:08:00,13:08:00,1068,2,,0,0,,1
361,13:15:00,13:15:00,1173,3,,0,0,,1
361,13:20:00,13:20:00,1174,4,,0,0,,1
361,13:25:00,13:25:00,1175,5,,0,0,,1
361,13:30:00,13:30:00,1174,6,,0,0,,1
361,13:35:00,13:35:00,1173,7,,0,0,,1
361,13:42:00,13:42:00,1068,8,,0,0,,1
361,13:45:00,13:45:00,1,9,,0,0,,1
362,13:10:00,13:10:00,1,1,,0,0,,1
362,13:13:00,13:13:00,1068,2,,0,0,,1
362,13:20:00,13:20:00,1173,3,,0,0,,1
362,13:25:00,13:25:00,1174,4,,0,0,,1
362,13:30:00,13:30:00,1175,5,,0,0,,1
363,13:20:00,13:20:00,1,1,,0,0,,1
363,13:40:00,13:40:00,1175,2,,0,0,,1
363,13:45:00,13:45:00,1174,3,,0,0,,1
363,13:50:00,13:50:00,1173,4,,0,0,,1
363,13:57:00,13:57:00,1068,5,,0,0,,1
363,14:00:00,14:00:00,1,6,,0,0,,1
364,13:20:00,13:20:00,1,1,,0,0,,1
364,13:23:00,13:23:00,1068,2,,0,0,,1
364,13:30:00,13:30:00,1173,3,,0,0,,1
364,13:35:00,13:35:00,1174,4,,0,0,,1
364,13:40:00,13:40:00,1175,5,,0,0,,1
364,13:45:00,13:45:00,1174,6,,0,0,,1
364,13:50:00,13:50:00,1173,7,,0,0,,1
364,13:57:00,13:57:00,1068,8,,0,0,,1
364,14:00:00,14:00:00,1,9,,0,0,,1
365,14:05:00,14:05:00,1,1,,0,0,,1
365,14:08:00,14:08:00,1068,2,,0,0,,1
365,14:15:00,14:15:00,1173,3,,0,0,,1
365,14:20:00,14:20:00,1174,4,,0,0,,1
365,14:25:00,14:25:00,1175,5,,0,0,,1
365,14:30:00,14:30:00,1174,6,,0,0,,1
365,14:35:00,14:35:00,1173,7,,0,0,,1
365,14:42:00,14:42:00,1068,8,,0,0,,1
365,14:45:00,14:45:00,1,9,,0,0,,1
366,14:20:00,14:20:00,1,1,,0,0,,1
366,14:23:00,14:23:00,1068,2,,0,0,,1
366,14:30:00,14:30:00,1173,3,,0,0,,1
366,14:35:00,14:35:00,1174,4,,0,0,,1
366,14:40:00,14:40:00,1175,5,,0,0,,1
366,14:45:00,14:45:00,1174,6,,0,0,,1
366,14:50:00,14:50:00,1173,7,,0,0,,1
366,14:57:00,14:57:00,1068,8,,0,0,,1
366,15:00:00,15:00:00,1,9,,0,0,,1
367,15:00:00,15:00:00,1,1,,0,0,,1
367,15:03:00,15:03:00,1068,2,,0,0,,1
367,15:10:00,15:10:00,1173,3,,0,0,,1
367,15:15:00,15:15:00,1174,4,,0,0,,1
367,15:20:00,15:20:00,1175,5,,0,0,,1
367,15:25:00,15:25:00,1174,6,,0,0,,1
367,15:30:00,15:30:00,1173,7,,0,0,,1
367,15:37:00,15:37:00,1068,8,,0,0,,1
367,15:40:00,15:40:00,1,9,,0,0,,1
368,16:05:00,16:05:00,1,1,,0,0,,1
368,16:08:00,16:08:00,1068,2,,0,0,,1
368,16:15:00,16:15:00,1173,3,,0,0,,1
368,16:20:00,16:20:00,1174,4,,0,0,,1
368,16:25:00,16:25:00,1175,5,,0,0,,1
369,16:15:00,16:15:00,1,1,,0,0,,1
369,16:35:00,16:35:00,1175,2,,0,0,,1
369,16:40:00,16:40:00,1174,3,,0,0,,1
369,16:45:00,16:45:00,1173,4,,0,0,,1
369,16:52:00,16:52:00,1068,5,,0,0,,1
369,16:55:00,16:55:00,1,6,,0,0,,1
370,16:15:00,16:15:00,1,1,,0,0,,1
370,16:18:00,16:18:00,1068,2,,0,0,,1
370,16:25:00,16:25:00,1173,3,,0,0,,1
370,16:30:00,16:30:00,1174,4,,0,0,,1
370,16:35:00,16:35:00,1175,5,,0,0,,1
370,16:40:00,16:40:00,1174,6,,0,0,,1
370,16:45:00,16:45:00,1173,7,,0,0,,1
370,16:52:00,16:52:00,1068,8,,0,0,,1
370,16:55:00,16:55:00,1,9,,0,0,,1
371,17:20:00,17:20:00,1,1,,0,0,,1
371,17:23:00,17:23:00,1068,2,,0,0,,1
371,17:30:00,17:30:00,1173,3,,0,0,,1
371,17:35:00,17:35:00,1174,4,,0,0,,1
371,17:40:00,17:40:00,1175,5,,0,0,,1
371,17:45:00,17:45:00,1174,6,,0,0,,1
371,17:50:00,17:50:00,1173,7,,0,0,,1
371,17:57:00,17:57:00,1068,8,,0,0,,1
371,18:00:00,18:00:00,1,9,,0,0,,1
372,17:20:00,17:20:00,1,1,,0,0,,1
372,17:23:00,17:23:00,1068,2,,0,0,,1
372,17:30:00,17:30:00,1173,3,,0,0,,1
372,17:35:00,17:35:00,1174,4,,0,0,,1
372,17:40:00,17:40:00,1175,5,,0,0,,1
372,17:45:00,17:45:00,1174,6,,0,0,,1
372,17:50:00,17:50:00,1173,7,,0,0,,1
372,17:57:00,17:57:00,1068,8,,0,0,,1
372,18:00:00,18:00:00,1,9,,0,0,,1
373,17:40:00,17:40:00,1,1,,0,0,,1
373,17:43:00,17:43:00,1068,2,,0,0,,1
373,17:50:00,17:50:00,1173,3,,0,0,,1
373,17:55:00,17:55:00,1174,4,,0,0,,1
373,18:00:00,18:00:00,1175,5,,0,0,,1
373,18:05:00,18:05:00,1174,6,,0,0,,1
373,18:10:00,18:10:00,1173,7,,0,0,,1
373,18:17:00,18:17:00,1068,8,,0,0,,1
373,18:20:00,18:20:00,1,9,,0,0,,1
374,18:20:00,18:20:00,1,1,,0,0,,1
374,18:23:00,18:23:00,1068,2,,0,0,,1
374,18:30:00,18:30:00,1173,3,,0,0,,1
374,18:35:00,18:35:00,1174,4,,0,0,,1
374,18:40:00,18:40:00,1175,5,,0,0,,1
374,18:45:00,18:45:00,1174,6,,0,0,,1
374,18:50:00,18:50:00,1173,7,,0,0,,1
374,18:57:00,18:57:00,1068,8,,0,0,,1
374,19:00:00,19:00:00,1,9,,0,0,,1
375,19:00:00,19:00:00,1,1,,0,0,,1
375,19:03:00,19:03:00,1068,2,,0,0,,1
375,19:10:00,19:10:00,1173,3,,0,0,,1
375,19:15:00,19:15:00,1174,4,,0,0,,1
375,19:20:00,19:20:00,1175,5,,0,0,,1
375,19:25:00,19:25:00,1174,6,,0,0,,1
375,19:30:00,19:30:00,1173,7,,0,0,,1
375,19:37:00,19:37:00,1068,8,,0,0,,1
375,19:40:00,19:40:00,1,9,,0,0,,1
376,19:20:00,19:20:00,1,1,,0,0,,1
376,19:23:00,19:23:00,1068,2,,0,0,,1
376,19:30:00,19:30:00,1173,3,,0,0,,1
376,19:35:00,19:35:00,1174,4,,0,0,,1
376,19:40:00,19:40:00,1175,5,,0,0,,1
376,19:45:00,19:45:00,1174,6,,0,0,,1
376,19:50:00,19:50:00,1173,7,,0,0,,1
376,19:57:00,19:57:00,1068,8,,0,0,,1
376,20:00:00,20:00:00,1,9,,0,0,,1
377,07:20:00,07:20:00,1174,1,,0,0,,1
377,07:23:00,07:23:00,1176,2,,0,0,,1
377,07:28:00,07:28:00,1177,3,,0,0,,1
377,07:35:00,07:35:00,1178,4,,0,0,,1
378,07:20:00,07:20:00,1174,1,,0,0,,1
378,07:23:00,07:23:00,1176,2,,0,0,,1
378,07:28:00,07:28:00,1177,3,,0,0,,1
378,07:35:00,07:35:00,1178,4,,0,0,,1
379,07:45:00,07:45:00,1,1,,0,0,,1
379,07:47:00,07:47:00,1070,2,,0,0,,1
379,07:50:00,07:50:00,1111,3,,0,0,,1
380,08:00:00,08:00:00,1,1,,0,0,,1
380,08:03:00,08:03:00,1070,2,,0,0,,1
380,08:08:00,08:08:00,1111,3,,0,0,,1
380,08:18:00,08:18:00,1177,4,,0,0,,1
380,08:25:00,08:25:00,1176,5,,0,0,,1
380,08:30:00,08:30:00,1174,6,,0,0,,1
380,08:35:00,08:35:00,1179,7,,0,0,,1
380,08:38:00,08:38:00,1174,8,,0,0,,1
380,08:40:00,08:40:00,1176,9,,0,0,,1
380,08:43:00,08:43:00,1177,10,,0,0,,1
380,08:45:00,08:45:00,1178,11,,0,0,,1
380,08:50:00,08:50:00,1180,12,,0,0,,1
380,09:00:00,09:00:00,253,13,,0,0,,1
381,10:35:00,10:35:00,1,1,,0,0,,1
381,10:38:00,10:38:00,1070,2,,0,0,,1
381,10:43:00,10:43:00,1111,3,,0,0,,1
381,10:53:00,10:53:00,1177,4,,0,0,,1
381,11:00:00,11:00:00,1176,5,,0,0,,1
381,11:05:00,11:05:00,1174,6,,0,0,,1
381,11:10:00,11:10:00,1179,7,,0,0,,1
381,11:13:00,11:13:00,1174,8,,0,0,,1
381,11:15:00,11:15:00,1176,9,,0,0,,1
381,11:18:00,11:18:00,1177,10,,0,0,,1
381,11:20:00,11:20:00,1178,11,,0,0,,1
381,11:25:00,11:25:00,1180,12,,0,0,,1
381,11:35:00,11:35:00,253,13,,0,0,,1
382,12:35:00,12:35:00,1,1,,0,0,,1
382,12:38:00,12:38:00,1070,2,,0,0,,1
382,12:43:00,12:43:00,1111,3,,0,0,,1
382,13:05:00,13:05:00,1174,4,,0,0,,1
382,13:10:00,13:10:00,1179,5,,0,0,,1
382,13:13:00,13:13:00,1174,6,,0,0,,1
382,13:15:00,13:15:00,1176,7,,0,0,,1
382,13:18:00,13:18:00,1177,8,,0,0,,1
382,13:20:00,13:20:00,1178,9,,0,0,,1
382,13:25:00,13:25:00,1180,10,,0,0,,1
382,13:35:00,13:35:00,253,11,,0,0,,1
383,13:20:00,13:20:00,1,1,,0,0,,1
383,13:40:00,13:40:00,1174,2,,0,0,,1
383,13:45:00,13:45:00,1176,3,,0,0,,1
383,13:50:00,13:50:00,1177,4,,0,0,,1
384,14:00:00,14:00:00,1,1,,0,0,,1
384,14:15:00,14:15:00,1174,2,,0,0,,1
384,14:18:00,14:18:00,1176,3,,0,0,,1
384,14:25:00,14:25:00,1177,4,,0,0,,1
384,14:23:00,14:23:00,1178,5,,0,0,,1
384,14:27:00,14:27:00,1180,6,,0,0,,1
384,14:30:00,14:30:00,253,7,,0,0,,1
385,14:35:00,14:35:00,1,1,,0,0,,1
385,14:38:00,14:38:00,1070,2,,0,0,,1
385,14:43:00,14:43:00,1111,3,,0,0,,1
385,14:53:00,14:53:00,1177,4,,0,0,,1
385,15:00:00,15:00:00,1176,5,,0,0,,1
385,15:05:00,15:05:00,1174,6,,0,0,,1
385,15:10:00,15:10:00,1179,7,,0,0,,1
385,15:13:00,15:13:00,1174,8,,0,0,,1
385,15:15:00,15:15:00,1176,9,,0,0,,1
385,15:18:00,15:18:00,1177,10,,0,0,,1
385,15:20:00,15:20:00,1178,11,,0,0,,1
385,15:25:00,15:25:00,1180,12,,0,0,,1
385,15:35:00,15:35:00,253,13,,0,0,,1
386,14:20:00,14:20:00,1,1,,0,0,,1
386,14:48:00,14:48:00,1177,2,,0,0,,1
386,14:55:00,14:55:00,1176,3,,0,0,,1
386,15:00:00,15:00:00,1174,4,,0,0,,1
387,16:35:00,16:35:00,1,1,,0,0,,1
387,16:38:00,16:38:00,1070,2,,0,0,,1
387,16:43:00,16:43:00,1111,3,,0,0,,1
387,16:53:00,16:53:00,1177,4,,0,0,,1
387,17:00:00,17:00:00,1176,5,,0,0,,1
387,17:05:00,17:05:00,1174,6,,0,0,,1
387,17:10:00,17:10:00,1179,7,,0,0,,1
387,17:13:00,17:13:00,1174,8,,0,0,,1
387,17:15:00,17:15:00,1176,9,,0,0,,1
387,17:18:00,17:18:00,1177,10,,0,0,,1
387,17:20:00,17:20:00,1178,11,,0,0,,1
387,17:25:00,17:25:00,1180,12,,0,0,,1
387,17:35:00,17:35:00,253,13,,0,0,,1
388,18:35:00,18:35:00,1,1,,0,0,,1
388,18:38:00,18:38:00,1070,2,,0,0,,1
388,18:43:00,18:43:00,1111,3,,0,0,,1
388,18:53:00,18:53:00,1177,4,,0,0,,1
388,19:00:00,19:00:00,1176,5,,0,0,,1
388,19:05:00,19:05:00,1174,6,,0,0,,1
388,19:10:00,19:10:00,1179,7,,0,0,,1
388,19:13:00,19:13:00,1174,8,,0,0,,1
388,19:15:00,19:15:00,1176,9,,0,0,,1
388,19:18:00,19:18:00,1177,10,,0,0,,1
388,19:20:00,19:20:00,1178,11,,0,0,,1
388,19:25:00,19:25:00,1180,12,,0,0,,1
388,19:35:00,19:35:00,253,13,,0,0,,1
389,20:40:00,20:40:00,1,1,,0,0,,1
389,20:43:00,20:43:00,1070,2,,0,0,,1
389,20:48:00,20:48:00,1111,3,,0,0,,1
389,20:58:00,20:58:00,1177,4,,0,0,,1
389,21:05:00,21:05:00,1176,5,,0,0,,1
389,21:10:00,21:10:00,1174,6,,0,0,,1
389,21:10:00,21:10:00,1174,7,,0,0,,1
389,21:12:00,21:12:00,1176,8,,0,0,,1
389,21:15:00,21:15:00,1177,9,,0,0,,1
390,07:01:00,07:01:00,1070,1,,0,0,,1
390,07:03:00,07:03:00,1111,2,,0,0,,1
390,07:06:00,07:06:00,1177,3,,0,0,,1
390,07:12:00,07:12:00,1176,4,,0,0,,1
390,07:25:00,07:25:00,1174,5,,0,0,,1
390,07:45:00,07:45:00,253,6,,0,0,,1
391,06:56:00,06:56:00,1070,1,,0,0,,1
391,07:03:00,07:03:00,1111,2,,0,0,,1
391,07:07:00,07:07:00,1177,3,,0,0,,1
391,07:10:00,07:10:00,1176,4,,0,0,,1
391,07:20:00,07:20:00,1174,5,,0,0,,1
391,07:40:00,07:40:00,253,6,,0,0,,1
392,07:50:00,07:50:00,1178,1,,0,0,,1
392,07:55:00,07:55:00,1180,2,,0,0,,1
392,08:00:00,08:00:00,253,3,,0,0,,1
393,08:15:00,08:15:00,1111,1,,0,0,,1
393,08:20:00,08:20:00,1177,2,,0,0,,1
393,08:23:00,08:23:00,1176,3,,0,0,,1
393,08:25:00,08:25:00,1174,4,,0,0,,1
393,08:50:00,08:50:00,253,5,,0,0,,1
394,08:35:00,08:35:00,1111,1,,0,0,,1
394,08:40:00,08:40:00,1177,2,,0,0,,1
394,08:43:00,08:43:00,1176,3,,0,0,,1
394,08:45:00,08:45:00,1174,4,,0,0,,1
394,08:55:00,08:55:00,1179,5,,0,0,,1
395,09:20:00,09:20:00,1,1,,0,0,,1
395,09:22:00,09:22:00,1070,2,,0,0,,1
395,09:30:00,09:30:00,1111,3,,0,0,,1
395,09:35:00,09:35:00,1177,4,,0,0,,1
395,09:40:00,09:40:00,1176,5,,0,0,,1
395,09:42:00,09:42:00,1174,6,,0,0,,1
395,09:45:00,09:45:00,1179,7,,0,0,,1
395,09:48:00,09:48:00,1174,8,,0,0,,1
395,10:10:00,10:10:00,1178,9,,0,0,,1
395,10:15:00,10:15:00,1180,10,,0,0,,1
395,10:20:00,10:20:00,253,11,,0,0,,1
396,11:35:00,11:35:00,1,1,,0,0,,1
396,11:37:00,11:37:00,1070,2,,0,0,,1
396,11:45:00,11:45:00,1111,3,,0,0,,1
396,11:50:00,11:50:00,1177,4,,0,0,,1
396,11:55:00,11:55:00,1176,5,,0,0,,1
396,11:57:00,11:57:00,1174,6,,0,0,,1
396,12:00:00,12:00:00,1179,7,,0,0,,1
396,12:03:00,12:03:00,1174,8,,0,0,,1
396,12:08:00,12:08:00,1176,9,,0,0,,1
396,12:15:00,12:15:00,1177,10,,0,0,,1
396,12:25:00,12:25:00,1178,11,,0,0,,1
396,12:30:00,12:30:00,1180,12,,0,0,,1
396,12:35:00,12:35:00,253,13,,0,0,,1
397,13:25:00,13:25:00,1174,1,,0,0,,1
397,13:30:00,13:30:00,1176,2,,0,0,,1
398,13:40:00,13:40:00,1111,1,,0,0,,1
398,13:47:00,13:47:00,1177,2,,0,0,,1
398,13:52:00,13:52:00,1176,3,,0,0,,1
398,13:55:00,13:55:00,1174,4,,0,0,,1
399,13:35:00,13:35:00,1,1,,0,0,,1
399,13:37:00,13:37:00,1070,2,,0,0,,1
399,13:45:00,13:45:00,1111,3,,0,0,,1
399,13:50:00,13:50:00,1177,4,,0,0,,1
399,13:55:00,13:55:00,1176,5,,0,0,,1
399,13:57:00,13:57:00,1174,6,,0,0,,1
399,14:00:00,14:00:00,1179,7,,0,0,,1
399,14:03:00,14:03:00,1174,8,,0,0,,1
399,14:08:00,14:08:00,1176,9,,0,0,,1
399,14:15:00,14:15:00,1177,10,,0,0,,1
399,14:25:00,14:25:00,1178,11,,0,0,,1
399,14:30:00,14:30:00,1180,12,,0,0,,1
399,14:35:00,14:35:00,253,13,,0,0,,1
400,15:00:00,15:00:00,1174,1,,0,0,,1
400,15:03:00,15:03:00,1176,2,,0,0,,1
401,15:35:00,15:35:00,1,1,,0,0,,1
401,15:37:00,15:37:00,1070,2,,0,0,,1
401,15:45:00,15:45:00,1111,3,,0,0,,1
401,15:50:00,15:50:00,1177,4,,0,0,,1
401,15:55:00,15:55:00,1176,5,,0,0,,1
401,15:57:00,15:57:00,1174,6,,0,0,,1
401,16:00:00,16:00:00,1179,7,,0,0,,1
401,16:03:00,16:03:00,1174,8,,0,0,,1
401,16:35:00,16:35:00,253,9,,0,0,,1
402,17:35:00,17:35:00,1,1,,0,0,,1
402,17:37:00,17:37:00,1070,2,,0,0,,1
402,17:45:00,17:45:00,1111,3,,0,0,,1
402,17:50:00,17:50:00,1177,4,,0,0,,1
402,17:55:00,17:55:00,1176,5,,0,0,,1
402,17:57:00,17:57:00,1174,6,,0,0,,1
402,18:00:00,18:00:00,1179,7,,0,0,,1
402,18:03:00,18:03:00,1174,8,,0,0,,1
402,18:08:00,18:08:00,1176,9,,0,0,,1
402,18:15:00,18:15:00,1177,10,,0,0,,1
402,18:35:00,18:35:00,253,11,,0,0,,1
403,19:35:00,19:35:00,1,1,,0,0,,1
403,19:37:00,19:37:00,1070,2,,0,0,,1
403,19:45:00,19:45:00,1111,3,,0,0,,1
403,19:50:00,19:50:00,1177,4,,0,0,,1
403,19:55:00,19:55:00,1176,5,,0,0,,1
403,19:57:00,19:57:00,1174,6,,0,0,,1
403,20:00:00,20:00:00,1179,7,,0,0,,1
404,19:35:00,19:35:00,1,1,,0,0,,1
404,20:05:00,20:05:00,1179,2,,0,0,,1
404,20:07:00,20:07:00,1174,3,,0,0,,1
404,20:08:00,20:08:00,1176,4,,0,0,,1
404,20:15:00,20:15:00,1177,5,,0,0,,1
404,20:35:00,20:35:00,253,6,,0,0,,1
405,06:50:00,06:50:00,1181,1,,0,0,,1
405,06:55:00,06:55:00,1182,2,,0,0,,1
405,07:05:00,07:05:00,1183,3,,0,0,,1
405,07:15:00,07:15:00,1184,4,,0,0,,1
405,07:20:00,07:20:00,1185,5,,0,0,,1
405,07:25:00,07:25:00,1186,6,,0,0,,1
405,07:50:00,07:50:00,1123,7,,0,0,,1
406,07:33:00,07:33:00,1184,1,,0,0,,1
406,07:40:00,07:40:00,1185,2,,0,0,,1
406,07:45:00,07:45:00,1186,3,,0,0,,1
406,08:20:00,08:20:00,1123,4,,0,0,,1
407,07:05:00,07:05:00,1186,1,,0,0,,1
407,07:25:00,07:25:00,1181,2,,0,0,,1
407,07:25:00,07:25:00,1181,3,,0,0,,1
407,07:30:00,07:30:00,1182,4,,0,0,,1
407,07:40:00,07:40:00,1183,5,,0,0,,1
407,07:45:00,07:45:00,1184,6,,0,0,,1
407,07:52:00,07:52:00,1185,7,,0,0,,1
407,08:00:00,08:00:00,1186,8,,0,0,,1
407,08:05:00,08:05:00,1187,9,,0,0,,1
407,08:25:00,08:25:00,1123,10,,0,0,,1
408,07:40:00,07:40:00,1184,1,,0,0,,1
408,07:42:00,07:42:00,1188,2,,0,0,,1
408,07:45:00,07:45:00,1185,3,,0,0,,1
408,07:48:00,07:48:00,1186,4,,0,0,,1
408,08:15:00,08:15:00,1123,5,,0,0,,1
409,08:05:00,08:05:00,1123,1,,0,0,,1
409,08:20:00,08:20:00,1189,2,,0,0,,1
409,08:25:00,08:25:00,1186,3,,0,0,,1
409,08:28:00,08:28:00,1185,4,,0,0,,1
409,08:30:00,08:30:00,1188,5,,0,0,,1
409,08:35:00,08:35:00,1184,6,,0,0,,1
409,08:40:00,08:40:00,1183,7,,0,0,,1
409,08:45:00,08:45:00,1182,8,,0,0,,1
409,08:50:00,08:50:00,1190,9,,0,0,,1
409,09:00:00,09:00:00,1181,10,,0,0,,1
409,09:00:00,09:00:00,1181,11,,0,0,,1
409,09:05:00,09:05:00,1182,12,,0,0,,1
409,09:10:00,09:10:00,1183,13,,0,0,,1
409,09:12:00,09:12:00,1184,14,,0,0,,1
409,09:15:00,09:15:00,1188,15,,0,0,,1
409,09:20:00,09:20:00,1185,16,,0,0,,1
409,09:25:00,09:25:00,1186,17,,0,0,,1
409,09:30:00,09:30:00,1187,18,,0,0,,1
409,09:55:00,09:55:00,1123,19,,0,0,,1
410,10:50:00,10:50:00,1123,1,,0,0,,1
410,11:00:00,11:00:00,1189,2,,0,0,,1
410,11:08:00,11:08:00,1186,3,,0,0,,1
410,11:10:00,11:10:00,1185,4,,0,0,,1
410,11:17:00,11:17:00,1188,5,,0,0,,1
410,11:20:00,11:20:00,1184,6,,0,0,,1
410,11:25:00,11:25:00,1183,7,,0,0,,1
410,11:35:00,11:35:00,1182,8,,0,0,,1
410,11:45:00,11:45:00,1190,9,,0,0,,1
410,11:55:00,11:55:00,1181,10,,0,0,,1
410,12:05:00,12:05:00,1191,11,,0,0,,1
410,12:10:00,12:10:00,1185,12,,0,0,,1
410,12:20:00,12:20:00,1186,13,,0,0,,1
410,12:40:00,12:40:00,1123,14,,0,0,,1
411,12:30:00,12:30:00,1123,1,,0,0,,1
411,12:50:00,12:50:00,1189,2,,0,0,,1
411,12:58:00,12:58:00,1186,3,,0,0,,1
411,13:00:00,13:00:00,1185,4,,0,0,,1
411,12:57:00,12:57:00,1188,5,,0,0,,1
411,13:10:00,13:10:00,1184,6,,0,0,,1
411,13:15:00,13:15:00,1183,7,,0,0,,1
411,13:25:00,13:25:00,1182,8,,0,0,,1
411,13:30:00,13:30:00,1190,9,,0,0,,1
411,13:35:00,13:35:00,1181,10,,0,0,,1
411,13:45:00,13:45:00,1191,11,,0,0,,1
411,14:00:00,14:00:00,1185,12,,0,0,,1
411,14:05:00,14:05:00,1186,13,,0,0,,1
412,13:10:00,13:10:00,1123,1,,0,0,,1
412,13:20:00,13:20:00,1192,2,,0,0,,1
412,13:25:00,13:25:00,1186,3,,0,0,,1
412,13:30:00,13:30:00,1185,4,,0,0,,1
412,13:37:00,13:37:00,1188,5,,0,0,,1
412,13:40:00,13:40:00,1184,6,,0,0,,1
412,13:45:00,13:45:00,1183,7,,0,0,,1
412,13:55:00,13:55:00,1182,8,,0,0,,1
412,14:00:00,14:00:00,1190,9,,0,0,,1
412,14:10:00,14:10:00,1181,10,,0,0,,1
412,14:20:00,14:20:00,1191,11,,0,0,,1
412,14:25:00,14:25:00,1185,12,,0,0,,1
412,14:30:00,14:30:00,1186,13,,0,0,,1
413,13:35:00,13:35:00,1123,1,,0,0,,1
413,13:55:00,13:55:00,1192,2,,0,0,,1
413,14:00:00,14:00:00,1186,3,,0,0,,1
413,14:03:00,14:03:00,1185,4,,0,0,,1
413,14:05:00,14:05:00,1188,5,,0,0,,1
413,14:08:00,14:08:00,1184,6,,0,0,,1
413,14:17:00,14:17:00,1183,7,,0,0,,1
413,14:25:00,14:25:00,1182,8,,0,0,,1
413,14:35:00,14:35:00,1190,9,,0,0,,1
413,14:55:00,14:55:00,1185,10,,0,0,,1
413,15:00:00,15:00:00,1186,11,,0,0,,1
413,15:20:00,15:20:00,1123,12,,0,0,,1
414,13:50:00,13:50:00,1123,1,,0,0,,1
414,14:05:00,14:05:00,1192,2,,0,0,,1
414,14:15:00,14:15:00,1186,3,,0,0,,1
414,14:18:00,14:18:00,1185,4,,0,0,,1
414,14:25:00,14:25:00,1188,5,,0,0,,1
414,14:27:00,14:27:00,1184,6,,0,0,,1
414,14:32:00,14:32:00,1183,7,,0,0,,1
414,14:37:00,14:37:00,1182,8,,0,0,,1
414,14:47:00,14:47:00,1190,9,,0,0,,1
414,14:55:00,14:55:00,1181,10,,0,0,,1
414,14:55:00,14:55:00,1181,11,,0,0,,1
414,15:00:00,15:00:00,1182,12,,0,0,,1
414,15:10:00,15:10:00,1183,13,,0,0,,1
414,15:12:00,15:12:00,1184,14,,0,0,,1
414,15:15:00,15:15:00,1188,15,,0,0,,1
414,15:20:00,15:20:00,1185,16,,0,0,,1
414,15:25:00,15:25:00,1186,17,,0,0,,1
414,15:45:00,15:45:00,1123,18,,0,0,,1
415,16:30:00,16:30:00,1123,1,,0,0,,1
415,16:35:00,16:35:00,1192,2,,0,0,,1
415,16:37:00,16:37:00,1186,3,,0,0,,1
415,16:43:00,16:43:00,1185,4,,0,0,,1
415,16:50:00,16:50:00,1188,5,,0,0,,1
415,16:52:00,16:52:00,1184,6,,0,0,,1
415,16:57:00,16:57:00,1183,7,,0,0,,1
415,17:10:00,17:10:00,1182,8,,0,0,,1
415,17:20:00,17:20:00,1190,9,,0,0,,1
415,17:25:00,17:25:00,1181,10,,0,0,,1
415,17:25:00,17:25:00,1181,11,,0,0,,1
415,17:30:00,17:30:00,1182,12,,0,0,,1
415,17:33:00,17:33:00,1183,13,,0,0,,1
415,17:35:00,17:35:00,1184,14,,0,0,,1
415,17:38:00,17:38:00,1188,15,,0,0,,1
415,17:41:00,17:41:00,1185,16,,0,0,,1
415,17:46:00,17:46:00,1186,17,,0,0,,1
415,18:25:00,18:25:00,1123,18,,0,0,,1
416,18:00:00,18:00:00,1123,1,,0,0,,1
416,18:05:00,18:05:00,1192,2,,0,0,,1
416,18:07:00,18:07:00,1186,3,,0,0,,1
416,18:13:00,18:13:00,1185,4,,0,0,,1
416,18:20:00,18:20:00,1188,5,,0,0,,1
416,18:22:00,18:22:00,1184,6,,0,0,,1
416,18:27:00,18:27:00,1183,7,,0,0,,1
416,18:40:00,18:40:00,1182,8,,0,0,,1
416,18:50:00,18:50:00,1190,9,,0,0,,1
416,18:55:00,18:55:00,1181,10,,0,0,,1
416,19:05:00,19:05:00,1191,11,,0,0,,1
416,19:10:00,19:10:00,1185,12,,0,0,,1
416,19:15:00,19:15:00,1186,13,,0,0,,1
417,19:30:00,19:30:00,1123,1,,0,0,,1
417,19:40:00,19:40:00,1189,2,,0,0,,1
417,19:42:00,19:42:00,1186,3,,0,0,,1
417,19:47:00,19:47:00,1185,4,,0,0,,1
417,19:52:00,19:52:00,1188,5,,0,0,,1
417,19:55:00,19:55:00,1184,6,,0,0,,1
417,20:00:00,20:00:00,1183,7,,0,0,,1
417,20:05:00,20:05:00,1182,8,,0,0,,1
417,20:10:00,20:10:00,1190,9,,0,0,,1
417,20:15:00,20:15:00,1181,10,,0,0,,1
417,20:25:00,20:25:00,1191,11,,0,0,,1
417,20:30:00,20:30:00,1185,12,,0,0,,1
417,20:35:00,20:35:00,1186,13,,0,0,,1
418,21:10:00,21:10:00,1123,1,,0,0,,1
419,07:05:00,07:05:00,1193,1,,0,0,,1
419,07:15:00,07:15:00,1184,2,,0,0,,1
419,07:20:00,07:20:00,1194,3,,0,0,,1
419,07:30:00,07:30:00,1186,4,,0,0,,1
419,07:35:00,07:35:00,1065,5,,0,0,,1
419,08:10:00,08:10:00,1123,6,,0,0,,1
420,06:45:00,06:45:00,1065,1,,0,0,,1
420,06:50:00,06:50:00,1186,2,,0,0,,1
420,07:00:00,07:00:00,1184,3,,0,0,,1
420,07:12:00,07:12:00,1184,4,,0,0,,1
420,07:30:00,07:30:00,1065,5,,0,0,,1
420,08:15:00,08:15:00,1123,6,,0,0,,1
421,07:35:00,07:35:00,1123,1,,0,0,,1
421,07:45:00,07:45:00,1065,2,,0,0,,1
421,07:50:00,07:50:00,1186,3,,0,0,,1
421,08:15:00,08:15:00,1184,4,,0,0,,1
421,08:20:00,08:20:00,1193,5,,0,0,,1
421,08:33:00,08:33:00,1184,6,,0,0,,1
421,08:35:00,08:35:00,1195,7,,0,0,,1
421,08:40:00,08:40:00,1194,8,,0,0,,1
421,08:42:00,08:42:00,1196,9,,0,0,,1
421,08:50:00,08:50:00,1186,10,,0,0,,1
421,08:55:00,08:55:00,1121,11,,0,0,,1
421,09:20:00,09:20:00,1123,12,,0,0,,1
422,07:35:00,07:35:00,1123,1,,0,0,,1
422,07:45:00,07:45:00,1065,2,,0,0,,1
422,07:50:00,07:50:00,1186,3,,0,0,,1
422,08:00:00,08:00:00,1196,4,,0,0,,1
422,08:05:00,08:05:00,1194,5,,0,0,,1
422,08:15:00,08:15:00,1184,6,,0,0,,1
422,08:20:00,08:20:00,1193,7,,0,0,,1
422,08:33:00,08:33:00,1184,8,,0,0,,1
422,08:35:00,08:35:00,1195,9,,0,0,,1
422,08:40:00,08:40:00,1194,10,,0,0,,1
422,08:42:00,08:42:00,1196,11,,0,0,,1
422,08:50:00,08:50:00,1186,12,,0,0,,1
422,08:55:00,08:55:00,1121,13,,0,0,,1
422,09:20:00,09:20:00,1123,14,,0,0,,1
423,09:30:00,09:30:00,1123,1,,0,0,,1
423,09:35:00,09:35:00,1065,2,,0,0,,1
423,09:40:00,09:40:00,1186,3,,0,0,,1
423,09:50:00,09:50:00,1196,4,,0,0,,1
423,10:00:00,10:00:00,1184,5,,0,0,,1
423,10:10:00,10:10:00,1193,6,,0,0,,1
423,10:20:00,10:20:00,1184,7,,0,0,,1
423,10:25:00,10:25:00,1195,8,,0,0,,1
423,10:30:00,10:30:00,1194,9,,0,0,,1
423,10:30:00,10:30:00,1196,10,,0,0,,1
423,10:40:00,10:40:00,1186,11,,0,0,,1
423,10:45:00,10:45:00,1121,12,,0,0,,1
423,11:10:00,11:10:00,1123,13,,0,0,,1
424,11:30:00,11:30:00,1123,1,,0,0,,1
424,11:45:00,11:45:00,1186,2,,0,0,,1
424,11:55:00,11:55:00,1196,3,,0,0,,1
424,12:00:00,12:00:00,1194,4,,0,0,,1
424,12:05:00,12:05:00,1195,5,,0,0,,1
424,12:10:00,12:10:00,1184,6,,0,0,,1
424,12:20:00,12:20:00,1193,7,,0,0,,1
424,12:30:00,12:30:00,1184,8,,0,0,,1
424,12:35:00,12:35:00,1195,9,,0,0,,1
424,12:40:00,12:40:00,1194,10,,0,0,,1
424,12:40:00,12:40:00,1196,11,,0,0,,1
424,12:50:00,12:50:00,1186,12,,0,0,,1
425,12:40:00,12:40:00,1123,1,,0,0,,1
425,12:45:00,12:45:00,1065,2,,0,0,,1
425,12:52:00,12:52:00,1186,3,,0,0,,1
425,12:55:00,12:55:00,1194,4,,0,0,,1
425,13:05:00,13:05:00,1184,5,,0,0,,1
425,13:20:00,13:20:00,1193,6,,0,0,,1
425,13:30:00,13:30:00,1184,7,,0,0,,1
425,13:35:00,13:35:00,1194,8,,0,0,,1
425,13:45:00,13:45:00,1065,9,,0,0,,1
425,14:05:00,14:05:00,1123,10,,0,0,,1
426,13:25:00,13:25:00,1123,1,,0,0,,1
426,13:30:00,13:30:00,1065,2,,0,0,,1
426,13:35:00,13:35:00,1186,3,,0,0,,1
426,13:40:00,13:40:00,1196,4,,0,0,,1
426,13:45:00,13:45:00,1194,5,,0,0,,1
426,14:07:00,14:07:00,1184,6,,0,0,,1
426,14:15:00,14:15:00,1193,7,,0,0,,1
427,14:25:00,14:25:00,1193,1,,0,0,,1
427,14:35:00,14:35:00,1184,2,,0,0,,1
427,14:40:00,14:40:00,1195,3,,0,0,,1
427,14:45:00,14:45:00,1194,4,,0,0,,1
427,14:45:00,14:45:00,1196,5,,0,0,,1
427,14:55:00,14:55:00,1186,6,,0,0,,1
427,15:00:00,15:00:00,1065,7,,0,0,,1
427,15:10:00,15:10:00,1123,8,,0,0,,1
428,14:05:00,14:05:00,1123,1,,0,0,,1
428,14:20:00,14:20:00,1065,2,,0,0,,1
428,14:25:00,14:25:00,1186,3,,0,0,,1
428,14:30:00,14:30:00,1194,4,,0,0,,1
428,14:35:00,14:35:00,1184,5,,0,0,,1
428,14:50:00,14:50:00,1193,6,,0,0,,1
428,15:00:00,15:00:00,1184,7,,0,0,,1
428,15:10:00,15:10:00,1194,8,,0,0,,1
428,15:15:00,15:15:00,1186,9,,0,0,,1
429,14:10:00,14:10:00,1123,1,,0,0,,1
429,14:20:00,14:20:00,1065,2,,0,0,,1
429,14:22:00,14:22:00,1186,3,,0,0,,1
429,14:30:00,14:30:00,1194,4,,0,0,,1
429,14:35:00,14:35:00,1184,5,,0,0,,1
429,14:50:00,14:50:00,1193,6,,0,0,,1
429,15:00:00,15:00:00,1184,7,,0,0,,1
429,15:10:00,15:10:00,1194,8,,0,0,,1
429,15:15:00,15:15:00,1186,9,,0,0,,1
430,15:50:00,15:50:00,1123,1,,0,0,,1
430,16:05:00,16:05:00,1186,2,,0,0,,1
430,16:15:00,16:15:00,1196,3,,0,0,,1
430,16:20:00,16:20:00,1194,4,,0,0,,1
430,16:25:00,16:25:00,1195,5,,0,0,,1
430,16:30:00,16:30:00,1184,6,,0,0,,1
430,16:40:00,16:40:00,1193,7,,0,0,,1
430,16:50:00,16:50:00,1184,8,,0,0,,1
430,16:55:00,16:55:00,1195,9,,0,0,,1
430,17:00:00,17:00:00,1194,10,,0,0,,1
430,17:00:00,17:00:00,1196,11,,0,0,,1
430,17:10:00,17:10:00,1186,12,,0,0,,1
430,17:15:00,17:15:00,1065,13,,0,0,,1
430,17:30:00,17:30:00,1123,14,,0,0,,1
431,17:50:00,17:50:00,1123,1,,0,0,,1
431,17:55:00,17:55:00,1065,2,,0,0,,1
431,18:00:00,18:00:00,1186,3,,0,0,,1
431,18:10:00,18:10:00,1196,4,,0,0,,1
431,18:15:00,18:15:00,1194,5,,0,0,,1
431,18:20:00,18:20:00,1195,6,,0,0,,1
431,18:25:00,18:25:00,1184,7,,0,0,,1
431,18:35:00,18:35:00,1193,8,,0,0,,1
431,18:45:00,18:45:00,1184,9,,0,0,,1
431,18:50:00,18:50:00,1195,10,,0,0,,1
431,18:55:00,18:55:00,1194,11,,0,0,,1
431,18:55:00,18:55:00,1196,12,,0,0,,1
431,19:00:00,19:00:00,1186,13,,0,0,,1
431,19:05:00,19:05:00,1065,14,,0,0,,1
431,19:15:00,19:15:00,1123,15,,0,0,,1
432,20:15:00,20:15:00,1123,1,,0,0,,1
432,20:19:00,20:19:00,1065,2,,0,0,,1
432,20:23:00,20:23:00,1186,3,,0,0,,1
432,20:25:00,20:25:00,1196,4,,0,0,,1
432,20:27:00,20:27:00,1194,5,,0,0,,1
432,20:30:00,20:30:00,1195,6,,0,0,,1
432,20:40:00,20:40:00,1184,7,,0,0,,1
432,20:50:00,20:50:00,1193,8,,0,0,,1
433,08:45:00,08:45:00,1197,1,,0,0,,1
433,11:10:00,11:10:00,1197,2,,0,0,,1
433,14:10:00,14:10:00,1197,3,,0,0,,1
433,16:10:00,16:10:00,1197,4,,0,0,,1
434,08:47:00,08:47:00,1197,1,,0,0,,1
434,11:12:00,11:12:00,1197,2,,0,0,,1
434,14:12:00,14:12:00,1197,3,,0,0,,1
434,16:12:00,16:12:00,1197,4,,0,0,,1
435,08:50:00,08:50:00,1197,1,,0,0,,1
435,11:15:00,11:15:00,1197,2,,0,0,,1
435,14:15:00,14:15:00,1197,3,,0,0,,1
435,16:15:00,16:15:00,1197,4,,0,0,,1
436,08:52:00,08:52:00,1197,1,,0,0,,1
436,11:17:00,11:17:00,1197,2,,0,0,,1
436,14:17:00,14:17:00,1197,3,,0,0,,1
436,16:17:00,16:17:00,1197,4,,0,0,,1
437,09:05:00,09:05:00,1197,1,,0,0,,1
437,11:30:00,11:30:00,1197,2,,0,0,,1
437,14:30:00,14:30:00,1197,3,,0,0,,1
437,16:30:00,16:30:00,1197,4,,0,0,,1
438,09:05:00,09:05:00,1197,1,,0,0,,1
438,11:30:00,11:30:00,1197,2,,0,0,,1
438,14:30:00,14:30:00,1197,3,,0,0,,1
438,16:30:00,16:30:00,1197,4,,0,0,,1
439,09:15:00,09:15:00,1197,1,,0,0,,1
439,11:40:00,11:40:00,1197,2,,0,0,,1
439,14:40:00,14:40:00,1197,3,,0,0,,1
439,16:40:00,16:40:00,1197,4,,0,0,,1
440,09:17:00,09:17:00,1197,1,,0,0,,1
440,11:42:00,11:42:00,1197,2,,0,0,,1
440,14:42:00,14:42:00,1197,3,,0,0,,1
440,16:42:00,16:42:00,1197,4,,0,0,,1
441,09:19:00,09:19:00,1197,1,,0,0,,1
441,11:44:00,11:44:00,1197,2,,0,0,,1
441,14:44:00,14:44:00,1197,3,,0,0,,1
441,16:44:00,16:44:00,1197,4,,0,0,,1
442,09:23:00,09:23:00,1197,1,,0,0,,1
442,11:48:00,11:48:00,1197,2,,0,0,,1
442,14:48:00,14:48:00,1197,3,,0,0,,1
442,16:48:00,16:48:00,1197,4,,0,0,,1
443,09:25:00,09:25:00,1197,1,,0,0,,1
443,11:50:00,11:50:00,1197,2,,0,0,,1
443,14:50:00,14:50:00,1197,3,,0,0,,1
443,16:50:00,16:50:00,1197,4,,0,0,,1
444,06:10:00,06:10:00,1198,1,,0,0,,1
444,06:12:00,06:12:00,1080,2,,0,0,,1
444,06:15:00,06:15:00,1199,3,,0,0,,1
444,06:18:00,06:18:00,1200,4,,0,0,,1
444,06:25:00,06:25:00,1201,5,,0,0,,1
444,06:30:00,06:30:00,1202,6,,0,0,,1
444,06:30:00,06:30:00,1203,7,,0,0,,1
444,06:35:00,06:35:00,1202,8,,0,0,,1
444,06:38:00,06:38:00,1204,9,,0,0,,1
444,06:45:00,06:45:00,1201,10,,0,0,,1
444,06:48:00,06:48:00,1205,11,,0,0,,1
444,06:50:00,06:50:00,1206,12,,0,0,,1
444,07:30:00,07:30:00,1198,13,,0,0,,1
445,07:50:00,07:50:00,1198,1,,0,0,,1
445,07:52:00,07:52:00,1080,2,,0,0,,1
445,08:00:00,08:00:00,1199,3,,0,0,,1
445,08:03:00,08:03:00,1200,4,,0,0,,1
445,08:08:00,08:08:00,1206,5,,0,0,,1
445,08:15:00,08:15:00,1205,6,,0,0,,1
445,08:22:00,08:22:00,1201,7,,0,0,,1
445,08:25:00,08:25:00,1202,8,,0,0,,1
445,08:25:00,08:25:00,1203,9,,0,0,,1
445,08:28:00,08:28:00,1202,10,,0,0,,1
445,08:30:00,08:30:00,1204,11,,0,0,,1
445,08:35:00,08:35:00,1201,12,,0,0,,1
445,08:40:00,08:40:00,1205,13,,0,0,,1
445,08:42:00,08:42:00,1206,14,,0,0,,1
445,08:55:00,08:55:00,1199,15,,0,0,,1
445,08:57:00,08:57:00,1207,16,,0,0,,1
445,08:58:00,08:58:00,1208,17,,0,0,,1
445,09:00:00,09:00:00,1080,18,,0,0,,1
446,08:50:00,08:50:00,1198,1,,0,0,,1
446,08:52:00,08:52:00,1080,2,,0,0,,1
446,08:53:00,08:53:00,1207,3,,0,0,,1
446,09:00:00,09:00:00,1199,4,,0,0,,1
446,09:03:00,09:03:00,1200,5,,0,0,,1
446,09:08:00,09:08:00,1206,6,,0,0,,1
446,09:15:00,09:15:00,1205,7,,0,0,,1
446,09:22:00,09:22:00,1201,8,,0,0,,1
446,09:25:00,09:25:00,1202,9,,0,0,,1
446,09:25:00,09:25:00,1203,10,,0,0,,1
446,09:28:00,09:28:00,1202,11,,0,0,,1
446,09:30:00,09:30:00,1204,12,,0,0,,1
446,09:35:00,09:35:00,1201,13,,0,0,,1
446,09:40:00,09:40:00,1205,14,,0,0,,1
446,09:42:00,09:42:00,1206,15,,0,0,,1
446,09:55:00,09:55:00,1199,16,,0,0,,1
446,09:58:00,09:58:00,1208,17,,0,0,,1
446,10:00:00,10:00:00,1080,18,,0,0,,1
447,10:10:00,10:10:00,1198,1,,0,0,,1
447,10:12:00,10:12:00,1080,2,,0,0,,1
447,10:13:00,10:13:00,1207,3,,0,0,,1
447,10:20:00,10:20:00,1199,4,,0,0,,1
447,10:23:00,10:23:00,1200,5,,0,0,,1
447,10:28:00,10:28:00,1206,6,,0,0,,1
447,10:35:00,10:35:00,1205,7,,0,0,,1
447,10:42:00,10:42:00,1201,8,,0,0,,1
447,10:45:00,10:45:00,1202,9,,0,0,,1
447,10:45:00,10:45:00,1203,10,,0,0,,1
447,10:48:00,10:48:00,1202,11,,0,0,,1
447,10:50:00,10:50:00,1204,12,,0,0,,1
447,10:55:00,10:55:00,1201,13,,0,0,,1
447,11:00:00,11:00:00,1205,14,,0,0,,1
447,11:02:00,11:02:00,1206,15,,0,0,,1
447,11:15:00,11:15:00,1199,16,,0,0,,1
447,11:18:00,11:18:00,1208,17,,0,0,,1
447,11:20:00,11:20:00,1080,18,,0,0,,1
448,12:00:00,12:00:00,1198,1,,0,0,,1
448,12:02:00,12:02:00,1080,2,,0,0,,1
448,12:03:00,12:03:00,1207,3,,0,0,,1
448,12:05:00,12:05:00,1208,4,,0,0,,1
448,12:15:00,12:15:00,1199,5,,0,0,,1
448,12:18:00,12:18:00,1200,6,,0,0,,1
448,12:23:00,12:23:00,1206,7,,0,0,,1
448,12:00:00,12:00:00,1205,8,,0,0,,1
448,12:37:00,12:37:00,1201,9,,0,0,,1
448,12:45:00,12:45:00,1202,10,,0,0,,1
448,12:45:00,12:45:00,1203,11,,0,0,,1
448,12:48:00,12:48:00,1202,12,,0,0,,1
448,12:50:00,12:50:00,1204,13,,0,0,,1
448,12:55:00,12:55:00,1201,14,,0,0,,1
448,13:00:00,13:00:00,1205,15,,0,0,,1
448,13:02:00,13:02:00,1206,16,,0,0,,1
448,13:15:00,13:15:00,1199,17,,0,0,,1
448,13:18:00,13:18:00,1208,18,,0,0,,1
448,13:20:00,13:20:00,1080,19,,0,0,,1
449,14:15:00,14:15:00,1206,1,,0,0,,1
449,14:25:00,14:25:00,1205,2,,0,0,,1
449,14:35:00,14:35:00,1201,3,,0,0,,1
449,14:40:00,14:40:00,1205,4,,0,0,,1
449,14:42:00,14:42:00,1206,5,,0,0,,1
449,14:55:00,14:55:00,1199,6,,0,0,,1
449,14:58:00,14:58:00,1208,7,,0,0,,1
449,15:00:00,15:00:00,1080,8,,0,0,,1
450,14:20:00,14:20:00,1198,1,,0,0,,1
450,14:22:00,14:22:00,1080,2,,0,0,,1
450,14:23:00,14:23:00,1207,3,,0,0,,1
450,14:25:00,14:25:00,1208,4,,0,0,,1
450,14:30:00,14:30:00,1199,5,,0,0,,1
450,14:33:00,14:33:00,1200,6,,0,0,,1
450,14:38:00,14:38:00,1206,7,,0,0,,1
450,14:45:00,14:45:00,1205,8,,0,0,,1
450,14:52:00,14:52:00,1201,9,,0,0,,1
450,14:55:00,14:55:00,1202,10,,0,0,,1
450,14:55:00,14:55:00,1203,11,,0,0,,1
450,14:58:00,14:58:00,1202,12,,0,0,,1
450,15:00:00,15:00:00,1204,13,,0,0,,1
450,15:05:00,15:05:00,1201,14,,0,0,,1
450,15:10:00,15:10:00,1205,15,,0,0,,1
450,15:12:00,15:12:00,1206,16,,0,0,,1
450,15:25:00,15:25:00,1199,17,,0,0,,1
450,15:27:00,15:27:00,1207,18,,0,0,,1
450,15:28:00,15:28:00,1208,19,,0,0,,1
450,15:30:00,15:30:00,1080,20,,0,0,,1
451,17:20:00,17:20:00,1198,1,,0,0,,1
451,17:22:00,17:22:00,1080,2,,0,0,,1
451,17:23:00,17:23:00,1207,3,,0,0,,1
451,17:25:00,17:25:00,1208,4,,0,0,,1
451,17:30:00,17:30:00,1199,5,,0,0,,1
451,17:33:00,17:33:00,1200,6,,0,0,,1
451,17:38:00,17:38:00,1206,7,,0,0,,1
451,17:45:00,17:45:00,1205,8,,0,0,,1
451,17:52:00,17:52:00,1201,9,,0,0,,1
451,17:55:00,17:55:00,1202,10,,0,0,,1
451,17:55:00,17:55:00,1203,11,,0,0,,1
451,17:58:00,17:58:00,1202,12,,0,0,,1
451,18:00:00,18:00:00,1204,13,,0,0,,1
451,18:05:00,18:05:00,1201,14,,0,0,,1
451,18:10:00,18:10:00,1205,15,,0,0,,1
451,18:12:00,18:12:00,1206,16,,0,0,,1
451,18:25:00,18:25:00,1199,17,,0,0,,1
451,18:28:00,18:28:00,1208,18,,0,0,,1
451,18:30:00,18:30:00,1080,19,,0,0,,1
452,18:20:00,18:20:00,1198,1,,0,0,,1
452,18:22:00,18:22:00,1080,2,,0,0,,1
452,18:23:00,18:23:00,1207,3,,0,0,,1
452,18:25:00,18:25:00,1208,4,,0,0,,1
452,18:30:00,18:30:00,1199,5,,0,0,,1
452,18:33:00,18:33:00,1200,6,,0,0,,1
452,18:38:00,18:38:00,1206,7,,0,0,,1
452,18:45:00,18:45:00,1205,8,,0,0,,1
452,18:52:00,18:52:00,1201,9,,0,0,,1
452,18:55:00,18:55:00,1202,10,,0,0,,1
452,18:55:00,18:55:00,1203,11,,0,0,,1
452,18:58:00,18:58:00,1202,12,,0,0,,1
452,19:00:00,19:00:00,1204,13,,0,0,,1
452,19:05:00,19:05:00,1201,14,,0,0,,1
452,19:10:00,19:10:00,1205,15,,0,0,,1
452,19:12:00,19:12:00,1206,16,,0,0,,1
452,19:25:00,19:25:00,1199,17,,0,0,,1
452,19:28:00,19:28:00,1208,18,,0,0,,1
452,19:30:00,19:30:00,1080,19,,0,0,,1
453,20:10:00,20:10:00,1198,1,,0,0,,1
453,20:12:00,20:12:00,1080,2,,0,0,,1
453,20:13:00,20:13:00,1207,3,,0,0,,1
453,20:20:00,20:20:00,1199,4,,0,0,,1
453,20:23:00,20:23:00,1200,5,,0,0,,1
453,20:28:00,20:28:00,1206,6,,0,0,,1
453,20:35:00,20:35:00,1205,7,,0,0,,1
453,20:42:00,20:42:00,1201,8,,0,0,,1
453,20:45:00,20:45:00,1202,9,,0,0,,1
453,20:45:00,20:45:00,1203,10,,0,0,,1
453,20:48:00,20:48:00,1202,11,,0,0,,1
453,20:50:00,20:50:00,1204,12,,0,0,,1
453,20:55:00,20:55:00,1201,13,,0,0,,1
453,21:00:00,21:00:00,1205,14,,0,0,,1
454,07:00:00,07:00:00,1205,1,,0,0,,1
454,07:10:00,07:10:00,1208,2,,0,0,,1
454,07:30:00,07:30:00,1080,3,,0,0,,1
454,07:40:00,07:40:00,1209,4,,0,0,,1
455,07:00:00,07:00:00,1201,1,,0,0,,1
455,07:05:00,07:05:00,1205,2,,0,0,,1
455,07:15:00,07:15:00,1208,3,,0,0,,1
455,07:30:00,07:30:00,1080,4,,0,0,,1
455,07:40:00,07:40:00,1209,5,,0,0,,1
456,07:05:00,07:05:00,1210,1,,0,0,,1
456,07:10:00,07:10:00,1201,2,,0,0,,1
456,07:25:00,07:25:00,1208,3,,0,0,,1
456,08:00:00,08:00:00,1080,4,,0,0,,1
456,08:10:00,08:10:00,1209,5,,0,0,,1
457,07:15:00,07:15:00,1205,1,,0,0,,1
457,08:30:00,08:30:00,1209,2,,0,0,,1
458,07:20:00,07:20:00,1201,1,,0,0,,1
458,07:25:00,07:25:00,1205,2,,0,0,,1
458,07:27:00,07:27:00,1206,3,,0,0,,1
458,08:15:00,08:15:00,1209,4,,0,0,,1
459,07:50:00,07:50:00,1201,1,,0,0,,1
459,07:55:00,07:55:00,1205,2,,0,0,,1
459,07:57:00,07:57:00,1206,3,,0,0,,1
459,08:40:00,08:40:00,1209,4,,0,0,,1
460,13:35:00,13:35:00,1211,1,,0,0,,1
460,13:40:00,13:40:00,1206,2,,0,0,,1
460,13:40:00,13:40:00,1205,3,,0,0,,1
460,13:42:00,13:42:00,1206,4,,0,0,,1
461,13:05:00,13:05:00,1210,1,,0,0,,1
461,13:15:00,13:15:00,1080,2,,0,0,,1
461,13:40:00,13:40:00,1206,3,,0,0,,1
461,13:45:00,13:45:00,1205,4,,0,0,,1
461,13:45:00,13:45:00,1201,5,,0,0,,1
461,13:52:00,13:52:00,1206,6,,0,0,,1
462,13:05:00,13:05:00,1210,1,,0,0,,1
462,14:03:00,14:03:00,1205,2,,0,0,,1
462,14:08:00,14:08:00,1201,3,,0,0,,1
462,14:10:00,14:10:00,1202,4,,0,0,,1
462,14:10:00,14:10:00,1203,5,,0,0,,1
462,14:16:00,14:16:00,1202,6,,0,0,,1
462,14:20:00,14:20:00,1204,7,,0,0,,1
462,14:40:00,14:40:00,1206,8,,0,0,,1
463,14:30:00,14:30:00,1205,1,,0,0,,1
463,14:30:00,14:30:00,1201,2,,0,0,,1
463,14:37:00,14:37:00,1206,3,,0,0,,1
464,14:15:00,14:15:00,1211,1,,0,0,,1
464,14:20:00,14:20:00,1206,2,,0,0,,1
465,13:55:00,13:55:00,1210,1,,0,0,,1
465,14:35:00,14:35:00,1211,2,,0,0,,1
465,14:40:00,14:40:00,1206,3,,0,0,,1
465,14:45:00,14:45:00,1205,4,,0,0,,1
466,14:10:00,14:10:00,1210,1,,0,0,,1
466,14:55:00,14:55:00,1205,2,,0,0,,1
466,14:55:00,14:55:00,1201,3,,0,0,,1
466,15:00:00,15:00:00,1205,4,,0,0,,1
466,15:20:00,15:20:00,1080,5,,0,0,,1
466,15:30:00,15:30:00,1209,6,,0,0,,1
467,07:00:00,07:00:00,1212,1,,0,0,,1
467,07:01:00,07:01:00,1213,2,,0,0,,1
467,07:05:00,07:05:00,1080,3,,0,0,,1
468,07:00:00,07:00:00,1214,1,,0,0,,1
468,07:03:00,07:03:00,1211,2,,0,0,,1
468,07:04:00,07:04:00,1212,3,,0,0,,1
468,07:05:00,07:05:00,1213,4,,0,0,,1
468,07:10:00,07:10:00,1080,5,,0,0,,1
469,07:10:00,07:10:00,1214,1,,0,0,,1
469,07:15:00,07:15:00,1211,2,,0,0,,1
469,07:17:00,07:17:00,1212,3,,0,0,,1
469,07:20:00,07:20:00,1213,4,,0,0,,1
469,07:25:00,07:25:00,1080,5,,0,0,,1
470,07:15:00,07:15:00,1214,1,,0,0,,1
470,07:20:00,07:20:00,1211,2,,0,0,,1
470,07:22:00,07:22:00,1212,3,,0,0,,1
470,07:25:00,07:25:00,1213,4,,0,0,,1
470,07:30:00,07:30:00,1080,5,,0,0,,1
471,07:20:00,07:20:00,1214,1,,0,0,,1
471,07:25:00,07:25:00,1215,2,,0,0,,1
471,07:30:00,07:30:00,1211,3,,0,0,,1
471,07:35:00,07:35:00,1212,4,,0,0,,1
471,07:37:00,07:37:00,1213,5,,0,0,,1
471,07:45:00,07:45:00,1080,6,,0,0,,1
471,07:52:00,07:52:00,1082,7,,0,0,,1
471,08:10:00,08:10:00,253,8,,0,0,,1
472,07:30:00,07:30:00,1214,1,,0,0,,1
472,07:33:00,07:33:00,1211,2,,0,0,,1
472,07:35:00,07:35:00,1212,3,,0,0,,1
472,07:40:00,07:40:00,1213,4,,0,0,,1
472,07:45:00,07:45:00,1080,5,,0,0,,1
472,08:02:00,08:02:00,1082,6,,0,0,,1
472,08:10:00,08:10:00,253,7,,0,0,,1
473,07:30:00,07:30:00,1214,1,,0,0,,1
473,07:33:00,07:33:00,1211,2,,0,0,,1
473,07:35:00,07:35:00,1212,3,,0,0,,1
473,07:36:00,07:36:00,1213,4,,0,0,,1
474,07:23:00,07:23:00,1211,1,,0,0,,1
475,08:50:00,08:50:00,1214,1,,0,0,,1
475,08:55:00,08:55:00,1215,2,,0,0,,1
475,08:58:00,08:58:00,1211,3,,0,0,,1
475,09:02:00,09:02:00,1212,4,,0,0,,1
475,09:05:00,09:05:00,1213,5,,0,0,,1
475,09:10:00,09:10:00,1080,6,,0,0,,1
475,09:12:00,09:12:00,1082,7,,0,0,,1
475,09:20:00,09:20:00,253,8,,0,0,,1
476,10:10:00,10:10:00,1214,1,,0,0,,1
476,10:15:00,10:15:00,1215,2,,0,0,,1
476,10:18:00,10:18:00,1211,3,,0,0,,1
476,10:22:00,10:22:00,1212,4,,0,0,,1
476,10:25:00,10:25:00,1213,5,,0,0,,1
476,10:30:00,10:30:00,1080,6,,0,0,,1
476,10:32:00,10:32:00,1082,7,,0,0,,1
476,10:40:00,10:40:00,253,8,,0,0,,1
477,11:30:00,11:30:00,1214,1,,0,0,,1
477,11:35:00,11:35:00,1215,2,,0,0,,1
477,11:38:00,11:38:00,1211,3,,0,0,,1
477,11:42:00,11:42:00,1212,4,,0,0,,1
477,11:45:00,11:45:00,1213,5,,0,0,,1
477,11:50:00,11:50:00,1080,6,,0,0,,1
477,11:52:00,11:52:00,1082,7,,0,0,,1
477,12:00:00,12:00:00,253,8,,0,0,,1
478,12:50:00,12:50:00,1214,1,,0,0,,1
478,12:55:00,12:55:00,1215,2,,0,0,,1
478,12:58:00,12:58:00,1211,3,,0,0,,1
478,13:02:00,13:02:00,1212,4,,0,0,,1
478,13:05:00,13:05:00,1213,5,,0,0,,1
478,13:10:00,13:10:00,1080,6,,0,0,,1
478,13:12:00,13:12:00,1082,7,,0,0,,1
478,13:20:00,13:20:00,253,8,,0,0,,1
479,14:10:00,14:10:00,1214,1,,0,0,,1
479,14:15:00,14:15:00,1215,2,,0,0,,1
479,14:18:00,14:18:00,1211,3,,0,0,,1
479,14:22:00,14:22:00,1212,4,,0,0,,1
479,14:25:00,14:25:00,1213,5,,0,0,,1
479,14:30:00,14:30:00,1080,6,,0,0,,1
479,14:32:00,14:32:00,1082,7,,0,0,,1
479,14:40:00,14:40:00,253,8,,0,0,,1
480,15:30:00,15:30:00,1214,1,,0,0,,1
480,15:35:00,15:35:00,1215,2,,0,0,,1
480,15:38:00,15:38:00,1211,3,,0,0,,1
480,15:42:00,15:42:00,1212,4,,0,0,,1
480,15:45:00,15:45:00,1213,5,,0,0,,1
480,15:50:00,15:50:00,1080,6,,0,0,,1
480,15:52:00,15:52:00,1082,7,,0,0,,1
480,16:00:00,16:00:00,253,8,,0,0,,1
481,16:50:00,16:50:00,1214,1,,0,0,,1
481,16:55:00,16:55:00,1215,2,,0,0,,1
481,16:58:00,16:58:00,1211,3,,0,0,,1
481,17:02:00,17:02:00,1212,4,,0,0,,1
481,17:05:00,17:05:00,1213,5,,0,0,,1
481,17:10:00,17:10:00,1080,6,,0,0,,1
481,17:12:00,17:12:00,1082,7,,0,0,,1
481,17:20:00,17:20:00,253,8,,0,0,,1
482,18:10:00,18:10:00,1214,1,,0,0,,1
482,18:15:00,18:15:00,1215,2,,0,0,,1
482,18:18:00,18:18:00,1211,3,,0,0,,1
482,18:22:00,18:22:00,1212,4,,0,0,,1
482,18:25:00,18:25:00,1213,5,,0,0,,1
482,18:30:00,18:30:00,1080,6,,0,0,,1
482,18:32:00,18:32:00,1082,7,,0,0,,1
482,18:40:00,18:40:00,253,8,,0,0,,1
483,19:30:00,19:30:00,1214,1,,0,0,,1
483,19:35:00,19:35:00,1215,2,,0,0,,1
483,19:38:00,19:38:00,1211,3,,0,0,,1
483,19:42:00,19:42:00,1212,4,,0,0,,1
483,19:45:00,19:45:00,1213,5,,0,0,,1
483,19:50:00,19:50:00,1080,6,,0,0,,1
483,19:52:00,19:52:00,1082,7,,0,0,,1
483,20:00:00,20:00:00,253,8,,0,0,,1
484,20:45:00,20:45:00,1214,1,,0,0,,1
484,20:50:00,20:50:00,1215,2,,0,0,,1
484,20:53:00,20:53:00,1211,3,,0,0,,1
484,20:57:00,20:57:00,1212,4,,0,0,,1
484,21:00:00,21:00:00,1213,5,,0,0,,1
484,21:05:00,21:05:00,1080,6,,0,0,,1
485,06:55:00,06:55:00,1216,1,,0,0,,1
485,07:00:00,07:00:00,1214,2,,0,0,,1
486,07:17:00,07:17:00,1216,1,,0,0,,1
486,07:20:00,07:20:00,1214,2,,0,0,,1
487,07:25:00,07:25:00,1216,1,,0,0,,1
487,07:30:00,07:30:00,1214,2,,0,0,,1
488,07:05:00,07:05:00,1216,1,,0,0,,1
488,07:10:00,07:10:00,1214,2,,0,0,,1
489,08:12:00,08:12:00,1082,1,,0,0,,1
489,08:39:00,08:39:00,1216,2,,0,0,,1
489,08:48:00,08:48:00,1217,3,,0,0,,1
489,08:50:00,08:50:00,1214,4,,0,0,,1
490,08:05:00,08:05:00,1082,1,,0,0,,1
490,08:13:00,08:13:00,1216,2,,0,0,,1
490,08:18:00,08:18:00,1217,3,,0,0,,1
490,08:30:00,08:30:00,1214,4,,0,0,,1
491,09:32:00,09:32:00,1082,1,,0,0,,1
491,09:59:00,09:59:00,1216,2,,0,0,,1
491,10:08:00,10:08:00,1217,3,,0,0,,1
491,10:10:00,10:10:00,1214,4,,0,0,,1
492,10:52:00,10:52:00,1082,1,,0,0,,1
492,11:19:00,11:19:00,1216,2,,0,0,,1
492,11:28:00,11:28:00,1217,3,,0,0,,1
492,11:30:00,11:30:00,1214,4,,0,0,,1
493,12:12:00,12:12:00,1082,1,,0,0,,1
493,12:39:00,12:39:00,1216,2,,0,0,,1
493,12:48:00,12:48:00,1217,3,,0,0,,1
493,12:50:00,12:50:00,1214,4,,0,0,,1
494,13:32:00,13:32:00,1082,1,,0,0,,1
494,13:59:00,13:59:00,1216,2,,0,0,,1
494,14:08:00,14:08:00,1217,3,,0,0,,1
494,14:10:00,14:10:00,1214,4,,0,0,,1
495,14:52:00,14:52:00,1082,1,,0,0,,1
495,15:19:00,15:19:00,1216,2,,0,0,,1
495,15:28:00,15:28:00,1217,3,,0,0,,1
495,15:30:00,15:30:00,1214,4,,0,0,,1
496,16:12:00,16:12:00,1082,1,,0,0,,1
496,16:39:00,16:39:00,1216,2,,0,0,,1
496,16:48:00,16:48:00,1217,3,,0,0,,1
496,16:50:00,16:50:00,1214,4,,0,0,,1
497,17:32:00,17:32:00,1082,1,,0,0,,1
497,17:59:00,17:59:00,1216,2,,0,0,,1
497,18:08:00,18:08:00,1217,3,,0,0,,1
497,18:10:00,18:10:00,1214,4,,0,0,,1
498,18:52:00,18:52:00,1082,1,,0,0,,1
498,19:19:00,19:19:00,1216,2,,0,0,,1
498,19:28:00,19:28:00,1217,3,,0,0,,1
498,19:30:00,19:30:00,1214,4,,0,0,,1
499,20:12:00,20:12:00,1082,1,,0,0,,1
499,20:35:00,20:35:00,1216,2,,0,0,,1
499,20:43:00,20:43:00,1217,3,,0,0,,1
499,20:45:00,20:45:00,1214,4,,0,0,,1
500,21:42:00,21:42:00,1082,1,,0,0,,1
500,21:47:00,21:47:00,1213,2,,0,0,,1
500,21:50:00,21:50:00,1212,3,,0,0,,1
500,22:00:00,22:00:00,1214,4,,0,0,,1
500,22:05:00,22:05:00,1216,5,,0,0,,1
500,22:08:00,22:08:00,1217,6,,0,0,,1
500,22:10:00,22:10:00,1214,7,,0,0,,1
501,07:05:00,07:05:00,1218,1,,0,0,,1
501,07:35:00,07:35:00,1219,2,,0,0,,1
501,07:40:00,07:40:00,1123,3,,0,0,,1
502,06:48:00,06:48:00,1080,1,,0,0,,1
502,07:10:00,07:10:00,1220,2,,0,0,,1
503,07:10:00,07:10:00,1220,1,,0,0,,1
503,07:15:00,07:15:00,1221,2,,0,0,,1
503,07:20:00,07:20:00,1222,3,,0,0,,1
504,07:15:00,07:15:00,1223,1,,0,0,,1
504,07:20:00,07:20:00,1220,2,,0,0,,1
504,07:25:00,07:25:00,1221,3,,0,0,,1
504,07:30:00,07:30:00,1222,4,,0,0,,1
504,07:55:00,07:55:00,1123,5,,0,0,,1
505,06:40:00,06:40:00,1123,1,,0,0,,1
505,06:43:00,06:43:00,1219,2,,0,0,,1
505,06:50:00,06:50:00,1080,3,,0,0,,1
505,06:53:00,06:53:00,1222,4,,0,0,,1
505,06:55:00,06:55:00,1221,5,,0,0,,1
505,07:20:00,07:20:00,1220,6,,0,0,,1
505,07:30:00,07:30:00,1221,7,,0,0,,1
505,07:35:00,07:35:00,1222,8,,0,0,,1
505,07:37:00,07:37:00,1080,9,,0,0,,1
505,07:45:00,07:45:00,1219,10,,0,0,,1
505,08:15:00,08:15:00,1123,11,,0,0,,1
506,06:40:00,06:40:00,1123,1,,0,0,,1
506,06:43:00,06:43:00,1219,2,,0,0,,1
506,06:50:00,06:50:00,1080,3,,0,0,,1
506,06:53:00,06:53:00,1222,4,,0,0,,1
506,06:55:00,06:55:00,1221,5,,0,0,,1
506,07:12:00,07:12:00,1223,6,,0,0,,1
506,07:15:00,07:15:00,1220,7,,0,0,,1
506,07:25:00,07:25:00,1221,8,,0,0,,1
506,07:30:00,07:30:00,1222,9,,0,0,,1
506,07:32:00,07:32:00,1080,10,,0,0,,1
506,08:00:00,08:00:00,1219,11,,0,0,,1
506,08:10:00,08:10:00,1123,12,,0,0,,1
507,07:50:00,07:50:00,1123,1,,0,0,,1
507,07:53:00,07:53:00,1219,2,,0,0,,1
507,08:00:00,08:00:00,1080,3,,0,0,,1
507,08:05:00,08:05:00,1222,4,,0,0,,1
507,08:07:00,08:07:00,1221,5,,0,0,,1
507,08:25:00,08:25:00,1223,6,,0,0,,1
507,08:30:00,08:30:00,1220,7,,0,0,,1
507,08:40:00,08:40:00,1221,8,,0,0,,1
507,08:45:00,08:45:00,1222,9,,0,0,,1
507,08:52:00,08:52:00,1080,10,,0,0,,1
507,09:00:00,09:00:00,1219,11,,0,0,,1
507,09:10:00,09:10:00,1123,12,,0,0,,1
508,08:30:00,08:30:00,1123,1,,0,0,,1
508,08:35:00,08:35:00,1219,2,,0,0,,1
508,08:40:00,08:40:00,1080,3,,0,0,,1
508,08:45:00,08:45:00,1222,4,,0,0,,1
508,08:47:00,08:47:00,1221,5,,0,0,,1
508,09:00:00,09:00:00,1218,6,,0,0,,1
508,09:20:00,09:20:00,1219,7,,0,0,,1
508,09:30:00,09:30:00,1123,8,,0,0,,1
509,08:55:00,08:55:00,1123,1,,0,0,,1
509,09:00:00,09:00:00,1219,2,,0,0,,1
509,09:07:00,09:07:00,1080,3,,0,0,,1
509,09:15:00,09:15:00,1222,4,,0,0,,1
509,09:20:00,09:20:00,1221,5,,0,0,,1
509,09:35:00,09:35:00,1223,6,,0,0,,1
509,09:40:00,09:40:00,1220,7,,0,0,,1
509,09:50:00,09:50:00,1221,8,,0,0,,1
509,09:55:00,09:55:00,1222,9,,0,0,,1
509,09:57:00,09:57:00,1080,10,,0,0,,1
509,10:10:00,10:10:00,1219,11,,0,0,,1
509,10:20:00,10:20:00,1123,12,,0,0,,1
510,10:50:00,10:50:00,1080,1,,0,0,,1
510,11:00:00,11:00:00,1222,2,,0,0,,1
510,11:05:00,11:05:00,1221,3,,0,0,,1
510,11:25:00,11:25:00,1223,4,,0,0,,1
510,11:30:00,11:30:00,1220,5,,0,0,,1
510,11:40:00,11:40:00,1221,6,,0,0,,1
510,11:45:00,11:45:00,1222,7,,0,0,,1
510,11:50:00,11:50:00,1080,8,,0,0,,1
511,12:00:00,12:00:00,1080,1,,0,0,,1
511,12:05:00,12:05:00,1222,2,,0,0,,1
511,12:10:00,12:10:00,1221,3,,0,0,,1
511,12:15:00,12:15:00,1218,4,,0,0,,1
511,12:25:00,12:25:00,1223,5,,0,0,,1
511,12:30:00,12:30:00,1220,6,,0,0,,1
511,12:40:00,12:40:00,1221,7,,0,0,,1
511,12:45:00,12:45:00,1222,8,,0,0,,1
511,12:48:00,12:48:00,1080,9,,0,0,,1
511,13:05:00,13:05:00,1219,10,,0,0,,1
511,13:15:00,13:15:00,1123,11,,0,0,,1
512,12:40:00,12:40:00,1123,1,,0,0,,1
512,12:48:00,12:48:00,1219,2,,0,0,,1
512,12:50:00,12:50:00,1080,3,,0,0,,1
512,13:00:00,13:00:00,1222,4,,0,0,,1
512,13:05:00,13:05:00,1221,5,,0,0,,1
512,13:10:00,13:10:00,1218,6,,0,0,,1
512,13:20:00,13:20:00,1223,7,,0,0,,1
512,13:30:00,13:30:00,1220,8,,0,0,,1
512,13:40:00,13:40:00,1221,9,,0,0,,1
512,13:45:00,13:45:00,1222,10,,0,0,,1
512,13:55:00,13:55:00,1219,11,,0,0,,1
512,14:10:00,14:10:00,1123,12,,0,0,,1
513,13:20:00,13:20:00,1123,1,,0,0,,1
513,13:25:00,13:25:00,1219,2,,0,0,,1
513,13:30:00,13:30:00,1080,3,,0,0,,1
513,13:35:00,13:35:00,1222,4,,0,0,,1
513,13:40:00,13:40:00,1221,5,,0,0,,1
513,13:45:00,13:45:00,1218,6,,0,0,,1
513,13:55:00,13:55:00,1223,7,,0,0,,1
513,14:00:00,14:00:00,1220,8,,0,0,,1
513,14:10:00,14:10:00,1221,9,,0,0,,1
513,14:15:00,14:15:00,1222,10,,0,0,,1
513,14:25:00,14:25:00,1219,11,,0,0,,1
513,14:30:00,14:30:00,1123,12,,0,0,,1
514,13:15:00,13:15:00,1123,1,,0,0,,1
514,13:20:00,13:20:00,1219,2,,0,0,,1
514,13:35:00,13:35:00,1222,3,,0,0,,1
514,13:40:00,13:40:00,1221,4,,0,0,,1
514,13:45:00,13:45:00,1218,5,,0,0,,1
514,13:55:00,13:55:00,1223,6,,0,0,,1
514,14:05:00,14:05:00,1220,7,,0,0,,1
514,14:15:00,14:15:00,1221,8,,0,0,,1
514,14:20:00,14:20:00,1222,9,,0,0,,1
514,14:30:00,14:30:00,1219,10,,0,0,,1
514,14:40:00,14:40:00,1123,11,,0,0,,1
515,13:50:00,13:50:00,1219,1,,0,0,,1
515,14:05:00,14:05:00,1222,2,,0,0,,1
515,14:10:00,14:10:00,1221,3,,0,0,,1
515,14:20:00,14:20:00,1218,4,,0,0,,1
515,14:30:00,14:30:00,1223,5,,0,0,,1
515,14:35:00,14:35:00,1220,6,,0,0,,1
515,14:45:00,14:45:00,1221,7,,0,0,,1
515,14:50:00,14:50:00,1222,8,,0,0,,1
515,15:00:00,15:00:00,1219,9,,0,0,,1
515,15:05:00,15:05:00,1123,10,,0,0,,1
516,14:05:00,14:05:00,1123,1,,0,0,,1
516,14:15:00,14:15:00,1219,2,,0,0,,1
516,14:30:00,14:30:00,1080,3,,0,0,,1
516,14:35:00,14:35:00,1222,4,,0,0,,1
516,14:40:00,14:40:00,1221,5,,0,0,,1
516,14:43:00,14:43:00,1218,6,,0,0,,1
516,14:50:00,14:50:00,1223,7,,0,0,,1
516,14:55:00,14:55:00,1220,8,,0,0,,1
517,14:10:00,14:10:00,1123,1,,0,0,,1
517,14:15:00,14:15:00,1219,2,,0,0,,1
517,14:25:00,14:25:00,1080,3,,0,0,,1
517,14:35:00,14:35:00,1222,4,,0,0,,1
517,14:40:00,14:40:00,1221,5,,0,0,,1
517,14:50:00,14:50:00,1223,6,,0,0,,1
517,14:55:00,14:55:00,1220,7,,0,0,,1
518,15:15:00,15:15:00,1220,1,,0,0,,1
518,15:25:00,15:25:00,1221,2,,0,0,,1
518,15:30:00,15:30:00,1222,3,,0,0,,1
518,15:33:00,15:33:00,1080,4,,0,0,,1
518,15:50:00,15:50:00,1219,5,,0,0,,1
518,15:55:00,15:55:00,1123,6,,0,0,,1
519,15:55:00,15:55:00,1080,1,,0,0,,1
519,16:05:00,16:05:00,1222,2,,0,0,,1
519,16:10:00,16:10:00,1221,3,,0,0,,1
519,16:15:00,16:15:00,1218,4,,0,0,,1
519,16:25:00,16:25:00,1223,5,,0,0,,1
519,16:35:00,16:35:00,1220,6,,0,0,,1
519,16:45:00,16:45:00,1221,7,,0,0,,1
519,16:50:00,16:50:00,1222,8,,0,0,,1
519,16:55:00,16:55:00,1080,9,,0,0,,1
520,17:00:00,17:00:00,1123,1,,0,0,,1
520,17:05:00,17:05:00,1219,2,,0,0,,1
520,17:10:00,17:10:00,1080,3,,0,0,,1
520,17:15:00,17:15:00,1222,4,,0,0,,1
520,17:20:00,17:20:00,1221,5,,0,0,,1
520,17:45:00,17:45:00,1220,6,,0,0,,1
520,17:55:00,17:55:00,1221,7,,0,0,,1
520,18:00:00,18:00:00,1222,8,,0,0,,1
520,18:02:00,18:02:00,1080,9,,0,0,,1
520,18:20:00,18:20:00,1219,10,,0,0,,1
520,18:25:00,18:25:00,1123,11,,0,0,,1
521,18:35:00,18:35:00,1123,1,,0,0,,1
521,18:40:00,18:40:00,1219,2,,0,0,,1
521,18:45:00,18:45:00,1080,3,,0,0,,1
521,18:50:00,18:50:00,1222,4,,0,0,,1
521,18:55:00,18:55:00,1221,5,,0,0,,1
521,19:00:00,19:00:00,1218,6,,0,0,,1
521,19:10:00,19:10:00,1223,7,,0,0,,1
521,19:25:00,19:25:00,1220,8,,0,0,,1
521,19:35:00,19:35:00,1221,9,,0,0,,1
521,19:40:00,19:40:00,1222,10,,0,0,,1
521,19:45:00,19:45:00,1080,11,,0,0,,1
522,20:15:00,20:15:00,1080,1,,0,0,,1
522,20:20:00,20:20:00,1222,2,,0,0,,1
522,20:25:00,20:25:00,1221,3,,0,0,,1
522,20:28:00,20:28:00,1218,4,,0,0,,1
522,20:35:00,20:35:00,1220,5,,0,0,,1
522,20:40:00,20:40:00,1221,6,,0,0,,1
522,20:45:00,20:45:00,1222,7,,0,0,,1
522,20:47:00,20:47:00,1080,8,,0,0,,1
523,06:00:00,06:00:00,1224,1,,0,0,,1
523,06:02:00,06:02:00,1225,2,,0,0,,1
523,06:04:00,06:04:00,1226,3,,0,0,,1
523,06:10:00,06:10:00,1227,4,,0,0,,1
523,06:14:00,06:14:00,1228,5,,0,0,,1
523,06:17:00,06:17:00,1229,6,,0,0,,1
523,06:30:00,06:30:00,1,7,,0,0,,1
524,06:30:00,06:30:00,1,1,,0,0,,1
524,06:40:00,06:40:00,1230,2,,0,0,,1
524,06:45:00,06:45:00,1226,3,,0,0,,1
524,06:53:00,06:53:00,1225,4,,0,0,,1
524,06:55:00,06:55:00,1224,5,,0,0,,1
524,06:57:00,06:57:00,1225,6,,0,0,,1
524,06:59:00,06:59:00,1226,7,,0,0,,1
524,07:01:00,07:01:00,1230,8,,0,0,,1
524,07:04:00,07:04:00,1227,9,,0,0,,1
524,07:08:00,07:08:00,1228,10,,0,0,,1
524,07:11:00,07:11:00,1229,11,,0,0,,1
524,07:30:00,07:30:00,1,12,,0,0,,1
525,06:40:00,06:40:00,1,1,,0,0,,1
525,06:50:00,06:50:00,1230,2,,0,0,,1
525,06:55:00,06:55:00,1226,3,,0,0,,1
525,07:03:00,07:03:00,1225,4,,0,0,,1
525,07:05:00,07:05:00,1224,5,,0,0,,1
525,07:07:00,07:07:00,1225,6,,0,0,,1
525,07:09:00,07:09:00,1226,7,,0,0,,1
525,07:15:00,07:15:00,1230,8,,0,0,,1
525,07:20:00,07:20:00,1227,9,,0,0,,1
525,07:25:00,07:25:00,1228,10,,0,0,,1
525,07:30:00,07:30:00,1229,11,,0,0,,1
525,07:40:00,07:40:00,1,12,,0,0,,1
526,06:55:00,06:55:00,1,1,,0,0,,1
526,07:10:00,07:10:00,613,2,,0,0,,1
526,07:15:00,07:15:00,1227,3,,0,0,,1
526,07:19:00,07:19:00,1228,4,,0,0,,1
526,07:22:00,07:22:00,1229,5,,0,0,,1
526,07:40:00,07:40:00,1,6,,0,0,,1
527,07:50:00,07:50:00,1,1,,0,0,,1
527,08:00:00,08:00:00,1229,2,,0,0,,1
527,08:03:00,08:03:00,1228,3,,0,0,,1
527,08:05:00,08:05:00,1227,4,,0,0,,1
527,08:10:00,08:10:00,1230,5,,0,0,,1
527,08:18:00,08:18:00,1226,6,,0,0,,1
527,08:20:00,08:20:00,1225,7,,0,0,,1
527,08:30:00,08:30:00,1224,8,,0,0,,1
527,08:32:00,08:32:00,1225,9,,0,0,,1
527,08:34:00,08:34:00,1226,10,,0,0,,1
527,08:36:00,08:36:00,1230,11,,0,0,,1
527,08:39:00,08:39:00,613,12,,0,0,,1
527,08:41:00,08:41:00,1227,13,,0,0,,1
527,08:45:00,08:45:00,1228,14,,0,0,,1
527,08:48:00,08:48:00,1229,15,,0,0,,1
527,09:10:00,09:10:00,1,16,,0,0,,1
528,09:00:00,09:00:00,1,1,,0,0,,1
528,09:10:00,09:10:00,1229,2,,0,0,,1
528,09:13:00,09:13:00,1228,3,,0,0,,1
528,09:15:00,09:15:00,1227,4,,0,0,,1
528,09:20:00,09:20:00,1230,5,,0,0,,1
528,09:28:00,09:28:00,1226,6,,0,0,,1
528,09:30:00,09:30:00,1225,7,,0,0,,1
528,09:40:00,09:40:00,1224,8,,0,0,,1
528,09:42:00,09:42:00,1225,9,,0,0,,1
528,09:44:00,09:44:00,1226,10,,0,0,,1
528,09:46:00,09:46:00,1230,11,,0,0,,1
528,09:51:00,09:51:00,1227,12,,0,0,,1
528,09:55:00,09:55:00,1228,13,,0,0,,1
528,09:58:00,09:58:00,1229,14,,0,0,,1
528,10:20:00,10:20:00,1,15,,0,0,,1
529,11:40:00,11:40:00,1,1,,0,0,,1
529,11:50:00,11:50:00,1229,2,,0,0,,1
529,11:53:00,11:53:00,1228,3,,0,0,,1
529,11:55:00,11:55:00,1227,4,,0,0,,1
529,11:57:00,11:57:00,613,5,,0,0,,1
529,12:00:00,12:00:00,1230,6,,0,0,,1
529,12:08:00,12:08:00,1226,7,,0,0,,1
529,12:10:00,12:10:00,1225,8,,0,0,,1
529,12:20:00,12:20:00,1224,9,,0,0,,1
529,12:22:00,12:22:00,1225,10,,0,0,,1
529,12:24:00,12:24:00,1226,11,,0,0,,1
529,12:26:00,12:26:00,1230,12,,0,0,,1
529,12:31:00,12:31:00,1227,13,,0,0,,1
529,12:35:00,12:35:00,1228,14,,0,0,,1
529,12:38:00,12:38:00,1229,15,,0,0,,1
529,13:00:00,13:00:00,1,16,,0,0,,1
530,12:45:00,12:45:00,1,1,,0,0,,1
530,12:55:00,12:55:00,1229,2,,0,0,,1
530,12:58:00,12:58:00,1228,3,,0,0,,1
530,13:00:00,13:00:00,1227,4,,0,0,,1
530,13:02:00,13:02:00,613,5,,0,0,,1
530,13:05:00,13:05:00,1230,6,,0,0,,1
530,13:13:00,13:13:00,1226,7,,0,0,,1
530,13:15:00,13:15:00,1225,8,,0,0,,1
530,13:25:00,13:25:00,1224,9,,0,0,,1
530,13:27:00,13:27:00,1225,10,,0,0,,1
530,13:29:00,13:29:00,1226,11,,0,0,,1
530,13:31:00,13:31:00,1230,12,,0,0,,1
530,13:36:00,13:36:00,1227,13,,0,0,,1
530,13:40:00,13:40:00,1228,14,,0,0,,1
530,13:43:00,13:43:00,1229,15,,0,0,,1
530,14:05:00,14:05:00,1,16,,0,0,,1
531,13:40:00,13:40:00,1,1,,0,0,,1
531,13:50:00,13:50:00,1229,2,,0,0,,1
531,13:53:00,13:53:00,1228,3,,0,0,,1
531,13:55:00,13:55:00,1227,4,,0,0,,1
531,13:57:00,13:57:00,613,5,,0,0,,1
531,14:00:00,14:00:00,1230,6,,0,0,,1
531,14:08:00,14:08:00,1226,7,,0,0,,1
531,14:10:00,14:10:00,1225,8,,0,0,,1
531,14:20:00,14:20:00,1224,9,,0,0,,1
531,14:22:00,14:22:00,1225,10,,0,0,,1
531,14:24:00,14:24:00,1226,11,,0,0,,1
531,14:26:00,14:26:00,1230,12,,0,0,,1
531,14:31:00,14:31:00,1227,13,,0,0,,1
531,14:35:00,14:35:00,1228,14,,0,0,,1
531,14:38:00,14:38:00,1229,15,,0,0,,1
531,15:00:00,15:00:00,1,16,,0,0,,1
532,14:20:00,14:20:00,1,1,,0,0,,1
532,14:30:00,14:30:00,1229,2,,0,0,,1
532,14:33:00,14:33:00,1228,3,,0,0,,1
532,14:35:00,14:35:00,1227,4,,0,0,,1
532,14:37:00,14:37:00,613,5,,0,0,,1
532,14:40:00,14:40:00,1230,6,,0,0,,1
532,14:48:00,14:48:00,1226,7,,0,0,,1
532,14:50:00,14:50:00,1225,8,,0,0,,1
532,15:00:00,15:00:00,1224,9,,0,0,,1
532,15:02:00,15:02:00,1225,10,,0,0,,1
532,15:04:00,15:04:00,1226,11,,0,0,,1
532,15:06:00,15:06:00,1230,12,,0,0,,1
532,15:11:00,15:11:00,1227,13,,0,0,,1
532,15:15:00,15:15:00,1228,14,,0,0,,1
532,15:18:00,15:18:00,1229,15,,0,0,,1
532,15:40:00,15:40:00,1,16,,0,0,,1
533,15:30:00,15:30:00,1,1,,0,0,,1
533,15:40:00,15:40:00,1229,2,,0,0,,1
533,15:43:00,15:43:00,1228,3,,0,0,,1
533,15:45:00,15:45:00,1227,4,,0,0,,1
533,15:50:00,15:50:00,1230,5,,0,0,,1
533,15:58:00,15:58:00,1226,6,,0,0,,1
533,16:00:00,16:00:00,1225,7,,0,0,,1
533,16:10:00,16:10:00,1224,8,,0,0,,1
533,16:12:00,16:12:00,1225,9,,0,0,,1
533,16:14:00,16:14:00,1226,10,,0,0,,1
533,16:16:00,16:16:00,1230,11,,0,0,,1
533,16:19:00,16:19:00,613,12,,0,0,,1
533,16:21:00,16:21:00,1227,13,,0,0,,1
533,16:25:00,16:25:00,1228,14,,0,0,,1
533,16:28:00,16:28:00,1229,15,,0,0,,1
533,16:50:00,16:50:00,1,16,,0,0,,1
534,16:45:00,16:45:00,1,1,,0,0,,1
534,16:55:00,16:55:00,1229,2,,0,0,,1
534,16:58:00,16:58:00,1228,3,,0,0,,1
534,17:00:00,17:00:00,1227,4,,0,0,,1
534,17:05:00,17:05:00,1230,5,,0,0,,1
534,17:13:00,17:13:00,1226,6,,0,0,,1
534,17:15:00,17:15:00,1225,7,,0,0,,1
534,17:25:00,17:25:00,1224,8,,0,0,,1
534,17:27:00,17:27:00,1225,9,,0,0,,1
534,17:29:00,17:29:00,1226,10,,0,0,,1
534,17:31:00,17:31:00,1230,11,,0,0,,1
534,17:36:00,17:36:00,1227,12,,0,0,,1
534,17:40:00,17:40:00,1228,13,,0,0,,1
534,17:43:00,17:43:00,1229,14,,0,0,,1
534,18:05:00,18:05:00,1,15,,0,0,,1
535,17:45:00,17:45:00,1,1,,0,0,,1
535,17:55:00,17:55:00,1229,2,,0,0,,1
535,17:58:00,17:58:00,1228,3,,0,0,,1
535,18:00:00,18:00:00,1227,4,,0,0,,1
535,18:05:00,18:05:00,1230,5,,0,0,,1
535,18:13:00,18:13:00,1226,6,,0,0,,1
535,18:15:00,18:15:00,1225,7,,0,0,,1
535,18:25:00,18:25:00,1224,8,,0,0,,1
535,18:27:00,18:27:00,1225,9,,0,0,,1
535,18:29:00,18:29:00,1226,10,,0,0,,1
535,18:31:00,18:31:00,1230,11,,0,0,,1
535,18:36:00,18:36:00,1227,12,,0,0,,1
535,18:40:00,18:40:00,1228,13,,0,0,,1
535,18:43:00,18:43:00,1229,14,,0,0,,1
535,19:05:00,19:05:00,1,15,,0,0,,1
536,19:00:00,19:00:00,1,1,,0,0,,1
536,19:10:00,19:10:00,1229,2,,0,0,,1
536,19:13:00,19:13:00,1228,3,,0,0,,1
536,19:15:00,19:15:00,1227,4,,0,0,,1
536,19:20:00,19:20:00,1230,5,,0,0,,1
536,19:28:00,19:28:00,1226,6,,0,0,,1
536,19:30:00,19:30:00,1225,7,,0,0,,1
536,19:40:00,19:40:00,1224,8,,0,0,,1
536,19:42:00,19:42:00,1225,9,,0,0,,1
536,19:44:00,19:44:00,1226,10,,0,0,,1
536,19:46:00,19:46:00,1230,11,,0,0,,1
536,19:51:00,19:51:00,1227,12,,0,0,,1
536,19:55:00,19:55:00,1228,13,,0,0,,1
536,19:58:00,19:58:00,1229,14,,0,0,,1
536,20:20:00,20:20:00,1,15,,0,0,,1
537,20:10:00,20:10:00,1,1,,0,0,,1
537,20:20:00,20:20:00,1229,2,,0,0,,1
537,20:23:00,20:23:00,1228,3,,0,0,,1
537,20:25:00,20:25:00,1227,4,,0,0,,1
537,20:27:00,20:27:00,613,5,,0,0,,1
537,20:30:00,20:30:00,1230,6,,0,0,,1
537,20:38:00,20:38:00,1226,7,,0,0,,1
537,20:40:00,20:40:00,1225,8,,0,0,,1
537,20:50:00,20:50:00,1224,9,,0,0,,1
537,20:52:00,20:52:00,1225,10,,0,0,,1
537,20:54:00,20:54:00,1226,11,,0,0,,1
537,20:56:00,20:56:00,1230,12,,0,0,,1
537,21:20:00,21:20:00,1,13,,0,0,,1
538,06:45:00,06:45:00,1,1,,0,0,,1
538,06:50:00,06:50:00,1231,2,,0,0,,1
538,06:53:00,06:53:00,1232,3,,0,0,,1
538,06:55:00,06:55:00,1233,4,,0,0,,1
538,07:00:00,07:00:00,1234,5,,0,0,,1
538,07:10:00,07:10:00,1235,6,,0,0,,1
539,06:50:00,06:50:00,1,1,,0,0,,1
539,06:55:00,06:55:00,1232,2,,0,0,,1
539,07:00:00,07:00:00,1233,3,,0,0,,1
539,07:05:00,07:05:00,1234,4,,0,0,,1
540,07:25:00,07:25:00,1234,1,,0,0,,1
540,07:30:00,07:30:00,1236,2,,0,0,,1
541,07:55:00,07:55:00,1,1,,0,0,,1
541,08:00:00,08:00:00,1231,2,,0,0,,1
541,08:03:00,08:03:00,1232,3,,0,0,,1
541,08:05:00,08:05:00,1233,4,,0,0,,1
541,08:08:00,08:08:00,1237,5,,0,0,,1
541,08:10:00,08:10:00,1234,6,,0,0,,1
541,08:25:00,08:25:00,1235,7,,0,0,,1
542,09:15:00,09:15:00,1,1,,0,0,,1
542,09:20:00,09:20:00,1231,2,,0,0,,1
542,09:23:00,09:23:00,1232,3,,0,0,,1
542,09:25:00,09:25:00,1233,4,,0,0,,1
542,09:28:00,09:28:00,1237,5,,0,0,,1
542,09:30:00,09:30:00,1234,6,,0,0,,1
542,09:45:00,09:45:00,1235,7,,0,0,,1
543,11:00:00,11:00:00,1,1,,0,0,,1
543,11:05:00,11:05:00,1231,2,,0,0,,1
543,11:08:00,11:08:00,1232,3,,0,0,,1
543,11:10:00,11:10:00,1233,4,,0,0,,1
543,11:13:00,11:13:00,1237,5,,0,0,,1
543,11:15:00,11:15:00,1234,6,,0,0,,1
543,11:30:00,11:30:00,1235,7,,0,0,,1
544,12:10:00,12:10:00,1238,1,,0,0,,1
544,12:15:00,12:15:00,1234,2,,0,0,,1
544,12:20:00,12:20:00,1236,3,,0,0,,1
545,12:25:00,12:25:00,1,1,,0,0,,1
545,12:28:00,12:28:00,1239,2,,0,0,,1
545,12:30:00,12:30:00,1231,3,,0,0,,1
545,12:33:00,12:33:00,1232,4,,0,0,,1
545,12:35:00,12:35:00,1233,5,,0,0,,1
545,12:38:00,12:38:00,1237,6,,0,0,,1
545,12:40:00,12:40:00,1234,7,,0,0,,1
545,12:55:00,12:55:00,1235,8,,0,0,,1
546,14:20:00,14:20:00,1234,1,,0,0,,1
546,14:25:00,14:25:00,1236,2,,0,0,,1
547,13:30:00,13:30:00,1,1,,0,0,,1
547,13:33:00,13:33:00,1239,2,,0,0,,1
547,13:35:00,13:35:00,1231,3,,0,0,,1
547,13:38:00,13:38:00,1232,4,,0,0,,1
547,13:40:00,13:40:00,1233,5,,0,0,,1
547,13:43:00,13:43:00,1237,6,,0,0,,1
547,13:45:00,13:45:00,1234,7,,0,0,,1
547,14:00:00,14:00:00,1235,8,,0,0,,1
548,14:25:00,14:25:00,1,1,,0,0,,1
548,14:30:00,14:30:00,1231,2,,0,0,,1
548,14:33:00,14:33:00,1232,3,,0,0,,1
548,14:35:00,14:35:00,1233,4,,0,0,,1
548,14:38:00,14:38:00,1237,5,,0,0,,1
548,14:40:00,14:40:00,1234,6,,0,0,,1
548,15:05:00,15:05:00,1235,7,,0,0,,1
549,16:40:00,16:40:00,1,1,,0,0,,1
549,16:45:00,16:45:00,1231,2,,0,0,,1
549,16:48:00,16:48:00,1232,3,,0,0,,1
549,16:50:00,16:50:00,1233,4,,0,0,,1
549,16:53:00,16:53:00,1237,5,,0,0,,1
549,16:55:00,16:55:00,1234,6,,0,0,,1
549,17:10:00,17:10:00,1235,7,,0,0,,1
550,18:50:00,18:50:00,1,1,,0,0,,1
550,18:55:00,18:55:00,1231,2,,0,0,,1
550,18:58:00,18:58:00,1232,3,,0,0,,1
550,19:00:00,19:00:00,1233,4,,0,0,,1
550,19:03:00,19:03:00,1237,5,,0,0,,1
550,19:05:00,19:05:00,1234,6,,0,0,,1
550,19:20:00,19:20:00,1235,7,,0,0,,1
551,20:10:00,20:10:00,1,1,,0,0,,1
551,20:35:00,20:35:00,1234,2,,0,0,,1
552,07:10:00,07:10:00,1235,1,,0,0,,1
552,07:15:00,07:15:00,1234,2,,0,0,,1
552,07:20:00,07:20:00,1237,3,,0,0,,1
552,07:20:00,07:20:00,1233,4,,0,0,,1
552,07:25:00,07:25:00,1232,5,,0,0,,1
552,07:26:00,07:26:00,1231,6,,0,0,,1
552,07:28:00,07:28:00,1239,7,,0,0,,1
552,07:40:00,07:40:00,1,8,,0,0,,1
553,07:05:00,07:05:00,1234,1,,0,0,,1
553,07:45:00,07:45:00,1,2,,0,0,,1
554,07:30:00,07:30:00,1236,1,,0,0,,1
554,07:32:00,07:32:00,1234,2,,0,0,,1
554,07:35:00,07:35:00,1237,3,,0,0,,1
554,07:55:00,07:55:00,1238,4,,0,0,,1
555,08:25:00,08:25:00,1235,1,,0,0,,1
555,08:30:00,08:30:00,1234,2,,0,0,,1
555,08:33:00,08:33:00,1237,3,,0,0,,1
555,08:37:00,08:37:00,1233,4,,0,0,,1
555,08:42:00,08:42:00,1232,5,,0,0,,1
555,08:43:00,08:43:00,1231,6,,0,0,,1
555,08:46:00,08:46:00,1239,7,,0,0,,1
555,08:55:00,08:55:00,1,8,,0,0,,1
556,09:45:00,09:45:00,1235,1,,0,0,,1
556,09:50:00,09:50:00,1234,2,,0,0,,1
556,09:53:00,09:53:00,1237,3,,0,0,,1
556,09:57:00,09:57:00,1233,4,,0,0,,1
556,10:02:00,10:02:00,1232,5,,0,0,,1
556,10:03:00,10:03:00,1231,6,,0,0,,1
556,10:15:00,10:15:00,1,7,,0,0,,1
557,11:30:00,11:30:00,1235,1,,0,0,,1
557,11:35:00,11:35:00,1234,2,,0,0,,1
557,11:38:00,11:38:00,1237,3,,0,0,,1
557,11:42:00,11:42:00,1233,4,,0,0,,1
557,11:47:00,11:47:00,1232,5,,0,0,,1
557,11:48:00,11:48:00,1231,6,,0,0,,1
557,12:00:00,12:00:00,1,7,,0,0,,1
558,12:20:00,12:20:00,1236,1,,0,0,,1
558,12:22:00,12:22:00,1234,2,,0,0,,1
558,12:23:00,12:23:00,1237,3,,0,0,,1
558,12:30:00,12:30:00,1238,4,,0,0,,1
559,12:55:00,12:55:00,1235,1,,0,0,,1
559,13:00:00,13:00:00,1234,2,,0,0,,1
559,13:03:00,13:03:00,1237,3,,0,0,,1
559,13:07:00,13:07:00,1233,4,,0,0,,1
559,13:12:00,13:12:00,1232,5,,0,0,,1
559,13:13:00,13:13:00,1231,6,,0,0,,1
559,13:25:00,13:25:00,1,7,,0,0,,1
560,14:00:00,14:00:00,1235,1,,0,0,,1
560,14:05:00,14:05:00,1234,2,,0,0,,1
560,14:08:00,14:08:00,1237,3,,0,0,,1
560,14:12:00,14:12:00,1233,4,,0,0,,1
560,14:17:00,14:17:00,1232,5,,0,0,,1
560,14:18:00,14:18:00,1231,6,,0,0,,1
560,14:20:00,14:20:00,1239,7,,0,0,,1
560,14:30:00,14:30:00,1,8,,0,0,,1
561,15:05:00,15:05:00,1235,1,,0,0,,1
561,15:10:00,15:10:00,1234,2,,0,0,,1
561,15:13:00,15:13:00,1237,3,,0,0,,1
561,15:17:00,15:17:00,1233,4,,0,0,,1
561,15:22:00,15:22:00,1232,5,,0,0,,1
561,15:23:00,15:23:00,1231,6,,0,0,,1
561,15:35:00,15:35:00,1,7,,0,0,,1
562,17:10:00,17:10:00,1235,1,,0,0,,1
562,17:15:00,17:15:00,1234,2,,0,0,,1
562,17:18:00,17:18:00,1237,3,,0,0,,1
562,17:22:00,17:22:00,1233,4,,0,0,,1
562,17:27:00,17:27:00,1232,5,,0,0,,1
562,17:28:00,17:28:00,1231,6,,0,0,,1
562,17:40:00,17:40:00,1,7,,0,0,,1
563,19:20:00,19:20:00,1235,1,,0,0,,1
563,19:25:00,19:25:00,1234,2,,0,0,,1
563,19:28:00,19:28:00,1237,3,,0,0,,1
563,19:32:00,19:32:00,1233,4,,0,0,,1
563,19:37:00,19:37:00,1232,5,,0,0,,1
563,19:38:00,19:38:00,1231,6,,0,0,,1
563,19:50:00,19:50:00,1,7,,0,0,,1
564,20:35:00,20:35:00,1234,1,,0,0,,1
564,20:38:00,20:38:00,1237,2,,0,0,,1
564,20:40:00,20:40:00,1233,3,,0,0,,1
564,20:42:00,20:42:00,1232,4,,0,0,,1
564,20:50:00,20:50:00,1,5,,0,0,,1
565,08:00:00,08:00:00,1240,1,,0,0,,1
565,08:01:00,08:01:00,1241,2,,0,0,,1
565,08:02:00,08:02:00,1242,3,,0,0,,1
565,08:05:00,08:05:00,1243,4,,0,0,,1
566,08:20:00,08:20:00,1240,1,,0,0,,1
566,08:21:00,08:21:00,1241,2,,0,0,,1
566,08:22:00,08:22:00,1242,3,,0,0,,1
566,08:25:00,08:25:00,1243,4,,0,0,,1
566,08:26:00,08:26:00,1244,5,,0,0,,1
566,08:28:00,08:28:00,1073,6,,0,0,,1
566,08:29:00,08:29:00,1059,7,,0,0,,1
566,08:30:00,08:30:00,1245,8,,0,0,,1
567,13:15:00,13:15:00,1240,1,,0,0,,1
567,13:16:00,13:16:00,1241,2,,0,0,,1
567,13:18:00,13:18:00,1242,3,,0,0,,1
567,13:20:00,13:20:00,1243,4,,0,0,,1
567,13:21:00,13:21:00,1244,5,,0,0,,1
567,13:23:00,13:23:00,1073,6,,0,0,,1
567,13:24:00,13:24:00,1059,7,,0,0,,1
568,13:42:00,13:42:00,1241,1,,0,0,,1
568,13:44:00,13:44:00,1242,2,,0,0,,1
568,13:45:00,13:45:00,1243,3,,0,0,,1
568,13:46:00,13:46:00,1244,4,,0,0,,1
568,13:48:00,13:48:00,1073,5,,0,0,,1
568,13:49:00,13:49:00,1059,6,,0,0,,1
568,13:50:00,13:50:00,1245,7,,0,0,,1
569,13:50:00,13:50:00,1240,1,,0,0,,1
569,13:51:00,13:51:00,1241,2,,0,0,,1
569,13:52:00,13:52:00,1242,3,,0,0,,1
569,13:55:00,13:55:00,1243,4,,0,0,,1
569,13:56:00,13:56:00,1244,5,,0,0,,1
569,13:58:00,13:58:00,1073,6,,0,0,,1
569,13:59:00,13:59:00,1059,7,,0,0,,1
569,14:00:00,14:00:00,1245,8,,0,0,,1
569,14:15:00,14:15:00,1111,9,,0,0,,1
570,15:35:00,15:35:00,1240,1,,0,0,,1
570,15:36:00,15:36:00,1241,2,,0,0,,1
570,15:40:00,15:40:00,1242,3,,0,0,,1
570,15:45:00,15:45:00,1243,4,,0,0,,1
570,15:46:00,15:46:00,1244,5,,0,0,,1
570,15:48:00,15:48:00,1073,6,,0,0,,1
570,15:49:00,15:49:00,1059,7,,0,0,,1
570,15:50:00,15:50:00,1245,8,,0,0,,1
571,17:02:00,17:02:00,1241,1,,0,0,,1
571,17:04:00,17:04:00,1242,2,,0,0,,1
571,17:05:00,17:05:00,1243,3,,0,0,,1
571,17:06:00,17:06:00,1244,4,,0,0,,1
571,17:08:00,17:08:00,1073,5,,0,0,,1
571,17:09:00,17:09:00,1059,6,,0,0,,1
571,17:10:00,17:10:00,1245,7,,0,0,,1
571,17:15:00,17:15:00,1111,8,,0,0,,1
572,07:37:00,07:37:00,1240,1,,0,0,,1
572,07:39:00,07:39:00,1241,2,,0,0,,1
572,07:40:00,07:40:00,1242,3,,0,0,,1
572,07:41:00,07:41:00,1243,4,,0,0,,1
572,07:45:00,07:45:00,1244,5,,0,0,,1
573,13:35:00,13:35:00,1240,1,,0,0,,1
573,13:37:00,13:37:00,1241,2,,0,0,,1
573,13:38:00,13:38:00,1242,3,,0,0,,1
573,13:39:00,13:39:00,1243,4,,0,0,,1
573,13:40:00,13:40:00,1244,5,,0,0,,1
574,16:55:00,16:55:00,1240,1,,0,0,,1
574,16:57:00,16:57:00,1241,2,,0,0,,1
574,16:58:00,16:58:00,1242,3,,0,0,,1
574,16:59:00,16:59:00,1243,4,,0,0,,1
574,17:00:00,17:00:00,1244,5,,0,0,,1
575,07:31:00,07:31:00,1246,1,,0,0,,1
575,07:32:00,07:32:00,1247,2,,0,0,,1
575,07:34:00,07:34:00,1070,3,,0,0,,1
575,07:35:00,07:35:00,1248,4,,0,0,,1
575,07:37:00,07:37:00,1249,5,,0,0,,1
575,07:38:00,07:38:00,1250,6,,0,0,,1
575,07:41:00,07:41:00,1251,7,,0,0,,1
575,07:44:00,07:44:00,1059,8,,0,0,,1
575,07:50:00,07:50:00,1,9,,0,0,,1
576,20:51:00,20:51:00,1246,1,,0,0,,1
576,20:52:00,20:52:00,1247,2,,0,0,,1
576,20:54:00,20:54:00,1070,3,,0,0,,1
576,20:55:00,20:55:00,1248,4,,0,0,,1
576,20:57:00,20:57:00,1249,5,,0,0,,1
576,20:58:00,20:58:00,1250,6,,0,0,,1
576,21:01:00,21:01:00,1251,7,,0,0,,1
576,21:04:00,21:04:00,1059,8,,0,0,,1
576,21:10:00,21:10:00,1,9,,0,0,,1
577,09:11:00,09:11:00,1246,1,,0,0,,1
577,09:12:00,09:12:00,1247,2,,0,0,,1
577,09:14:00,09:14:00,1070,3,,0,0,,1
577,09:15:00,09:15:00,1248,4,,0,0,,1
577,09:17:00,09:17:00,1249,5,,0,0,,1
577,09:18:00,09:18:00,1250,6,,0,0,,1
577,09:21:00,09:21:00,1251,7,,0,0,,1
577,09:24:00,09:24:00,1059,8,,0,0,,1
577,09:30:00,09:30:00,1,9,,0,0,,1
578,20:11:00,20:11:00,1246,1,,0,0,,1
578,20:12:00,20:12:00,1247,2,,0,0,,1
578,20:14:00,20:14:00,1070,3,,0,0,,1
578,20:15:00,20:15:00,1248,4,,0,0,,1
578,20:17:00,20:17:00,1249,5,,0,0,,1
578,20:18:00,20:18:00,1250,6,,0,0,,1
578,20:21:00,20:21:00,1251,7,,0,0,,1
578,20:24:00,20:24:00,1059,8,,0,0,,1
578,20:30:00,20:30:00,1,9,,0,0,,1
579,07:32:00,07:32:00,1073,1,,0,0,,1
579,07:34:00,07:34:00,53,2,,0,0,,1
579,07:36:00,07:36:00,1073,3,,0,0,,1
579,07:40:00,07:40:00,1252,4,,0,0,,1
580,09:32:00,09:32:00,1073,1,,0,0,,1
580,09:34:00,09:34:00,53,2,,0,0,,1
580,09:36:00,09:36:00,1073,3,,0,0,,1
580,09:40:00,09:40:00,1252,4,,0,0,,1
581,12:32:00,12:32:00,1253,1,,0,0,,1
581,12:35:00,12:35:00,1254,2,,0,0,,1
581,12:36:00,12:36:00,1255,3,,0,0,,1
581,12:40:00,12:40:00,1256,4,,0,0,,1
582,14:32:00,14:32:00,1253,1,,0,0,,1
582,14:34:00,14:34:00,1254,2,,0,0,,1
582,14:36:00,14:36:00,1255,3,,0,0,,1
582,14:40:00,14:40:00,1256,4,,0,0,,1
583,17:32:00,17:32:00,1253,1,,0,0,,1
583,17:34:00,17:34:00,1254,2,,0,0,,1
583,17:36:00,17:36:00,1255,3,,0,0,,1
583,17:40:00,17:40:00,1256,4,,0,0,,1
584,20:34:00,20:34:00,1253,1,,0,0,,1
584,20:34:00,20:34:00,1254,2,,0,0,,1
584,20:36:00,20:36:00,1255,3,,0,0,,1
584,20:40:00,20:40:00,1256,4,,0,0,,1
585,07:31:00,07:31:00,1246,1,,0,0,,1
585,07:32:00,07:32:00,1247,2,,0,0,,1
585,07:34:00,07:34:00,1070,3,,0,0,,1
585,07:35:00,07:35:00,1248,4,,0,0,,1
585,07:37:00,07:37:00,1249,5,,0,0,,1
585,07:38:00,07:38:00,1250,6,,0,0,,1
585,07:41:00,07:41:00,1251,7,,0,0,,1
585,07:44:00,07:44:00,1059,8,,0,0,,1
585,07:50:00,07:50:00,1,9,,0,0,,1
586,20:51:00,20:51:00,1246,1,,0,0,,1
586,20:52:00,20:52:00,1247,2,,0,0,,1
586,20:54:00,20:54:00,1070,3,,0,0,,1
586,20:55:00,20:55:00,1248,4,,0,0,,1
586,20:57:00,20:57:00,1249,5,,0,0,,1
586,20:58:00,20:58:00,1250,6,,0,0,,1
586,21:01:00,21:01:00,1251,7,,0,0,,1
586,21:04:00,21:04:00,1059,8,,0,0,,1
586,21:10:00,21:10:00,1,9,,0,0,,1
587,09:11:00,09:11:00,1246,1,,0,0,,1
587,09:12:00,09:12:00,1247,2,,0,0,,1
587,09:14:00,09:14:00,1070,3,,0,0,,1
587,09:15:00,09:15:00,1248,4,,0,0,,1
587,09:17:00,09:17:00,1249,5,,0,0,,1
587,09:18:00,09:18:00,1250,6,,0,0,,1
587,09:21:00,09:21:00,1251,7,,0,0,,1
587,09:24:00,09:24:00,1059,8,,0,0,,1
587,09:30:00,09:30:00,1,9,,0,0,,1
588,20:11:00,20:11:00,1246,1,,0,0,,1
588,20:12:00,20:12:00,1247,2,,0,0,,1
588,20:14:00,20:14:00,1070,3,,0,0,,1
588,20:15:00,20:15:00,1248,4,,0,0,,1
588,20:17:00,20:17:00,1249,5,,0,0,,1
588,20:18:00,20:18:00,1250,6,,0,0,,1
588,20:21:00,20:21:00,1251,7,,0,0,,1
588,20:24:00,20:24:00,1059,8,,0,0,,1
588,20:30:00,20:30:00,1,9,,0,0,,1
589,08:05:00,08:05:00,1123,1,,0,0,,1
589,08:07:00,08:07:00,1245,2,,0,0,,1
589,08:09:00,08:09:00,1073,3,,0,0,,1
589,08:13:00,08:13:00,1219,4,,0,0,,1
589,08:15:00,08:15:00,1257,5,,0,0,,1
589,08:18:00,08:18:00,1258,6,,0,0,,1
589,08:19:00,08:19:00,1063,7,,0,0,,1
589,08:25:00,08:25:00,1198,8,,0,0,,1
589,08:30:00,08:30:00,253,9,,0,0,,1
590,09:30:00,09:30:00,1123,1,,0,0,,1
590,09:32:00,09:32:00,1245,2,,0,0,,1
590,09:34:00,09:34:00,1073,3,,0,0,,1
590,09:38:00,09:38:00,1219,4,,0,0,,1
590,09:40:00,09:40:00,1257,5,,0,0,,1
590,09:43:00,09:43:00,1258,6,,0,0,,1
590,09:44:00,09:44:00,1063,7,,0,0,,1
590,09:50:00,09:50:00,1198,8,,0,0,,1
590,09:55:00,09:55:00,253,9,,0,0,,1
591,10:35:00,10:35:00,1123,1,,0,0,,1
591,10:37:00,10:37:00,1245,2,,0,0,,1
591,10:39:00,10:39:00,1073,3,,0,0,,1
591,10:43:00,10:43:00,1219,4,,0,0,,1
591,10:45:00,10:45:00,1257,5,,0,0,,1
591,10:48:00,10:48:00,1258,6,,0,0,,1
591,10:49:00,10:49:00,1063,7,,0,0,,1
591,10:55:00,10:55:00,1198,8,,0,0,,1
591,11:00:00,11:00:00,253,9,,0,0,,1
592,11:40:00,11:40:00,1123,1,,0,0,,1
592,11:42:00,11:42:00,1245,2,,0,0,,1
592,11:44:00,11:44:00,1073,3,,0,0,,1
592,11:48:00,11:48:00,1219,4,,0,0,,1
592,11:50:00,11:50:00,1257,5,,0,0,,1
592,11:53:00,11:53:00,1258,6,,0,0,,1
592,11:54:00,11:54:00,1063,7,,0,0,,1
592,12:00:00,12:00:00,1198,8,,0,0,,1
592,12:05:00,12:05:00,253,9,,0,0,,1
593,13:40:00,13:40:00,1123,1,,0,0,,1
593,13:42:00,13:42:00,1245,2,,0,0,,1
593,13:44:00,13:44:00,1073,3,,0,0,,1
593,13:48:00,13:48:00,1219,4,,0,0,,1
593,13:50:00,13:50:00,1257,5,,0,0,,1
593,13:53:00,13:53:00,1258,6,,0,0,,1
593,13:54:00,13:54:00,1063,7,,0,0,,1
593,14:00:00,14:00:00,1198,8,,0,0,,1
593,14:05:00,14:05:00,253,9,,0,0,,1
594,14:40:00,14:40:00,1123,1,,0,0,,1
594,14:42:00,14:42:00,1245,2,,0,0,,1
594,14:44:00,14:44:00,1073,3,,0,0,,1
594,14:48:00,14:48:00,1219,4,,0,0,,1
594,14:50:00,14:50:00,1257,5,,0,0,,1
594,14:53:00,14:53:00,1258,6,,0,0,,1
594,14:54:00,14:54:00,1063,7,,0,0,,1
594,15:00:00,15:00:00,1198,8,,0,0,,1
594,15:05:00,15:05:00,253,9,,0,0,,1
595,16:40:00,16:40:00,1123,1,,0,0,,1
595,16:42:00,16:42:00,1245,2,,0,0,,1
595,16:44:00,16:44:00,1073,3,,0,0,,1
595,16:48:00,16:48:00,1219,4,,0,0,,1
595,16:50:00,16:50:00,1257,5,,0,0,,1
595,16:53:00,16:53:00,1258,6,,0,0,,1
595,16:54:00,16:54:00,1063,7,,0,0,,1
595,17:00:00,17:00:00,1198,8,,0,0,,1
595,17:05:00,17:05:00,253,9,,0,0,,1
596,17:40:00,17:40:00,1123,1,,0,0,,1
596,17:42:00,17:42:00,1245,2,,0,0,,1
596,17:44:00,17:44:00,1073,3,,0,0,,1
596,17:48:00,17:48:00,1219,4,,0,0,,1
596,17:50:00,17:50:00,1257,5,,0,0,,1
596,17:53:00,17:53:00,1258,6,,0,0,,1
596,17:54:00,17:54:00,1063,7,,0,0,,1
596,18:00:00,18:00:00,1198,8,,0,0,,1
596,18:05:00,18:05:00,253,9,,0,0,,1
597,18:40:00,18:40:00,1123,1,,0,0,,1
597,18:42:00,18:42:00,1245,2,,0,0,,1
597,18:44:00,18:44:00,1073,3,,0,0,,1
597,18:48:00,18:48:00,1219,4,,0,0,,1
597,18:50:00,18:50:00,1257,5,,0,0,,1
597,18:53:00,18:53:00,1258,6,,0,0,,1
597,18:54:00,18:54:00,1063,7,,0,0,,1
597,19:00:00,19:00:00,1198,8,,0,0,,1
597,19:05:00,19:05:00,253,9,,0,0,,1
598,19:40:00,19:40:00,1123,1,,0,0,,1
598,19:42:00,19:42:00,1245,2,,0,0,,1
598,19:44:00,19:44:00,1073,3,,0,0,,1
598,19:48:00,19:48:00,1219,4,,0,0,,1
598,19:50:00,19:50:00,1257,5,,0,0,,1
598,19:53:00,19:53:00,1258,6,,0,0,,1
598,19:54:00,19:54:00,1063,7,,0,0,,1
598,20:00:00,20:00:00,1198,8,,0,0,,1
598,20:05:00,20:05:00,253,9,,0,0,,1
599,21:30:00,21:30:00,1123,1,,0,0,,1
599,21:32:00,21:32:00,1245,2,,0,0,,1
599,21:34:00,21:34:00,1073,3,,0,0,,1
599,21:38:00,21:38:00,1219,4,,0,0,,1
599,21:40:00,21:40:00,1257,5,,0,0,,1
599,21:43:00,21:43:00,1258,6,,0,0,,1
599,21:44:00,21:44:00,1063,7,,0,0,,1
599,21:50:00,21:50:00,1198,8,,0,0,,1
599,21:55:00,21:55:00,253,9,,0,0,,1
600,08:30:00,08:30:00,1123,1,,0,0,,1
600,08:32:00,08:32:00,1245,2,,0,0,,1
600,08:37:00,08:37:00,1073,3,,0,0,,1
600,08:40:00,08:40:00,1219,4,,0,0,,1
600,08:43:00,08:43:00,1257,5,,0,0,,1
600,08:45:00,08:45:00,1258,6,,0,0,,1
600,08:50:00,08:50:00,1063,7,,0,0,,1
600,08:53:00,08:53:00,1198,8,,0,0,,1
600,08:55:00,08:55:00,253,9,,0,0,,1
601,09:55:00,09:55:00,1123,1,,0,0,,1
601,09:57:00,09:57:00,1245,2,,0,0,,1
601,10:02:00,10:02:00,1073,3,,0,0,,1
601,10:05:00,10:05:00,1219,4,,0,0,,1
601,10:08:00,10:08:00,1257,5,,0,0,,1
601,10:10:00,10:10:00,1258,6,,0,0,,1
601,10:15:00,10:15:00,1063,7,,0,0,,1
601,10:18:00,10:18:00,1198,8,,0,0,,1
601,10:20:00,10:20:00,253,9,,0,0,,1
602,11:00:00,11:00:00,1123,1,,0,0,,1
602,11:02:00,11:02:00,1245,2,,0,0,,1
602,11:07:00,11:07:00,1073,3,,0,0,,1
602,11:10:00,11:10:00,1219,4,,0,0,,1
602,11:13:00,11:13:00,1257,5,,0,0,,1
602,11:15:00,11:15:00,1258,6,,0,0,,1
602,11:20:00,11:20:00,1063,7,,0,0,,1
602,11:23:00,11:23:00,1198,8,,0,0,,1
602,11:25:00,11:25:00,253,9,,0,0,,1
603,12:05:00,12:05:00,1123,1,,0,0,,1
603,12:07:00,12:07:00,1245,2,,0,0,,1
603,12:12:00,12:12:00,1073,3,,0,0,,1
603,12:15:00,12:15:00,1219,4,,0,0,,1
603,12:18:00,12:18:00,1257,5,,0,0,,1
603,12:20:00,12:20:00,1258,6,,0,0,,1
603,12:25:00,12:25:00,1063,7,,0,0,,1
603,12:28:00,12:28:00,1198,8,,0,0,,1
603,12:30:00,12:30:00,253,9,,0,0,,1
604,14:05:00,14:05:00,1123,1,,0,0,,1
604,14:07:00,14:07:00,1245,2,,0,0,,1
604,14:12:00,14:12:00,1073,3,,0,0,,1
604,14:15:00,14:15:00,1219,4,,0,0,,1
604,14:18:00,14:18:00,1257,5,,0,0,,1
604,14:20:00,14:20:00,1258,6,,0,0,,1
604,14:25:00,14:25:00,1063,7,,0,0,,1
604,14:28:00,14:28:00,1198,8,,0,0,,1
604,14:30:00,14:30:00,253,9,,0,0,,1
605,15:05:00,15:05:00,1123,1,,0,0,,1
605,15:07:00,15:07:00,1245,2,,0,0,,1
605,15:12:00,15:12:00,1073,3,,0,0,,1
605,15:15:00,15:15:00,1219,4,,0,0,,1
605,15:18:00,15:18:00,1257,5,,0,0,,1
605,15:20:00,15:20:00,1258,6,,0,0,,1
605,15:25:00,15:25:00,1063,7,,0,0,,1
605,15:28:00,15:28:00,1198,8,,0,0,,1
605,15:30:00,15:30:00,253,9,,0,0,,1
606,16:05:00,16:05:00,1123,1,,0,0,,1
606,16:07:00,16:07:00,1245,2,,0,0,,1
606,16:12:00,16:12:00,1073,3,,0,0,,1
606,16:15:00,16:15:00,1219,4,,0,0,,1
606,16:18:00,16:18:00,1257,5,,0,0,,1
606,16:20:00,16:20:00,1258,6,,0,0,,1
606,16:25:00,16:25:00,1063,7,,0,0,,1
606,16:28:00,16:28:00,1198,8,,0,0,,1
606,16:30:00,16:30:00,253,9,,0,0,,1
607,18:05:00,18:05:00,1123,1,,0,0,,1
607,18:07:00,18:07:00,1245,2,,0,0,,1
607,18:12:00,18:12:00,1073,3,,0,0,,1
607,18:15:00,18:15:00,1219,4,,0,0,,1
607,18:18:00,18:18:00,1257,5,,0,0,,1
607,18:20:00,18:20:00,1258,6,,0,0,,1
607,18:25:00,18:25:00,1063,7,,0,0,,1
607,18:28:00,18:28:00,1198,8,,0,0,,1
607,18:30:00,18:30:00,253,9,,0,0,,1
608,19:05:00,19:05:00,1123,1,,0,0,,1
608,19:07:00,19:07:00,1245,2,,0,0,,1
608,19:12:00,19:12:00,1073,3,,0,0,,1
608,19:15:00,19:15:00,1219,4,,0,0,,1
608,19:18:00,19:18:00,1257,5,,0,0,,1
608,19:20:00,19:20:00,1258,6,,0,0,,1
608,19:25:00,19:25:00,1063,7,,0,0,,1
608,19:28:00,19:28:00,1198,8,,0,0,,1
608,19:30:00,19:30:00,253,9,,0,0,,1
609,20:05:00,20:05:00,1123,1,,0,0,,1
609,20:07:00,20:07:00,1245,2,,0,0,,1
609,20:12:00,20:12:00,1073,3,,0,0,,1
609,20:15:00,20:15:00,1219,4,,0,0,,1
609,20:18:00,20:18:00,1257,5,,0,0,,1
609,20:20:00,20:20:00,1258,6,,0,0,,1
609,20:25:00,20:25:00,1063,7,,0,0,,1
609,20:28:00,20:28:00,1198,8,,0,0,,1
609,20:30:00,20:30:00,253,9,,0,0,,1
610,21:55:00,21:55:00,1123,1,,0,0,,1
610,21:57:00,21:57:00,1245,2,,0,0,,1
610,22:02:00,22:02:00,1073,3,,0,0,,1
610,22:05:00,22:05:00,1219,4,,0,0,,1
610,22:08:00,22:08:00,1257,5,,0,0,,1
610,22:10:00,22:10:00,1258,6,,0,0,,1
610,22:15:00,22:15:00,1063,7,,0,0,,1
610,22:18:00,22:18:00,1198,8,,0,0,,1
610,22:20:00,22:20:00,253,9,,0,0,,1
611,07:30:00,07:30:00,1,1,,0,0,,1
611,07:33:00,07:33:00,1259,2,,0,0,,1
611,07:37:00,07:37:00,1260,3,,0,0,,1
611,07:40:00,07:40:00,1261,4,,0,0,,1
611,07:45:00,07:45:00,1262,5,,0,0,,1
611,07:48:00,07:48:00,1263,6,,0,0,,1
611,07:54:00,07:54:00,1264,7,,0,0,,1
611,07:58:00,07:58:00,1127,8,,0,0,,1
611,08:00:00,08:00:00,1265,9,,0,0,,1
611,08:04:00,08:04:00,1261,10,,0,0,,1
611,08:06:00,08:06:00,1260,11,,0,0,,1
611,08:10:00,08:10:00,1259,12,,0,0,,1
611,08:15:00,08:15:00,1,13,,0,0,,1
612,09:50:00,09:50:00,1,1,,0,0,,1
612,09:53:00,09:53:00,1259,2,,0,0,,1
612,09:57:00,09:57:00,1260,3,,0,0,,1
612,10:00:00,10:00:00,1261,4,,0,0,,1
612,10:05:00,10:05:00,1262,5,,0,0,,1
612,10:08:00,10:08:00,1263,6,,0,0,,1
612,10:14:00,10:14:00,1264,7,,0,0,,1
612,10:18:00,10:18:00,1127,8,,0,0,,1
612,10:20:00,10:20:00,1265,9,,0,0,,1
612,10:24:00,10:24:00,1261,10,,0,0,,1
612,10:26:00,10:26:00,1260,11,,0,0,,1
612,10:30:00,10:30:00,1259,12,,0,0,,1
612,10:35:00,10:35:00,1,13,,0,0,,1
613,12:30:00,12:30:00,1,1,,0,0,,1
613,12:33:00,12:33:00,1259,2,,0,0,,1
613,12:37:00,12:37:00,1260,3,,0,0,,1
613,12:40:00,12:40:00,1261,4,,0,0,,1
613,12:45:00,12:45:00,1262,5,,0,0,,1
613,12:48:00,12:48:00,1263,6,,0,0,,1
613,12:54:00,12:54:00,1264,7,,0,0,,1
613,12:58:00,12:58:00,1127,8,,0,0,,1
613,13:00:00,13:00:00,1265,9,,0,0,,1
613,13:04:00,13:04:00,1261,10,,0,0,,1
613,13:06:00,13:06:00,1260,11,,0,0,,1
613,13:10:00,13:10:00,1259,12,,0,0,,1
613,13:15:00,13:15:00,1,13,,0,0,,1
614,14:50:00,14:50:00,1,1,,0,0,,1
614,14:53:00,14:53:00,1259,2,,0,0,,1
614,14:57:00,14:57:00,1260,3,,0,0,,1
614,15:00:00,15:00:00,1261,4,,0,0,,1
614,15:05:00,15:05:00,1262,5,,0,0,,1
614,15:08:00,15:08:00,1263,6,,0,0,,1
614,15:14:00,15:14:00,1264,7,,0,0,,1
614,15:18:00,15:18:00,1127,8,,0,0,,1
614,15:20:00,15:20:00,1265,9,,0,0,,1
614,15:24:00,15:24:00,1261,10,,0,0,,1
614,15:26:00,15:26:00,1260,11,,0,0,,1
614,15:30:00,15:30:00,1259,12,,0,0,,1
614,15:35:00,15:35:00,1,13,,0,0,,1
615,17:30:00,17:30:00,1,1,,0,0,,1
615,17:33:00,17:33:00,1259,2,,0,0,,1
615,17:37:00,17:37:00,1260,3,,0,0,,1
615,17:40:00,17:40:00,1261,4,,0,0,,1
615,17:45:00,17:45:00,1262,5,,0,0,,1
615,17:48:00,17:48:00,1263,6,,0,0,,1
615,17:54:00,17:54:00,1264,7,,0,0,,1
615,17:58:00,17:58:00,1127,8,,0,0,,1
615,18:00:00,18:00:00,1265,9,,0,0,,1
615,18:04:00,18:04:00,1261,10,,0,0,,1
615,18:06:00,18:06:00,1260,11,,0,0,,1
615,18:10:00,18:10:00,1259,12,,0,0,,1
615,18:15:00,18:15:00,1,13,,0,0,,1
616,20:05:00,20:05:00,1,1,,0,0,,1
616,20:08:00,20:08:00,1259,2,,0,0,,1
616,20:12:00,20:12:00,1260,3,,0,0,,1
616,20:15:00,20:15:00,1261,4,,0,0,,1
616,20:20:00,20:20:00,1262,5,,0,0,,1
616,20:23:00,20:23:00,1263,6,,0,0,,1
616,20:29:00,20:29:00,1264,7,,0,0,,1
616,20:33:00,20:33:00,1127,8,,0,0,,1
616,20:35:00,20:35:00,1265,9,,0,0,,1
616,20:39:00,20:39:00,1261,10,,0,0,,1
616,20:41:00,20:41:00,1260,11,,0,0,,1
616,20:45:00,20:45:00,1259,12,,0,0,,1
616,20:50:00,20:50:00,1,13,,0,0,,1
617,08:02:00,08:02:00,1245,1,,0,0,,1
617,08:12:00,08:12:00,1146,2,,0,0,,1
617,08:20:00,08:20:00,1134,3,,0,0,,1
617,08:25:00,08:25:00,1266,4,,0,0,,1
617,08:30:00,08:30:00,1144,5,,0,0,,1
617,08:35:00,08:35:00,1142,6,,0,0,,1
617,08:45:00,08:45:00,1143,7,,0,0,,1
618,11:02:00,11:02:00,1245,1,,0,0,,1
618,11:12:00,11:12:00,1146,2,,0,0,,1
618,11:20:00,11:20:00,1134,3,,0,0,,1
618,11:25:00,11:25:00,1266,4,,0,0,,1
618,11:30:00,11:30:00,1144,5,,0,0,,1
618,11:35:00,11:35:00,1142,6,,0,0,,1
618,11:45:00,11:45:00,1143,7,,0,0,,1
619,14:02:00,14:02:00,1245,1,,0,0,,1
619,14:12:00,14:12:00,1146,2,,0,0,,1
619,14:20:00,14:20:00,1134,3,,0,0,,1
619,14:25:00,14:25:00,1266,4,,0,0,,1
619,14:30:00,14:30:00,1144,5,,0,0,,1
619,14:35:00,14:35:00,1142,6,,0,0,,1
619,14:45:00,14:45:00,1143,7,,0,0,,1
620,17:02:00,17:02:00,1245,1,,0,0,,1
620,17:12:00,17:12:00,1146,2,,0,0,,1
620,17:20:00,17:20:00,1134,3,,0,0,,1
620,17:25:00,17:25:00,1266,4,,0,0,,1
620,17:30:00,17:30:00,1144,5,,0,0,,1
620,17:35:00,17:35:00,1142,6,,0,0,,1
620,17:45:00,17:45:00,1143,7,,0,0,,1
621,20:07:00,20:07:00,1245,1,,0,0,,1
621,20:17:00,20:17:00,1146,2,,0,0,,1
621,20:25:00,20:25:00,1134,3,,0,0,,1
621,20:30:00,20:30:00,1266,4,,0,0,,1
621,20:35:00,20:35:00,1144,5,,0,0,,1
621,20:40:00,20:40:00,1142,6,,0,0,,1
621,20:50:00,20:50:00,1143,7,,0,0,,1
622,08:50:00,08:50:00,1142,1,,0,0,,1
622,08:55:00,08:55:00,1144,2,,0,0,,1
622,09:00:00,09:00:00,1266,3,,0,0,,1
622,09:05:00,09:05:00,1134,4,,0,0,,1
622,09:10:00,09:10:00,1146,5,,0,0,,1
622,09:20:00,09:20:00,1245,6,,0,0,,1
622,09:25:00,09:25:00,1,7,,0,0,,1
623,11:50:00,11:50:00,1142,1,,0,0,,1
623,11:55:00,11:55:00,1144,2,,0,0,,1
623,12:00:00,12:00:00,1266,3,,0,0,,1
623,12:05:00,12:05:00,1134,4,,0,0,,1
623,12:10:00,12:10:00,1146,5,,0,0,,1
623,12:20:00,12:20:00,1245,6,,0,0,,1
623,12:25:00,12:25:00,1,7,,0,0,,1
624,14:50:00,14:50:00,1142,1,,0,0,,1
624,14:55:00,14:55:00,1144,2,,0,0,,1
624,15:00:00,15:00:00,1266,3,,0,0,,1
624,15:05:00,15:05:00,1134,4,,0,0,,1
624,15:10:00,15:10:00,1146,5,,0,0,,1
624,15:20:00,15:20:00,1245,6,,0,0,,1
624,15:25:00,15:25:00,1,7,,0,0,,1
625,17:50:00,17:50:00,1142,1,,0,0,,1
625,17:55:00,17:55:00,1144,2,,0,0,,1
625,18:00:00,18:00:00,1266,3,,0,0,,1
625,18:05:00,18:05:00,1134,4,,0,0,,1
625,18:10:00,18:10:00,1146,5,,0,0,,1
625,18:20:00,18:20:00,1245,6,,0,0,,1
625,18:25:00,18:25:00,1,7,,0,0,,1
626,20:55:00,20:55:00,1142,1,,0,0,,1
626,21:00:00,21:00:00,1144,2,,0,0,,1
626,21:05:00,21:05:00,1266,3,,0,0,,1
626,21:10:00,21:10:00,1134,4,,0,0,,1
626,21:15:00,21:15:00,1146,5,,0,0,,1
626,21:25:00,21:25:00,1245,6,,0,0,,1
626,21:30:00,21:30:00,1,7,,0,0,,1
627,07:05:00,07:05:00,1267,1,,0,0,,1
627,07:25:00,07:25:00,1268,2,,0,0,,1
627,07:30:00,07:30:00,1173,3,,0,0,,1
627,07:35:00,07:35:00,1174,4,,0,0,,1
627,07:40:00,07:40:00,1176,5,,0,0,,1
627,07:45:00,07:45:00,1177,6,,0,0,,1
627,07:55:00,07:55:00,1269,7,,0,0,,1
627,08:00:00,08:00:00,1270,8,,0,0,,1
627,08:05:00,08:05:00,1,9,,0,0,,1
628,11:05:00,11:05:00,1267,1,,0,0,,1
628,11:25:00,11:25:00,1268,2,,0,0,,1
628,11:30:00,11:30:00,1173,3,,0,0,,1
628,11:35:00,11:35:00,1174,4,,0,0,,1
628,11:40:00,11:40:00,1176,5,,0,0,,1
628,11:45:00,11:45:00,1177,6,,0,0,,1
628,11:55:00,11:55:00,1269,7,,0,0,,1
628,12:00:00,12:00:00,1270,8,,0,0,,1
628,12:05:00,12:05:00,1,9,,0,0,,1
629,14:10:00,14:10:00,1267,1,,0,0,,1
629,14:30:00,14:30:00,1268,2,,0,0,,1
629,14:35:00,14:35:00,1173,3,,0,0,,1
629,14:40:00,14:40:00,1174,4,,0,0,,1
629,14:45:00,14:45:00,1176,5,,0,0,,1
629,14:50:00,14:50:00,1177,6,,0,0,,1
629,15:00:00,15:00:00,1269,7,,0,0,,1
629,15:05:00,15:05:00,1270,8,,0,0,,1
629,15:10:00,15:10:00,1,9,,0,0,,1
630,17:10:00,17:10:00,1267,1,,0,0,,1
630,17:30:00,17:30:00,1268,2,,0,0,,1
630,17:35:00,17:35:00,1173,3,,0,0,,1
630,17:40:00,17:40:00,1174,4,,0,0,,1
630,17:45:00,17:45:00,1176,5,,0,0,,1
630,17:50:00,17:50:00,1177,6,,0,0,,1
630,18:00:00,18:00:00,1269,7,,0,0,,1
630,18:05:00,18:05:00,1270,8,,0,0,,1
630,18:10:00,18:10:00,1,9,,0,0,,1
631,20:10:00,20:10:00,1267,1,,0,0,,1
631,20:30:00,20:30:00,1268,2,,0,0,,1
631,20:35:00,20:35:00,1173,3,,0,0,,1
631,20:40:00,20:40:00,1174,4,,0,0,,1
631,20:45:00,20:45:00,1176,5,,0,0,,1
631,20:50:00,20:50:00,1177,6,,0,0,,1
631,21:00:00,21:00:00,1269,7,,0,0,,1
631,21:05:00,21:05:00,1270,8,,0,0,,1
631,21:10:00,21:10:00,1,9,,0,0,,1
632,09:15:00,09:15:00,1271,1,,0,0,,1
632,09:25:00,09:25:00,1272,2,,0,0,,1
632,09:30:00,09:30:00,1273,3,,0,0,,1
632,09:35:00,09:35:00,1274,4,,0,0,,1
632,09:40:00,09:40:00,1275,5,,0,0,,1
632,09:45:00,09:45:00,1276,6,,0,0,,1
632,09:52:00,09:52:00,1277,7,,0,0,,1
632,09:55:00,09:55:00,1278,8,,0,0,,1
632,10:05:00,10:05:00,1279,9,,0,0,,1
632,10:07:00,10:07:00,1280,10,,0,0,,1
632,10:10:00,10:10:00,1281,11,,0,0,,1
632,10:15:00,10:15:00,1282,12,,0,0,,1
632,10:20:00,10:20:00,1283,13,,0,0,,1
632,10:22:00,10:22:00,1284,14,,0,0,,1
632,10:25:00,10:25:00,1285,15,,0,0,,1
632,10:35:00,10:35:00,1163,16,,0,0,,1
632,10:40:00,10:40:00,1286,17,,0,0,,1
632,10:45:00,10:45:00,1287,18,,0,0,,1
633,15:15:00,15:15:00,1271,1,,0,0,,1
633,15:25:00,15:25:00,1272,2,,0,0,,1
633,15:30:00,15:30:00,1273,3,,0,0,,1
633,15:35:00,15:35:00,1274,4,,0,0,,1
633,15:40:00,15:40:00,1275,5,,0,0,,1
633,15:45:00,15:45:00,1276,6,,0,0,,1
633,15:52:00,15:52:00,1277,7,,0,0,,1
633,15:55:00,15:55:00,1278,8,,0,0,,1
633,16:05:00,16:05:00,1279,9,,0,0,,1
633,16:07:00,16:07:00,1280,10,,0,0,,1
633,16:10:00,16:10:00,1281,11,,0,0,,1
633,16:15:00,16:15:00,1282,12,,0,0,,1
633,16:20:00,16:20:00,1283,13,,0,0,,1
633,16:22:00,16:22:00,1284,14,,0,0,,1
633,16:25:00,16:25:00,1285,15,,0,0,,1
633,16:35:00,16:35:00,1163,16,,0,0,,1
633,16:40:00,16:40:00,1286,17,,0,0,,1
633,16:45:00,16:45:00,1287,18,,0,0,,1
634,20:45:00,20:45:00,1271,1,,0,0,,1
634,20:55:00,20:55:00,1272,2,,0,0,,1
634,21:00:00,21:00:00,1273,3,,0,0,,1
634,21:05:00,21:05:00,1274,4,,0,0,,1
634,21:10:00,21:10:00,1275,5,,0,0,,1
634,21:15:00,21:15:00,1276,6,,0,0,,1
634,21:22:00,21:22:00,1277,7,,0,0,,1
634,21:25:00,21:25:00,1278,8,,0,0,,1
634,21:35:00,21:35:00,1279,9,,0,0,,1
634,21:37:00,21:37:00,1280,10,,0,0,,1
634,21:40:00,21:40:00,1281,11,,0,0,,1
634,21:45:00,21:45:00,1282,12,,0,0,,1
635,08:35:00,08:35:00,1288,1,,0,0,,1
635,08:45:00,08:45:00,1289,2,,0,0,,1
635,08:47:00,08:47:00,1079,3,,0,0,,1
635,08:50:00,08:50:00,1198,4,,0,0,,1
635,09:00:00,09:00:00,1220,5,,0,0,,1
635,09:05:00,09:05:00,1290,6,,0,0,,1
635,09:10:00,09:10:00,1198,7,,0,0,,1
635,09:11:00,09:11:00,1079,8,,0,0,,1
635,09:15:00,09:15:00,1289,9,,0,0,,1
635,09:25:00,09:25:00,1162,10,,0,0,,1
635,09:30:00,09:30:00,1,11,,0,0,,1
636,11:05:00,11:05:00,1288,1,,0,0,,1
636,11:15:00,11:15:00,1289,2,,0,0,,1
636,11:17:00,11:17:00,1079,3,,0,0,,1
636,11:20:00,11:20:00,1198,4,,0,0,,1
636,11:30:00,11:30:00,1220,5,,0,0,,1
636,11:35:00,11:35:00,1290,6,,0,0,,1
636,11:40:00,11:40:00,1198,7,,0,0,,1
636,11:41:00,11:41:00,1079,8,,0,0,,1
636,11:45:00,11:45:00,1289,9,,0,0,,1
636,11:55:00,11:55:00,1162,10,,0,0,,1
636,12:00:00,12:00:00,1,11,,0,0,,1
637,13:35:00,13:35:00,1288,1,,0,0,,1
637,13:45:00,13:45:00,1289,2,,0,0,,1
637,13:47:00,13:47:00,1079,3,,0,0,,1
637,13:50:00,13:50:00,1198,4,,0,0,,1
637,14:00:00,14:00:00,1220,5,,0,0,,1
637,14:05:00,14:05:00,1290,6,,0,0,,1
637,14:10:00,14:10:00,1198,7,,0,0,,1
637,14:11:00,14:11:00,1079,8,,0,0,,1
637,14:15:00,14:15:00,1289,9,,0,0,,1
637,14:25:00,14:25:00,1162,10,,0,0,,1
637,14:30:00,14:30:00,1,11,,0,0,,1
638,16:05:00,16:05:00,1288,1,,0,0,,1
638,16:15:00,16:15:00,1289,2,,0,0,,1
638,16:17:00,16:17:00,1079,3,,0,0,,1
638,16:20:00,16:20:00,1198,4,,0,0,,1
638,16:30:00,16:30:00,1220,5,,0,0,,1
638,16:35:00,16:35:00,1290,6,,0,0,,1
638,16:40:00,16:40:00,1198,7,,0,0,,1
638,16:41:00,16:41:00,1079,8,,0,0,,1
638,16:45:00,16:45:00,1289,9,,0,0,,1
638,16:55:00,16:55:00,1162,10,,0,0,,1
638,17:00:00,17:00:00,1,11,,0,0,,1
639,18:35:00,18:35:00,1288,1,,0,0,,1
639,18:45:00,18:45:00,1289,2,,0,0,,1
639,18:47:00,18:47:00,1079,3,,0,0,,1
639,18:50:00,18:50:00,1198,4,,0,0,,1
639,19:00:00,19:00:00,1220,5,,0,0,,1
639,19:05:00,19:05:00,1290,6,,0,0,,1
639,19:10:00,19:10:00,1198,7,,0,0,,1
639,19:11:00,19:11:00,1079,8,,0,0,,1
639,19:15:00,19:15:00,1289,9,,0,0,,1
639,19:25:00,19:25:00,1162,10,,0,0,,1
639,19:30:00,19:30:00,1,11,,0,0,,1
640,09:35:00,09:35:00,1291,1,,0,0,,1
640,09:40:00,09:40:00,1292,2,,0,0,,1
640,09:45:00,09:45:00,1293,3,,0,0,,1
640,09:50:00,09:50:00,1294,4,,0,0,,1
640,09:55:00,09:55:00,1295,5,,0,0,,1
640,10:05:00,10:05:00,1296,6,,0,0,,1
640,10:10:00,10:10:00,1297,7,,0,0,,1
640,10:15:00,10:15:00,1298,8,,0,0,,1
640,10:18:00,10:18:00,1299,9,,0,0,,1
640,10:20:00,10:20:00,1300,10,,0,0,,1
640,10:25:00,10:25:00,1301,11,,0,0,,1
640,10:40:00,10:40:00,1302,12,,0,0,,1
641,10:40:00,10:40:00,1291,1,,0,0,,1
641,10:45:00,10:45:00,1292,2,,0,0,,1
641,11:00:00,11:00:00,1302,3,,0,0,,1
642,12:35:00,12:35:00,1291,1,,0,0,,1
642,12:40:00,12:40:00,1292,2,,0,0,,1
642,12:45:00,12:45:00,1293,3,,0,0,,1
642,12:50:00,12:50:00,1294,4,,0,0,,1
642,12:55:00,12:55:00,1295,5,,0,0,,1
642,13:05:00,13:05:00,1296,6,,0,0,,1
642,13:10:00,13:10:00,1297,7,,0,0,,1
642,13:15:00,13:15:00,1298,8,,0,0,,1
642,13:18:00,13:18:00,1299,9,,0,0,,1
642,13:20:00,13:20:00,1300,10,,0,0,,1
642,13:25:00,13:25:00,1301,11,,0,0,,1
642,13:40:00,13:40:00,1302,12,,0,0,,1
643,15:35:00,15:35:00,1291,1,,0,0,,1
643,15:40:00,15:40:00,1292,2,,0,0,,1
643,15:45:00,15:45:00,1293,3,,0,0,,1
643,15:50:00,15:50:00,1294,4,,0,0,,1
643,15:55:00,15:55:00,1295,5,,0,0,,1
643,16:05:00,16:05:00,1296,6,,0,0,,1
643,16:10:00,16:10:00,1297,7,,0,0,,1
643,16:15:00,16:15:00,1298,8,,0,0,,1
643,16:18:00,16:18:00,1299,9,,0,0,,1
643,16:20:00,16:20:00,1300,10,,0,0,,1
643,16:25:00,16:25:00,1301,11,,0,0,,1
643,16:40:00,16:40:00,1302,12,,0,0,,1
644,15:45:00,15:45:00,1292,1,,0,0,,1
644,16:00:00,16:00:00,1302,2,,0,0,,1
645,18:35:00,18:35:00,1291,1,,0,0,,1
645,18:40:00,18:40:00,1292,2,,0,0,,1
645,18:45:00,18:45:00,1293,3,,0,0,,1
645,18:50:00,18:50:00,1294,4,,0,0,,1
645,18:55:00,18:55:00,1295,5,,0,0,,1
645,19:05:00,19:05:00,1296,6,,0,0,,1
645,19:10:00,19:10:00,1297,7,,0,0,,1
645,19:15:00,19:15:00,1298,8,,0,0,,1
645,19:18:00,19:18:00,1299,9,,0,0,,1
645,19:20:00,19:20:00,1300,10,,0,0,,1
645,19:25:00,19:25:00,1301,11,,0,0,,1
645,19:40:00,19:40:00,1302,12,,0,0,,1
646,06:50:00,06:50:00,1303,1,,0,0,,1
646,07:50:00,07:50:00,1304,2,,0,0,,1
647,07:15:00,07:15:00,1303,1,,0,0,,1
647,07:50:00,07:50:00,1304,2,,0,0,,1
648,07:20:00,07:20:00,1303,1,,0,0,,1
648,07:45:00,07:45:00,1304,2,,0,0,,1
649,07:25:00,07:25:00,1303,1,,0,0,,1
649,07:55:00,07:55:00,1304,2,,0,0,,1
650,07:15:00,07:15:00,1303,1,,0,0,,1
650,07:55:00,07:55:00,1304,2,,0,0,,1
651,06:55:00,06:55:00,1303,1,,0,0,,1
651,07:55:00,07:55:00,1304,2,,0,0,,1
652,07:20:00,07:20:00,1303,1,,0,0,,1
652,07:55:00,07:55:00,1304,2,,0,0,,1
653,07:10:00,07:10:00,1303,1,,0,0,,1
653,07:55:00,07:55:00,1304,2,,0,0,,1
654,07:05:00,07:05:00,1303,1,,0,0,,1
654,07:55:00,07:55:00,1304,2,,0,0,,1
655,07:05:00,07:05:00,1303,1,,0,0,,1
655,07:55:00,07:55:00,1304,2,,0,0,,1
656,07:30:00,07:30:00,1303,1,,0,0,,1
656,08:25:00,08:25:00,1304,2,,0,0,,1
657,06:55:00,06:55:00,1303,1,,0,0,,1
657,07:55:00,07:55:00,1304,2,,0,0,,1
658,07:30:00,07:30:00,1303,1,,0,0,,1
658,07:50:00,07:50:00,1304,2,,0,0,,1
659,07:45:00,07:45:00,1303,1,,0,0,,1
659,07:55:00,07:55:00,1304,2,,0,0,,1
660,06:50:00,06:50:00,1303,1,,0,0,,1
660,07:30:00,07:30:00,1304,2,,0,0,,1
661,07:15:00,07:15:00,1303,1,,0,0,,1
661,07:35:00,07:35:00,1304,2,,0,0,,1
662,07:10:00,07:10:00,1303,1,,0,0,,1
662,07:50:00,07:50:00,1304,2,,0,0,,1
663,07:20:00,07:20:00,1303,1,,0,0,,1
663,07:50:00,07:50:00,1304,2,,0,0,,1
664,06:55:00,06:55:00,1303,1,,0,0,,1
664,07:40:00,07:40:00,1304,2,,0,0,,1
665,07:20:00,07:20:00,1303,1,,0,0,,1
665,07:55:00,07:55:00,1304,2,,0,0,,1
666,07:15:00,07:15:00,1303,1,,0,0,,1
666,07:50:00,07:50:00,1304,2,,0,0,,1
667,07:50:00,07:50:00,1303,1,,0,0,,1
667,08:10:00,08:10:00,1304,2,,0,0,,1
668,07:00:00,07:00:00,1303,1,,0,0,,1
668,07:55:00,07:55:00,1304,2,,0,0,,1
669,06:55:00,06:55:00,1303,1,,0,0,,1
669,07:55:00,07:55:00,1304,2,,0,0,,1
670,07:22:00,07:22:00,1303,1,,0,0,,1
671,12:17:00,12:17:00,1305,1,,0,0,,1
672,12:20:00,12:20:00,1305,1,,0,0,,1
673,12:20:00,12:20:00,1305,1,,0,0,,1
674,12:25:00,12:25:00,1305,1,,0,0,,1
675,12:30:00,12:30:00,1305,1,,0,0,,1
676,12:35:00,12:35:00,1305,1,,0,0,,1
677,12:45:00,12:45:00,1305,1,,0,0,,1
678,13:05:00,13:05:00,1305,1,,0,0,,1
679,13:07:00,13:07:00,1305,1,,0,0,,1
680,13:08:00,13:08:00,1305,1,,0,0,,1
681,13:15:00,13:15:00,1305,1,,0,0,,1
682,13:15:00,13:15:00,1305,1,,0,0,,1
683,13:15:00,13:15:00,1305,1,,0,0,,1
684,13:15:00,13:15:00,1305,1,,0,0,,1
685,13:15:00,13:15:00,1305,1,,0,0,,1
686,13:15:00,13:15:00,1305,1,,0,0,,1
687,13:20:00,13:20:00,1305,1,,0,0,,1
688,13:35:00,13:35:00,1305,1,,0,0,,1
689,13:35:00,13:35:00,1305,1,,0,0,,1
690,13:35:00,13:35:00,1305,1,,0,0,,1
691,13:35:00,13:35:00,1305,1,,0,0,,1
692,13:37:00,13:37:00,1305,1,,0,0,,1
693,13:40:00,13:40:00,1305,1,,0,0,,1
694,13:40:00,13:40:00,1305,1,,0,0,,1
695,13:40:00,13:40:00,1305,1,,0,0,,1
696,13:42:00,13:42:00,1305,1,,0,0,,1
697,13:45:00,13:45:00,1305,1,,0,0,,1
698,13:45:00,13:45:00,1305,1,,0,0,,1
699,13:50:00,13:50:00,1305,1,,0,0,,1
700,13:50:00,13:50:00,1305,1,,0,0,,1
701,13:50:00,13:50:00,1305,1,,0,0,,1
702,14:05:00,14:05:00,1305,1,,0,0,,1
703,14:05:00,14:05:00,1305,1,,0,0,,1
704,14:05:00,14:05:00,1305,1,,0,0,,1
705,14:10:00,14:10:00,1305,1,,0,0,,1
706,14:10:00,14:10:00,1305,1,,0,0,,1
707,14:25:00,14:25:00,1305,1,,0,0,,1
708,07:10:00,07:10:00,1306,1,,0,0,,1
709,07:00:00,07:00:00,1306,1,,0,0,,1
710,07:00:00,07:00:00,1306,1,,0,0,,1
711,07:10:00,07:10:00,1306,1,,0,0,,1
712,07:10:00,07:10:00,1306,1,,0,0,,1
713,07:20:00,07:20:00,1306,1,,0,0,,1
714,07:52:00,07:52:00,1306,1,,0,0,,1
715,07:35:00,07:35:00,1306,1,,0,0,,1
716,07:50:00,07:50:00,1306,1,,0,0,,1
717,08:00:00,08:00:00,1306,1,,0,0,,1
718,07:15:00,07:15:00,1306,1,,0,0,,1
719,13:15:00,13:15:00,1306,1,,0,0,,1
720,13:15:00,13:15:00,1306,1,,0,0,,1
721,13:25:00,13:25:00,1306,1,,0,0,,1
722,13:25:00,13:25:00,1306,1,,0,0,,1
723,13:20:00,13:20:00,1306,1,,0,0,,1
724,13:30:00,13:30:00,1306,1,,0,0,,1
725,14:05:00,14:05:00,1306,1,,0,0,,1
726,14:05:00,14:05:00,1306,1,,0,0,,1
727,14:05:00,14:05:00,1306,1,,0,0,,1
728,14:05:00,14:05:00,1306,1,,0,0,,1
729,14:05:00,14:05:00,1306,1,,0,0,,1
730,07:05:00,07:05:00,1307,1,,0,0,,1
731,07:05:00,07:05:00,1307,1,,0,0,,1
732,07:10:00,07:10:00,1307,1,,0,0,,1
733,07:15:00,07:15:00,1307,1,,0,0,,1
734,07:30:00,07:30:00,1307,1,,0,0,,1
735,07:35:00,07:35:00,1307,1,,0,0,,1
736,07:25:00,07:25:00,1307,1,,0,0,,1
737,07:43:00,07:43:00,1307,1,,0,0,,1
738,07:50:00,07:50:00,1307,1,,0,0,,1
739,07:50:00,07:50:00,1307,1,,0,0,,1
740,07:30:00,07:30:00,1307,1,,0,0,,1
741,08:00:00,08:00:00,1307,1,,0,0,,1
742,07:15:00,07:15:00,1307,1,,0,0,,1
743,13:15:00,13:15:00,1307,1,,0,0,,1
744,13:20:00,13:20:00,1307,1,,0,0,,1
745,13:25:00,13:25:00,1307,1,,0,0,,1
746,13:30:00,13:30:00,1307,1,,0,0,,1
747,13:30:00,13:30:00,1307,1,,0,0,,1
748,13:30:00,13:30:00,1307,1,,0,0,,1
749,14:00:00,14:00:00,1307,1,,0,0,,1
750,14:07:00,14:07:00,1307,1,,0,0,,1
751,14:10:00,14:10:00,1307,1,,0,0,,1
752,14:15:00,14:15:00,1307,1,,0,0,,1
753,14:10:00,14:10:00,1307,1,,0,0,,1
754,07:25:00,07:25:00,1308,1,,0,0,,1
755,07:40:00,07:40:00,1308,1,,0,0,,1
756,07:04:00,07:04:00,1308,1,,0,0,,1
757,14:08:00,14:08:00,1308,1,,0,0,,1
758,14:08:00,14:08:00,1308,1,,0,0,,1
759,14:08:00,14:08:00,1308,1,,0,0,,1
760,07:20:00,07:20:00,1308,1,,0,0,,1
761,07:10:00,07:10:00,1308,1,,0,0,,1
762,14:05:00,14:05:00,1308,1,,0,0,,1
763,14:05:00,14:05:00,1308,1,,0,0,,1
764,06:50:00,06:50:00,1303,1,,0,0,,1
764,07:50:00,07:50:00,1309,2,,0,0,,1
765,07:15:00,07:15:00,1303,1,,0,0,,1
765,07:50:00,07:50:00,1309,2,,0,0,,1
766,07:20:00,07:20:00,1303,1,,0,0,,1
766,07:45:00,07:45:00,1309,2,,0,0,,1
767,07:15:00,07:15:00,1303,1,,0,0,,1
767,07:55:00,07:55:00,1309,2,,0,0,,1
768,06:55:00,06:55:00,1303,1,,0,0,,1
768,07:55:00,07:55:00,1309,2,,0,0,,1
769,07:20:00,07:20:00,1303,1,,0,0,,1
769,07:55:00,07:55:00,1309,2,,0,0,,1
770,07:10:00,07:10:00,1303,1,,0,0,,1
770,07:55:00,07:55:00,1309,2,,0,0,,1
771,07:05:00,07:05:00,1303,1,,0,0,,1
771,07:55:00,07:55:00,1309,2,,0,0,,1
772,07:30:00,07:30:00,1303,1,,0,0,,1
772,08:25:00,08:25:00,1309,2,,0,0,,1
773,06:55:00,06:55:00,1303,1,,0,0,,1
773,07:55:00,07:55:00,1309,2,,0,0,,1
774,07:30:00,07:30:00,1303,1,,0,0,,1
774,07:50:00,07:50:00,1309,2,,0,0,,1
775,07:10:00,07:10:00,1303,1,,0,0,,1
775,07:50:00,07:50:00,1309,2,,0,0,,1
776,07:20:00,07:20:00,1303,1,,0,0,,1
776,07:50:00,07:50:00,1309,2,,0,0,,1
777,07:00:00,07:00:00,1303,1,,0,0,,1
777,07:40:00,07:40:00,1309,2,,0,0,,1
778,07:15:00,07:15:00,1303,1,,0,0,,1
778,07:50:00,07:50:00,1309,2,,0,0,,1
779,07:00:00,07:00:00,1303,1,,0,0,,1
779,07:55:00,07:55:00,1309,2,,0,0,,1
780,06:55:00,06:55:00,1303,1,,0,0,,1
780,07:55:00,07:55:00,1309,2,,0,0,,1
781,13:05:00,13:05:00,1310,1,,0,0,,1
782,13:07:00,13:07:00,1310,1,,0,0,,1
783,13:08:00,13:08:00,1310,1,,0,0,,1
784,13:15:00,13:15:00,1310,1,,0,0,,1
785,13:20:00,13:20:00,1310,1,,0,0,,1
786,13:35:00,13:35:00,1310,1,,0,0,,1
787,13:35:00,13:35:00,1310,1,,0,0,,1
788,13:35:00,13:35:00,1310,1,,0,0,,1
789,13:40:00,13:40:00,1310,1,,0,0,,1
790,13:40:00,13:40:00,1310,1,,0,0,,1
791,13:40:00,13:40:00,1310,1,,0,0,,1
792,13:40:00,13:40:00,1310,1,,0,0,,1
793,13:42:00,13:42:00,1310,1,,0,0,,1
794,14:05:00,14:05:00,1310,1,,0,0,,1
795,14:05:00,14:05:00,1310,1,,0,0,,1
796,14:05:00,14:05:00,1310,1,,0,0,,1
797,14:07:00,14:07:00,1310,1,,0,0,,1
798,14:10:00,14:10:00,1310,1,,0,0,,1
799,14:25:00,14:25:00,1310,1,,0,0,,1
800,07:00:00,07:00:00,1311,1,,0,0,,1
801,07:30:00,07:30:00,1311,1,,0,0,,1
802,07:40:00,07:40:00,1311,1,,0,0,,1
803,14:05:00,14:05:00,1311,1,,0,0,,1
804,14:20:00,14:20:00,1311,1,,0,0,,1
805,14:05:00,14:05:00,1311,1,,0,0,,1
806,07:50:00,07:50:00,1069,1,,0,0,,1
806,07:53:00,07:53:00,1219,2,,0,0,,1
806,07:57:00,07:57:00,1312,3,,0,0,,1
806,07:58:00,07:58:00,1245,4,,0,0,,1
806,08:00:00,08:00:00,1,5,,0,0,,1
807,08:50:00,08:50:00,1,1,,0,0,,1
807,08:52:00,08:52:00,1245,2,,0,0,,1
807,08:53:00,08:53:00,1312,3,,0,0,,1
807,08:55:00,08:55:00,1219,4,,0,0,,1
807,09:00:00,09:00:00,1069,5,,0,0,,1
808,18:40:00,18:40:00,1,1,,0,0,,1
808,18:42:00,18:42:00,1245,2,,0,0,,1
808,18:43:00,18:43:00,1312,3,,0,0,,1
808,18:45:00,18:45:00,1219,4,,0,0,,1
808,18:47:00,18:47:00,1069,5,,0,0,,1
809,21:31:00,21:31:00,1069,1,,0,0,,1
809,21:34:00,21:34:00,1219,2,,0,0,,1
809,21:38:00,21:38:00,1312,3,,0,0,,1
809,21:39:00,21:39:00,1245,4,,0,0,,1
809,21:41:00,21:41:00,1,5,,0,0,,1
810,22:05:00,22:05:00,1069,1,,0,0,,1
810,22:08:00,22:08:00,1219,2,,0,0,,1
810,22:12:00,22:12:00,1312,3,,0,0,,1
810,22:13:00,22:13:00,1245,4,,0,0,,1
810,22:15:00,22:15:00,1,5,,0,0,,1
