linea,categoria,corsa_n,variante,posizione_fermata,orario
A,Feriale,1,6S A,1,06:30
A,Feriale,1,6S A,2,06:33
A,Feriale,1,6S A,4,06:38
A,Feriale,1,6S A,5,06:42
A,Feriale,1,6S A,6,06:45
A,Feriale,1,6S A,7,06:42
A,Feriale,1,6S A,8,06:50
A,Feriale,1,6S A,9,06:52
A,Feriale,1,6S A,10,06:54
A,Feriale,1,6S A,11,06:55
A,Feriale,1,6S A,13,06:56
A,Feriale,1,6S A,14,06:57
A,Feriale,1,6S A,15,07:00
A,Feriale,2,6S A,8,07:30
A,Feriale,2,6S A,9,07:35
A,Feriale,2,6S A,10,07:40
A,Feriale,2,6S A,11,07:41
A,Feriale,2,6S A,12,07:45
A,Feriale,2,6S A,13,07:48
A,Feriale,2,6S A,14,07:53
A,Feriale,2,6S A,15,08:10
A,Feriale,3,A,1,08:10
A,Feriale,3,A,2,08:13
A,Feriale,3,A,3,08:15
A,Feriale,3,A,4,08:18
A,Feriale,3,A,5,08:22
A,Feriale,3,A,6,08:25
A,Feriale,3,A,7,08:30
A,Feriale,3,A,8,08:40
A,Feriale,3,A,9,08:45
A,Feriale,3,A,10,08:47
A,Feriale,3,A,11,08:51
A,Feriale,3,A,12,08:55
A,Feriale,3,A,13,08:58
A,Feriale,3,A,14,09:03
A,Feriale,3,A,15,09:20
A,Feriale,4,A,1,09:00
A,Feriale,4,A,2,09:03
A,Feriale,4,A,3,09:05
A,Feriale,4,A,4,09:08
A,Feriale,4,A,5,09:12
A,Feriale,4,A,6,09:15
A,Feriale,4,A,7,09:20
A,Feriale,4,A,8,09:30
A,Feriale,4,A,9,09:35
A,Feriale,4,A,10,09:37
A,Feriale,4,A,11,09:41
A,Feriale,4,A,12,09:45
A,Feriale,4,A,13,09:48
A,Feriale,4,A,14,09:53
A,Feriale,4,A,15,10:10
A,Feriale,5,A,1,09:50
A,Feriale,5,A,2,09:53
A,Feriale,5,A,3,09:55
A,Feriale,5,A,4,09:58
A,Feriale,5,A,5,10:02
A,Feriale,5,A,6,10:05
A,Feriale,5,A,7,10:10
A,Feriale,5,A,8,10:20
A,Feriale,5,A,9,10:25
A,Feriale,5,A,10,10:27
A,Feriale,5,A,11,10:31
A,Feriale,5,A,12,10:35
A,Feriale,5,A,13,10:38
A,Feriale,5,A,14,10:43
A,Feriale,5,A,15,11:00
A,Feriale,6,A,1,10:40
A,Feriale,6,A,2,10:43
A,Feriale,6,A,3,10:45
A,Feriale,6,A,4,10:48
A,Feriale,6,A,5,10:52
A,Feriale,6,A,6,10:55
A,Feriale,6,A,7,11:00
A,Feriale,6,A,8,11:10
A,Feriale,6,A,9,11:15
A,Feriale,6,A,10,11:17
A,Feriale,6,A,11,11:21
A,Feriale,6,A,12,11:25
A,Feriale,6,A,13,11:28
A,Feriale,6,A,14,11:33
A,Feriale,6,A,15,11:50
A,Feriale,7,A,1,11:30
A,Feriale,7,A,2,11:33
A,Feriale,7,A,3,11:35
A,Feriale,7,A,4,11:38
A,Feriale,7,A,5,11:42
A,Feriale,7,A,6,11:45
A,Feriale,7,A,7,11:50
A,Feriale,7,A,8,12:00
A,Feriale,7,A,9,12:05
A,Feriale,7,A,10,12:07
A,Feriale,7,A,11,12:11
A,Feriale,7,A,12,12:15
A,Feriale,7,A,13,12:18
A,Feriale,7,A,14,12:23
A,Feriale,7,A,15,12:40
A,Feriale,8,A,1,12:20
A,Feriale,8,A,2,12:23
A,Feriale,8,A,3,12:25
A,Feriale,8,A,4,12:28
A,Feriale,8,A,5,12:32
A,Feriale,8,A,6,12:35
A,Feriale,8,A,7,12:40
A,Feriale,8,A,8,12:50
A,Feriale,8,A,9,12:55
A,Feriale,8,A,10,12:57
A,Feriale,8,A,11,13:01
A,Feriale,8,A,12,13:05
A,Feriale,8,A,13,13:08
A,Feriale,8,A,14,13:13
A,Feriale,8,A,15,13:30
A,Feriale,9,A,1,13:10
A,Feriale,9,A,2,13:13
A,Feriale,9,A,3,13:15
A,Feriale,9,A,4,13:18
A,Feriale,9,A,5,13:22
A,Feriale,9,A,6,13:25
A,Feriale,9,A,7,13:30
A,Feriale,9,A,8,13:40
A,Feriale,9,A,9,13:45
A,Feriale,9,A,10,13:47
A,Feriale,9,A,11,13:51
A,Feriale,9,A,12,13:55
A,Feriale,9,A,13,13:58
A,Feriale,9,A,14,14:03
A,Feriale,9,A,15,14:20
A,Feriale,10,A,1,14:00
A,Feriale,10,A,2,14:03
A,Feriale,10,A,3,14:05
A,Feriale,10,A,4,14:08
A,Feriale,10,A,5,14:12
A,Feriale,10,A,6,14:15
A,Feriale,10,A,7,14:20
A,Feriale,10,A,8,14:30
A,Feriale,10,A,9,14:35
A,Feriale,10,A,10,14:37
A,Feriale,10,A,11,14:41
A,Feriale,10,A,12,14:45
A,Feriale,10,A,13,14:48
A,Feriale,10,A,14,14:53
A,Feriale,10,A,15,15:10
A,Feriale,11,A,1,14:50
A,Feriale,11,A,2,14:53
A,Feriale,11,A,3,14:55
A,Feriale,11,A,4,14:58
A,Feriale,11,A,5,15:02
A,Feriale,11,A,6,15:05
A,Feriale,11,A,7,15:10
A,Feriale,11,A,8,15:20
A,Feriale,11,A,9,15:25
A,Feriale,11,A,10,15:27
A,Feriale,11,A,11,15:31
A,Feriale,11,A,12,15:35
A,Feriale,11,A,13,15:38
A,Feriale,11,A,14,15:43
A,Feriale,11,A,15,16:00
A,Feriale,12,A,1,15:40
A,Feriale,12,A,2,15:43
A,Feriale,12,A,3,15:45
A,Feriale,12,A,4,15:48
A,Feriale,12,A,5,15:52
A,Feriale,12,A,6,15:55
A,Feriale,12,A,7,16:00
A,Feriale,12,A,8,16:10
A,Feriale,12,A,9,16:15
A,Feriale,12,A,10,16:17
A,Feriale,12,A,11,16:21
A,Feriale,12,A,12,16:25
A,Feriale,12,A,13,16:28
A,Feriale,12,A,14,16:33
A,Feriale,12,A,15,16:50
A,Feriale,13,A,1,16:30
A,Feriale,13,A,2,16:33
A,Feriale,13,A,3,16:35
A,Feriale,13,A,4,16:38
A,Feriale,13,A,5,16:42
A,Feriale,13,A,6,16:45
A,Feriale,13,A,7,16:50
A,Feriale,13,A,8,17:00
A,Feriale,13,A,9,17:05
A,Feriale,13,A,10,17:07
A,Feriale,13,A,11,17:11
A,Feriale,13,A,12,17:15
A,Feriale,13,A,13,17:18
A,Feriale,13,A,14,17:23
A,Feriale,13,A,15,17:40
A,Feriale,14,A A A A A,1,17:20
A,Feriale,14,A A A A A,2,17:23
A,Feriale,14,A A A A A,3,17:25
A,Feriale,14,A A A A A,4,17:28
A,Feriale,14,A A A A A,5,17:32
A,Feriale,14,A A A A A,6,17:35
A,Feriale,14,A A A A A,7,17:40
A,Feriale,14,A A A A A,8,17:50
A,Feriale,14,A A A A A,9,17:55
A,Feriale,14,A A A A A,10,17:57
A,Feriale,14,A A A A A,11,18:01
A,Feriale,14,A A A A A,12,18:05
A,Feriale,14,A A A A A,13,18:08
A,Feriale,14,A A A A A,14,18:13
A,Feriale,14,A A A A A,15,18:30
A,Feriale,15,A A A A A,1,18:10
A,Feriale,15,A A A A A,2,18:13
A,Feriale,15,A A A A A,3,18:15
A,Feriale,15,A A A A A,4,18:18
A,Feriale,15,A A A A A,5,18:22
A,Feriale,15,A A A A A,6,18:25
A,Feriale,15,A A A A A,7,18:30
A,Feriale,15,A A A A A,8,18:40
A,Feriale,15,A A A A A,9,18:45
A,Feriale,15,A A A A A,10,18:47
A,Feriale,15,A A A A A,11,18:51
A,Feriale,15,A A A A A,12,18:55
A,Feriale,15,A A A A A,13,18:58
A,Feriale,15,A A A A A,14,19:03
A,Feriale,15,A A A A A,15,19:20
A,Feriale,16,A A A A A,1,19:00
A,Feriale,16,A A A A A,2,19:03
A,Feriale,16,A A A A A,3,19:05
A,Feriale,16,A A A A A,4,19:08
A,Feriale,16,A A A A A,5,19:12
A,Feriale,16,A A A A A,6,19:15
A,Feriale,16,A A A A A,7,19:20
A,Feriale,16,A A A A A,8,19:30
A,Feriale,16,A A A A A,9,19:35
A,Feriale,16,A A A A A,10,19:37
A,Feriale,16,A A A A A,11,19:41
A,Feriale,16,A A A A A,12,19:45
A,Feriale,16,A A A A A,13,19:48
A,Feriale,16,A A A A A,14,19:53
A,Feriale,16,A A A A A,15,20:10
A,Feriale,17,A A A A A,1,19:50
A,Feriale,17,A A A A A,2,19:53
A,Feriale,17,A A A A A,3,19:55
A,Feriale,17,A A A A A,4,19:58
A,Feriale,17,A A A A A,5,20:02
A,Feriale,17,A A A A A,6,20:05
A,Feriale,17,A A A A A,7,20:10
A,Feriale,17,A A A A A,8,20:20
A,Feriale,17,A A A A A,9,20:25
A,Feriale,17,A A A A A,10,20:27
A,Feriale,17,A A A A A,11,20:31
A,Feriale,17,A A A A A,12,20:35
A,Feriale,17,A A A A A,13,20:38
A,Feriale,17,A A A A A,14,20:43
A,Feriale,17,A A A A A,15,21:00
A,Feriale,18,A A A A A,1,20:40
A,Feriale,18,A A A A A,2,20:43
A,Feriale,18,A A A A A,3,20:45
A,Feriale,18,A A A A A,4,20:48
A,Feriale,18,A A A A A,5,20:52
A,Feriale,18,A A A A A,6,20:55
A,Feriale,18,A A A A A,7,21:00
A,Feriale,18,A A A A A,8,21:10
B,Feriale,1,6DL,1,07:40
B,Feriale,1,6DL,2,07:43
B,Feriale,1,6DL,3,07:45
B,Feriale,1,6DL,4,07:48
B,Feriale,1,6DL,5,07:52
B,Feriale,1,6DL,6,07:55
B,Feriale,1,6DL,8,08:10
B,Feriale,2,B,1,08:35
B,Feriale,2,B,2,08:38
B,Feriale,2,B,3,08:40
B,Feriale,2,B,4,08:43
B,Feriale,2,B,5,08:47
B,Feriale,2,B,6,08:50
B,Feriale,2,B,7,08:55
B,Feriale,2,B,8,09:05
B,Feriale,2,B,9,09:10
B,Feriale,2,B,10,09:12
B,Feriale,2,B,11,09:15
B,Feriale,2,B,12,09:20
B,Feriale,2,B,13,09:25
B,Feriale,2,B,14,09:30
B,Feriale,2,B,15,09:45
B,Feriale,3,B,1,09:25
B,Feriale,3,B,2,09:28
B,Feriale,3,B,3,09:30
B,Feriale,3,B,4,09:33
B,Feriale,3,B,5,09:37
B,Feriale,3,B,6,09:40
B,Feriale,3,B,7,09:45
B,Feriale,3,B,8,09:55
B,Feriale,3,B,9,10:00
B,Feriale,3,B,10,10:02
B,Feriale,3,B,11,10:05
B,Feriale,3,B,12,10:10
B,Feriale,3,B,13,10:15
B,Feriale,3,B,14,10:20
B,Feriale,3,B,15,10:35
B,Feriale,4,B,1,10:15
B,Feriale,4,B,2,10:18
B,Feriale,4,B,3,10:20
B,Feriale,4,B,4,10:23
B,Feriale,4,B,5,10:27
B,Feriale,4,B,6,10:30
B,Feriale,4,B,7,10:35
B,Feriale,4,B,8,10:45
B,Feriale,4,B,9,10:50
B,Feriale,4,B,10,10:52
B,Feriale,4,B,11,10:55
B,Feriale,4,B,12,11:00
B,Feriale,4,B,13,11:05
B,Feriale,4,B,14,11:10
B,Feriale,4,B,15,11:25
B,Feriale,5,B,1,11:05
B,Feriale,5,B,2,11:08
B,Feriale,5,B,3,11:10
B,Feriale,5,B,4,11:13
B,Feriale,5,B,5,11:17
B,Feriale,5,B,6,11:20
B,Feriale,5,B,7,11:25
B,Feriale,5,B,8,11:35
B,Feriale,5,B,9,11:40
B,Feriale,5,B,10,11:42
B,Feriale,5,B,11,11:45
B,Feriale,5,B,12,11:50
B,Feriale,5,B,13,11:55
B,Feriale,5,B,14,12:00
B,Feriale,5,B,15,12:15
B,Feriale,6,B,1,11:55
B,Feriale,6,B,2,11:58
B,Feriale,6,B,3,12:00
B,Feriale,6,B,4,12:03
B,Feriale,6,B,5,12:07
B,Feriale,6,B,6,12:10
B,Feriale,6,B,7,12:15
B,Feriale,6,B,8,12:25
B,Feriale,6,B,9,12:30
B,Feriale,6,B,10,12:32
B,Feriale,6,B,11,12:35
B,Feriale,6,B,12,12:40
B,Feriale,6,B,13,12:45
B,Feriale,6,B,14,12:50
B,Feriale,6,B,15,13:05
B,Feriale,7,B,1,12:45
B,Feriale,7,B,2,12:48
B,Feriale,7,B,3,12:50
B,Feriale,7,B,4,12:53
B,Feriale,7,B,5,12:57
B,Feriale,7,B,6,13:00
B,Feriale,7,B,7,13:05
B,Feriale,7,B,8,13:15
B,Feriale,7,B,9,13:20
B,Feriale,7,B,10,13:22
B,Feriale,7,B,11,13:25
B,Feriale,7,B,12,13:30
B,Feriale,7,B,13,13:35
B,Feriale,7,B,14,13:40
B,Feriale,7,B,15,13:55
B,Feriale,8,B,1,13:35
B,Feriale,8,B,2,13:38
B,Feriale,8,B,3,13:40
B,Feriale,8,B,4,13:43
B,Feriale,8,B,5,13:47
B,Feriale,8,B,6,13:50
B,Feriale,8,B,7,13:55
B,Feriale,8,B,8,14:05
B,Feriale,8,B,9,14:10
B,Feriale,8,B,10,14:12
B,Feriale,8,B,11,14:15
B,Feriale,8,B,12,14:20
B,Feriale,8,B,13,14:25
B,Feriale,8,B,14,14:30
B,Feriale,8,B,15,14:45
B,Feriale,9,B,1,14:25
B,Feriale,9,B,2,14:28
B,Feriale,9,B,3,14:30
B,Feriale,9,B,4,14:33
B,Feriale,9,B,5,14:37
B,Feriale,9,B,6,14:40
B,Feriale,9,B,7,14:45
B,Feriale,9,B,8,14:55
B,Feriale,9,B,9,15:00
B,Feriale,9,B,10,15:02
B,Feriale,9,B,11,15:05
B,Feriale,9,B,12,15:10
B,Feriale,9,B,13,15:15
B,Feriale,9,B,14,15:20
B,Feriale,9,B,15,15:35
B,Feriale,10,B,1,15:15
B,Feriale,10,B,2,15:18
B,Feriale,10,B,3,15:20
B,Feriale,10,B,4,15:23
B,Feriale,10,B,5,15:27
B,Feriale,10,B,6,15:30
B,Feriale,10,B,7,15:35
B,Feriale,10,B,8,15:45
B,Feriale,10,B,9,15:50
B,Feriale,10,B,10,15:52
B,Feriale,10,B,11,15:55
B,Feriale,10,B,12,16:00
B,Feriale,10,B,13,16:05
B,Feriale,10,B,14,16:10
B,Feriale,10,B,15,16:25
B,Feriale,11,B,1,16:05
B,Feriale,11,B,2,16:08
B,Feriale,11,B,3,16:10
B,Feriale,11,B,4,16:13
B,Feriale,11,B,5,16:17
B,Feriale,11,B,6,16:20
B,Feriale,11,B,7,16:25
B,Feriale,11,B,8,16:35
B,Feriale,11,B,9,16:40
B,Feriale,11,B,10,16:42
B,Feriale,11,B,11,16:45
B,Feriale,11,B,12,16:50
B,Feriale,11,B,13,16:55
B,Feriale,11,B,14,17:00
B,Feriale,11,B,15,17:15
B,Feriale,12,B,1,16:55
B,Feriale,12,B,2,16:58
B,Feriale,12,B,3,17:00
B,Feriale,12,B,4,17:03
B,Feriale,12,B,5,17:07
B,Feriale,12,B,6,17:10
B,Feriale,12,B,7,17:15
B,Feriale,12,B,8,17:25
B,Feriale,12,B,9,17:30
B,Feriale,12,B,10,17:32
B,Feriale,12,B,11,17:35
B,Feriale,12,B,12,17:40
B,Feriale,12,B,13,17:45
B,Feriale,12,B,14,17:50
B,Feriale,12,B,15,18:05
B,Feriale,13,B,1,17:45
B,Feriale,13,B,2,17:48
B,Feriale,13,B,3,17:50
B,Feriale,13,B,4,17:53
B,Feriale,13,B,5,17:57
B,Feriale,13,B,6,18:00
B,Feriale,13,B,7,18:05
B,Feriale,13,B,8,18:15
B,Feriale,13,B,9,18:20
B,Feriale,13,B,10,18:22
B,Feriale,13,B,11,18:25
B,Feriale,13,B,12,18:30
B,Feriale,13,B,13,18:35
B,Feriale,13,B,14,18:40
B,Feriale,13,B,15,18:55
B,Feriale,14,B,1,18:35
B,Feriale,14,B,2,18:38
B,Feriale,14,B,3,18:40
B,Feriale,14,B,4,18:43
B,Feriale,14,B,5,18:47
B,Feriale,14,B,6,18:50
B,Feriale,14,B,7,18:55
B,Feriale,14,B,8,19:05
B,Feriale,14,B,9,19:10
B,Feriale,14,B,10,19:12
B,Feriale,14,B,11,19:15
B,Feriale,14,B,12,19:20
B,Feriale,14,B,13,19:25
B,Feriale,14,B,14,19:30
B,Feriale,14,B,15,19:45
B,Feriale,15,B,1,19:25
B,Feriale,15,B,2,19:28
B,Feriale,15,B,3,19:30
B,Feriale,15,B,4,19:33
B,Feriale,15,B,5,19:37
B,Feriale,15,B,6,19:40
B,Feriale,15,B,7,19:45
B,Feriale,15,B,8,19:55
B,Feriale,15,B,9,20:00
B,Feriale,15,B,10,20:02
B,Feriale,15,B,11,20:05
B,Feriale,15,B,12,20:10
B,Feriale,15,B,13,20:15
B,Feriale,15,B,14,20:20
B,Feriale,15,B,15,20:35
B,Feriale,16,B,1,20:15
B,Feriale,16,B,2,20:18
B,Feriale,16,B,3,20:20
B,Feriale,16,B,4,20:23
B,Feriale,16,B,5,20:27
B,Feriale,16,B,6,20:30
B,Feriale,16,B,7,20:35
B,Feriale,16,B,8,20:45
1,Feriale,1,,2,05:55
1,Feriale,1,,3,05:57
1,Feriale,1,,4,05:58
1,Feriale,1,,5,06:07
1,Feriale,2,,2,07:05
1,Feriale,2,,3,07:07
1,Feriale,2,,4,07:08
1,Feriale,2,,7,07:22
1,Feriale,2,,8,07:24
1,Feriale,2,,9,07:28
1,Feriale,2,,10,07:30
1,Feriale,2,,11,07:35
1,Feriale,2,,12,07:40
1,Feriale,2,,13,07:45
1,Feriale,2,,14,07:50
1,Feriale,3,,2,07:25
1,Feriale,3,,4,07:29
1,Feriale,3,,9,07:40
1,Feriale,3,,12,07:55
1,Feriale,3,,13,07:57
1,Feriale,3,,15,08:00
1,Feriale,3,,16,08:03
1,Feriale,3,,17,08:05
1,Feriale,4,,6,07:37
1,Feriale,4,,9,07:43
1,Feriale,4,,10,07:45
1,Feriale,4,,11,07:47
1,Feriale,4,,12,07:50
1,Feriale,4,,13,07:52
1,Feriale,4,,14,07:55
1,Feriale,5,,2,07:40
1,Feriale,5,,3,07:42
1,Feriale,5,,4,07:43
1,Feriale,5,,5,07:45
1,Feriale,5,,7,07:48
1,Feriale,5,,8,07:50
1,Feriale,5,,9,07:52
1,Feriale,5,,10,07:55
1,Feriale,5,,11,07:57
1,Feriale,5,,12,08:00
1,Feriale,5,,13,08:07
1,Feriale,5,,15,08:10
1,Feriale,5,,16,08:15
1,Feriale,5,,17,08:20
1,Feriale,6,SA,2,07:43
1,Feriale,6,SA,3,07:45
1,Feriale,6,SA,4,07:46
1,Feriale,6,SA,5,07:48
1,Feriale,6,SA,6,07:50
1,Feriale,6,SA,9,07:55
1,Feriale,6,SA,10,07:58
1,Feriale,6,SA,11,08:00
1,Feriale,6,SA,12,08:03
1,Feriale,6,SA,13,08:10
1,Feriale,6,SA,14,08:15
1,Feriale,7,SA,2,07:43
1,Feriale,7,SA,4,07:47
1,Feriale,7,SA,7,07:50
1,Feriale,7,SA,9,08:00
1,Feriale,7,SA,12,08:15
1,Feriale,7,SA,13,08:17
1,Feriale,7,SA,15,08:20
1,Feriale,7,SA,16,08:23
1,Feriale,7,SA,17,08:25
1,Feriale,8,SA,6,07:58
1,Feriale,8,SA,9,08:02
1,Feriale,8,SA,10,08:04
1,Feriale,8,SA,13,08:10
1,Feriale,8,SA,15,08:13
1,Feriale,8,SA,16,08:18
1,Feriale,8,SA,17,08:20
1,Feriale,9,SA,2,08:05
1,Feriale,9,SA,3,08:07
1,Feriale,9,SA,4,08:08
1,Feriale,9,SA,7,08:13
1,Feriale,9,SA,8,08:15
1,Feriale,9,SA,9,08:17
1,Feriale,9,SA,10,08:20
1,Feriale,9,SA,11,08:22
1,Feriale,9,SA,12,08:25
1,Feriale,9,SA,13,08:32
1,Feriale,9,SA,15,08:35
1,Feriale,9,SA,16,08:40
1,Feriale,9,SA,17,08:45
1,Feriale,10,SA,2,08:15
1,Feriale,10,SA,3,08:17
1,Feriale,10,SA,4,08:18
1,Feriale,10,SA,5,08:25
1,Feriale,11,SA,6,08:48
1,Feriale,11,SA,9,08:52
1,Feriale,11,SA,10,08:55
1,Feriale,11,SA,11,08:57
1,Feriale,11,SA,12,09:00
1,Feriale,11,SA,13,09:05
1,Feriale,11,SA,15,09:08
1,Feriale,11,SA,16,09:13
1,Feriale,11,SA,17,09:15
1,Feriale,12,SA,2,08:45
1,Feriale,12,SA,3,08:47
1,Feriale,12,SA,4,08:48
1,Feriale,12,SA,5,08:50
1,Feriale,13,SA,2,08:55
1,Feriale,13,SA,3,08:57
1,Feriale,13,SA,4,08:58
1,Feriale,13,SA,7,09:03
1,Feriale,13,SA,8,09:10
1,Feriale,13,SA,9,09:15
1,Feriale,13,SA,10,09:17
1,Feriale,13,SA,11,09:22
1,Feriale,13,SA,12,09:25
1,Feriale,13,SA,13,09:30
1,Feriale,13,SA,14,09:45
1,Feriale,14,SA,6,09:12
1,Feriale,14,SA,9,09:19
1,Feriale,14,SA,10,09:22
1,Feriale,14,SA,11,09:24
1,Feriale,14,SA,12,09:27
1,Feriale,14,SA,13,09:32
1,Feriale,14,SA,15,09:35
1,Feriale,14,SA,16,09:40
1,Feriale,14,SA,17,09:42
1,Feriale,15,SA,4,09:13
1,Feriale,15,SA,5,09:15
1,Feriale,16,SA,2,09:45
1,Feriale,16,SA,3,09:47
1,Feriale,16,SA,4,09:48
1,Feriale,16,SA,7,09:53
1,Feriale,16,SA,8,10:00
1,Feriale,16,SA,9,10:05
1,Feriale,16,SA,10,10:07
1,Feriale,16,SA,11,10:12
1,Feriale,16,SA,12,10:15
1,Feriale,16,SA,13,10:20
1,Feriale,16,SA,15,10:25
1,Feriale,16,SA,16,10:30
1,Feriale,16,SA,17,10:35
1,Feriale,17,SA,2,10:35
1,Feriale,17,SA,3,10:37
1,Feriale,17,SA,4,10:38
1,Feriale,17,SA,7,10:43
1,Feriale,17,SA,8,10:50
1,Feriale,17,SA,9,10:55
1,Feriale,17,SA,10,10:57
1,Feriale,17,SA,11,11:02
1,Feriale,17,SA,12,11:05
1,Feriale,17,SA,13,11:10
1,Feriale,17,SA,14,11:25
1,Feriale,18,SA,2,11:05
1,Feriale,18,SA,3,11:07
1,Feriale,18,SA,4,11:08
1,Feriale,18,SA,5,11:10
1,Feriale,19,SA,2,11:25
1,Feriale,19,SA,3,11:27
1,Feriale,19,SA,4,11:28
1,Feriale,19,SA,7,11:33
1,Feriale,19,SA,8,11:40
1,Feriale,19,SA,9,11:45
1,Feriale,19,SA,10,11:47
1,Feriale,19,SA,11,11:52
1,Feriale,19,SA,12,11:55
1,Feriale,19,SA,13,12:00
1,Feriale,19,SA,15,12:05
1,Feriale,19,SA,16,12:10
1,Feriale,19,SA,17,12:15
1,Feriale,20,SA,2,12:15
1,Feriale,20,SA,3,12:17
1,Feriale,20,SA,4,12:18
1,Feriale,20,SA,7,12:23
1,Feriale,20,SA,8,12:30
1,Feriale,20,SA,9,12:35
1,Feriale,20,SA,10,12:37
1,Feriale,20,SA,11,12:42
1,Feriale,20,SA,12,12:45
1,Feriale,20,SA,13,12:50
1,Feriale,20,SA,15,12:55
1,Feriale,20,SA,16,13:00
1,Feriale,20,SA,17,13:05
1,Feriale,21,SA,2,12:15
1,Feriale,21,SA,3,12:17
1,Feriale,21,SA,4,12:18
1,Feriale,21,SA,5,12:20
1,Feriale,22,S,4,12:32
1,Feriale,22,S,7,12:40
1,Feriale,22,S,8,12:42
1,Feriale,23,S,2,13:05
1,Feriale,23,S,3,13:07
1,Feriale,23,S,4,13:08
1,Feriale,23,S,7,13:13
1,Feriale,23,S,8,13:20
1,Feriale,23,S,9,13:25
1,Feriale,23,S,10,13:27
1,Feriale,23,S,11,13:32
1,Feriale,23,S,12,13:35
1,Feriale,23,S,13,13:40
1,Feriale,23,S,15,13:45
1,Feriale,23,S,16,13:50
1,Feriale,23,S,17,13:55
1,Feriale,24,S,7,13:45
1,Feriale,24,S,8,13:47
1,Feriale,24,S,9,13:50
1,Feriale,25,S,2,13:55
1,Feriale,25,S,3,13:57
1,Feriale,25,S,4,13:58
1,Feriale,25,S,7,14:03
1,Feriale,25,S,8,14:10
1,Feriale,25,S,9,14:15
1,Feriale,25,S,10,14:17
1,Feriale,25,S,11,14:22
1,Feriale,25,S,12,14:25
1,Feriale,25,S,13,14:30
1,Feriale,25,S,15,14:35
1,Feriale,25,S,16,14:40
1,Feriale,25,S,17,14:45
1,Feriale,26,S,2,14:45
1,Feriale,26,S,3,14:47
1,Feriale,26,S,4,14:48
1,Feriale,26,S,7,14:53
1,Feriale,26,S,8,15:00
1,Feriale,26,S,9,15:05
1,Feriale,26,S,10,15:07
1,Feriale,26,S,11,15:12
1,Feriale,26,S,12,15:15
1,Feriale,26,S,13,15:20
1,Feriale,26,S,15,15:25
1,Feriale,26,S,16,15:30
1,Feriale,26,S,17,15:35
1,Feriale,27,S,2,14:45
1,Feriale,27,S,3,14:47
1,Feriale,27,S,4,14:48
1,Feriale,27,S,5,14:50
1,Feriale,28,S,2,15:35
1,Feriale,28,S,3,15:37
1,Feriale,28,S,4,15:38
1,Feriale,28,S,7,15:43
1,Feriale,28,S,8,15:50
1,Feriale,28,S,9,15:55
1,Feriale,28,S,10,15:57
1,Feriale,28,S,11,16:02
1,Feriale,28,S,12,16:05
1,Feriale,28,S,13,16:10
1,Feriale,28,S,15,16:15
1,Feriale,28,S,16,16:20
1,Feriale,28,S,17,16:25
1,Feriale,29,S,2,15:20
1,Feriale,29,S,3,15:22
1,Feriale,29,S,4,15:23
1,Feriale,29,S,5,15:25
1,Feriale,30,S,2,16:25
1,Feriale,30,S,3,16:27
1,Feriale,30,S,4,16:28
1,Feriale,30,S,7,16:33
1,Feriale,30,S,8,16:40
1,Feriale,30,S,9,16:45
1,Feriale,30,S,10,16:47
1,Feriale,30,S,11,16:52
1,Feriale,30,S,12,16:55
1,Feriale,30,S,13,17:00
1,Feriale,30,S,15,17:05
1,Feriale,30,S,16,17:10
1,Feriale,30,S,17,17:15
1,Feriale,31,S,2,17:15
1,Feriale,31,S,3,17:17
1,Feriale,31,S,4,17:18
1,Feriale,31,S,7,17:23
1,Feriale,31,S,8,17:30
1,Feriale,31,S,9,17:35
1,Feriale,31,S,10,17:37
1,Feriale,31,S,11,17:42
1,Feriale,31,S,12,17:45
1,Feriale,31,S,13,17:50
1,Feriale,31,S,15,17:55
1,Feriale,31,S,16,18:00
1,Feriale,31,S,17,18:05
1,Feriale,32,S,2,18:05
1,Feriale,32,S,3,18:07
1,Feriale,32,S,4,18:08
1,Feriale,32,S,7,18:13
1,Feriale,32,S,8,18:20
1,Feriale,32,S,9,18:25
1,Feriale,32,S,10,18:27
1,Feriale,32,S,11,18:32
1,Feriale,32,S,12,18:35
1,Feriale,32,S,13,18:40
1,Feriale,32,S,15,18:45
1,Feriale,32,S,16,18:50
1,Feriale,32,S,17,18:55
1,Feriale,33,S,2,18:15
1,Feriale,33,S,3,18:17
1,Feriale,33,S,4,18:18
1,Feriale,33,S,5,18:20
1,Feriale,34,S,2,18:55
1,Feriale,34,S,3,18:57
1,Feriale,34,S,4,18:58
1,Feriale,34,S,7,19:03
1,Feriale,34,S,8,19:10
1,Feriale,34,S,9,19:15
1,Feriale,34,S,10,19:17
1,Feriale,34,S,11,19:22
1,Feriale,34,S,12,19:25
1,Feriale,34,S,13,19:30
1,Feriale,34,S,15,19:35
1,Feriale,34,S,16,19:40
1,Feriale,34,S,17,19:45
1,Feriale,35,S,2,19:45
1,Feriale,35,S,3,19:47
1,Feriale,35,S,4,19:48
1,Feriale,35,S,7,19:53
1,Feriale,35,S,8,20:00
1,Feriale,35,S,9,20:05
1,Feriale,35,S,10,20:07
1,Feriale,35,S,11,20:12
1,Feriale,35,S,12,20:15
1,Feriale,35,S,13,20:20
1,Feriale,35,S,15,20:25
1,Feriale,35,S,16,20:30
1,Feriale,35,S,17,20:35
1,Feriale,36,S,2,19:50
1,Feriale,36,S,3,19:52
1,Feriale,36,S,4,19:53
1,Feriale,36,S,5,19:55
1,Feriale,37,S,2,20:20
1,Feriale,37,S,3,20:22
1,Feriale,37,S,4,20:23
1,Feriale,37,S,7,20:28
1,Feriale,37,S,8,20:35
1,Feriale,37,S,9,20:40
1,Feriale,37,S,10,20:42
1,Feriale,37,S,11,20:47
1,Feriale,37,S,12,20:50
1,Feriale,37,S,13,20:53
1,Feriale,37,S,15,20:55
1,Feriale,38,S,18,06:30
1,Feriale,39,S,2,07:00
1,Feriale,39,S,5,07:00
1,Feriale,39,S,6,07:02
1,Feriale,39,S,7,07:03
1,Feriale,39,S,8,07:05
1,Feriale,39,S,9,07:10
1,Feriale,39,S,10,07:12
1,Feriale,39,S,11,07:15
1,Feriale,39,S,12,07:20
1,Feriale,39,S,14,07:28
1,Feriale,39,S,15,07:32
1,Feriale,39,S,16,07:40
1,Feriale,39,S,17,07:42
1,Feriale,39,S,18,07:45
1,Feriale,40,S,2,07:15
1,Feriale,40,S,5,07:15
1,Feriale,40,S,6,07:17
1,Feriale,40,S,7,07:18
1,Feriale,40,S,8,07:20
1,Feriale,40,S,9,07:25
1,Feriale,40,S,10,07:27
1,Feriale,40,S,11,07:30
1,Feriale,40,S,12,07:35
1,Feriale,40,S,14,07:43
1,Feriale,40,S,15,07:47
1,Feriale,40,S,16,07:55
1,Feriale,40,S,17,07:57
1,Feriale,40,S,18,08:00
1,Feriale,41,S,2,07:40
1,Feriale,41,S,5,07:40
1,Feriale,41,S,6,07:42
1,Feriale,41,S,7,07:43
1,Feriale,41,S,8,07:45
1,Feriale,41,S,9,07:50
1,Feriale,41,S,10,07:52
1,Feriale,41,S,11,07:55
1,Feriale,41,S,12,08:00
1,Feriale,41,S,14,08:08
1,Feriale,41,S,15,08:12
1,Feriale,41,S,16,08:20
1,Feriale,41,S,17,08:22
1,Feriale,41,S,18,08:25
1,Feriale,42,S,2,08:25
1,Feriale,42,S,3,08:27
1,Feriale,42,S,4,08:29
1,Feriale,42,S,6,08:30
1,Feriale,42,S,7,08:33
1,Feriale,42,S,8,08:35
1,Feriale,42,S,9,08:38
1,Feriale,42,S,10,08:42
1,Feriale,42,S,11,08:45
1,Feriale,42,S,12,08:48
1,Feriale,42,S,14,08:53
1,Feriale,42,S,15,08:57
1,Feriale,42,S,16,09:05
1,Feriale,42,S,17,09:07
1,Feriale,42,S,18,09:15
1,Feriale,43,S,13,08:52
1,Feriale,43,S,16,08:57
1,Feriale,43,S,17,08:59
1,Feriale,43,S,18,09:15
1,Feriale,44,S,13,09:12
1,Feriale,44,S,16,09:17
1,Feriale,44,S,17,09:19
1,Feriale,44,S,18,09:35
1,Feriale,45,S,2,08:55
1,Feriale,45,S,3,08:57
1,Feriale,45,S,4,08:59
1,Feriale,45,S,6,09:00
1,Feriale,45,S,7,09:03
1,Feriale,45,S,8,09:05
1,Feriale,45,S,9,09:08
1,Feriale,45,S,10,09:12
1,Feriale,45,S,11,09:15
1,Feriale,45,S,12,09:18
1,Feriale,45,S,14,09:23
1,Feriale,45,S,15,09:27
1,Feriale,45,S,16,09:35
1,Feriale,45,S,17,09:37
1,Feriale,45,S,18,09:45
1,Feriale,46,S,13,09:52
1,Feriale,46,S,16,09:57
1,Feriale,46,S,17,09:59
1,Feriale,46,S,18,10:15
1,Feriale,47,S,5,09:45
1,Feriale,47,S,6,09:50
1,Feriale,47,S,7,09:53
1,Feriale,47,S,8,09:55
1,Feriale,47,S,9,09:58
1,Feriale,47,S,10,10:02
1,Feriale,47,S,11,10:05
1,Feriale,47,S,12,10:08
1,Feriale,47,S,14,10:13
1,Feriale,47,S,15,10:17
1,Feriale,47,S,16,10:25
1,Feriale,47,S,17,10:27
1,Feriale,47,S,18,10:35
1,Feriale,48,S,2,10:35
1,Feriale,48,S,3,10:37
1,Feriale,48,S,4,10:39
1,Feriale,48,S,6,10:40
1,Feriale,48,S,7,10:43
1,Feriale,48,S,8,10:45
1,Feriale,48,S,9,10:48
1,Feriale,48,S,10,10:52
1,Feriale,48,S,11,10:55
1,Feriale,48,S,12,10:58
1,Feriale,48,S,14,11:03
1,Feriale,48,S,15,11:07
1,Feriale,48,S,16,11:15
1,Feriale,48,S,17,11:17
1,Feriale,48,S,18,11:25
1,Feriale,49,S,5,11:25
1,Feriale,49,S,6,11:30
1,Feriale,49,S,7,11:33
1,Feriale,49,S,8,11:35
1,Feriale,49,S,9,11:38
1,Feriale,49,S,10,11:42
1,Feriale,49,S,11,11:45
1,Feriale,49,S,12,11:48
1,Feriale,49,S,14,11:53
1,Feriale,49,S,15,11:57
1,Feriale,49,S,16,12:05
1,Feriale,49,S,17,12:07
1,Feriale,49,S,18,12:15
1,Feriale,50,S,13,11:34
1,Feriale,50,S,16,11:40
1,Feriale,50,S,17,11:42
1,Feriale,50,S,18,11:55
1,Feriale,51,ST,9,12:17
1,Feriale,51,ST,10,12:18
1,Feriale,51,ST,11,12:20
1,Feriale,51,ST,12,12:23
1,Feriale,51,ST,13,12:30
1,Feriale,51,ST,16,12:35
1,Feriale,51,ST,17,12:37
1,Feriale,51,ST,18,12:40
1,Feriale,52,S,9,12:17
1,Feriale,52,S,10,12:18
1,Feriale,52,S,11,12:20
1,Feriale,52,S,12,12:23
1,Feriale,52,S,13,12:30
1,Feriale,52,S,16,12:35
1,Feriale,52,S,17,12:37
1,Feriale,52,S,18,12:40
1,Feriale,53,S,2,12:15
1,Feriale,53,S,3,12:17
1,Feriale,53,S,4,12:19
1,Feriale,53,S,6,12:20
1,Feriale,53,S,7,12:23
1,Feriale,53,S,8,12:25
1,Feriale,53,S,9,12:28
1,Feriale,53,S,10,12:32
1,Feriale,53,S,11,12:35
1,Feriale,53,S,12,12:38
1,Feriale,53,S,14,12:43
1,Feriale,53,S,15,12:47
1,Feriale,53,S,16,12:55
1,Feriale,53,S,17,12:57
1,Feriale,53,S,18,13:05
1,Feriale,54,S,10,13:20
1,Feriale,54,S,11,13:23
1,Feriale,54,S,12,13:25
1,Feriale,54,S,14,13:27
1,Feriale,54,S,15,13:35
1,Feriale,54,S,18,13:45
1,Feriale,55,S,2,13:05
1,Feriale,55,S,3,13:07
1,Feriale,55,S,4,13:09
1,Feriale,55,S,6,13:10
1,Feriale,55,S,7,13:13
1,Feriale,55,S,8,13:15
1,Feriale,55,S,9,13:18
1,Feriale,55,S,10,13:22
1,Feriale,55,S,11,13:25
1,Feriale,55,S,12,13:28
1,Feriale,55,S,14,13:33
1,Feriale,55,S,15,13:37
1,Feriale,55,S,16,13:45
1,Feriale,55,S,17,13:47
1,Feriale,55,S,18,13:55
1,Feriale,56,S,9,13:16
1,Feriale,56,S,10,13:18
1,Feriale,56,S,11,13:21
1,Feriale,56,S,12,13:24
1,Feriale,56,S,13,13:30
1,Feriale,56,S,16,13:35
1,Feriale,56,S,17,13:37
1,Feriale,56,S,18,13:40
1,Feriale,57,CS,9,13:16
1,Feriale,57,CS,10,13:18
1,Feriale,57,CS,11,13:21
1,Feriale,57,CS,12,13:24
1,Feriale,57,CS,13,13:30
1,Feriale,57,CS,16,13:35
1,Feriale,57,CS,17,13:37
1,Feriale,57,CS,18,13:40
1,Feriale,58,S,9,13:15
1,Feriale,58,S,10,13:17
1,Feriale,58,S,11,13:20
1,Feriale,58,S,12,13:23
1,Feriale,58,S,13,13:29
1,Feriale,58,S,16,13:34
1,Feriale,58,S,17,13:36
1,Feriale,58,S,18,13:40
1,Feriale,59,T,2,13:55
1,Feriale,59,T,3,13:57
1,Feriale,59,T,4,13:59
1,Feriale,59,T,6,14:00
1,Feriale,59,T,7,14:03
1,Feriale,59,T,8,14:05
1,Feriale,59,T,9,14:08
1,Feriale,59,T,10,14:12
1,Feriale,59,T,11,14:15
1,Feriale,59,T,12,14:18
1,Feriale,59,T,14,14:23
1,Feriale,59,T,15,14:27
1,Feriale,59,T,16,14:35
1,Feriale,59,T,17,14:37
1,Feriale,59,T,18,14:45
1,Feriale,60,T,2,14:45
1,Feriale,60,T,3,14:47
1,Feriale,60,T,4,14:49
1,Feriale,60,T,6,14:50
1,Feriale,60,T,7,14:53
1,Feriale,60,T,8,14:55
1,Feriale,60,T,9,14:58
1,Feriale,60,T,10,15:02
1,Feriale,60,T,11,15:05
1,Feriale,60,T,12,15:08
1,Feriale,60,T,14,15:13
1,Feriale,60,T,15,15:17
1,Feriale,60,T,16,15:25
1,Feriale,60,T,17,15:27
1,Feriale,60,T,18,15:35
1,Feriale,61,T,13,15:07
1,Feriale,61,T,16,15:15
1,Feriale,61,T,17,15:17
1,Feriale,61,T,18,15:25
1,Feriale,62,T,13,15:42
1,Feriale,62,T,16,15:50
1,Feriale,62,T,17,15:52
1,Feriale,62,T,18,16:00
1,Feriale,63,T,2,15:35
1,Feriale,63,T,3,15:37
1,Feriale,63,T,4,15:39
1,Feriale,63,T,6,15:40
1,Feriale,63,T,7,15:43
1,Feriale,63,T,8,15:45
1,Feriale,63,T,9,15:48
1,Feriale,63,T,10,15:52
1,Feriale,63,T,11,15:55
1,Feriale,63,T,12,15:58
1,Feriale,63,T,14,16:03
1,Feriale,63,T,15,16:07
1,Feriale,63,T,16,16:15
1,Feriale,63,T,17,16:17
1,Feriale,63,T,18,16:25
1,Feriale,64,T,5,16:25
1,Feriale,64,T,6,16:30
1,Feriale,64,T,7,16:33
1,Feriale,64,T,8,16:35
1,Feriale,64,T,9,16:38
1,Feriale,64,T,10,16:42
1,Feriale,64,T,11,16:45
1,Feriale,64,T,12,16:48
1,Feriale,64,T,14,16:53
1,Feriale,64,T,15,16:57
1,Feriale,64,T,16,17:05
1,Feriale,64,T,17,17:07
1,Feriale,64,T,18,17:15
1,Feriale,65,T,2,17:15
1,Feriale,65,T,3,17:17
1,Feriale,65,T,4,17:19
1,Feriale,65,T,6,17:20
1,Feriale,65,T,7,17:23
1,Feriale,65,T,8,17:25
1,Feriale,65,T,9,17:28
1,Feriale,65,T,10,17:32
1,Feriale,65,T,11,17:35
1,Feriale,65,T,12,17:38
1,Feriale,65,T,14,17:43
1,Feriale,65,T,15,17:47
1,Feriale,65,T,16,17:55
1,Feriale,65,T,17,17:57
1,Feriale,65,T,18,18:05
1,Feriale,66,T,2,18:05
1,Feriale,66,T,3,18:07
1,Feriale,66,T,4,18:09
1,Feriale,66,T,6,18:10
1,Feriale,66,T,7,18:13
1,Feriale,66,T,8,18:15
1,Feriale,66,T,9,18:18
1,Feriale,66,T,10,18:22
1,Feriale,66,T,11,18:25
1,Feriale,66,T,12,18:28
1,Feriale,66,T,14,18:33
1,Feriale,66,T,15,18:37
1,Feriale,66,T,16,18:45
1,Feriale,66,T,17,18:47
1,Feriale,66,T,18,18:55
1,Feriale,67,T,2,18:55
1,Feriale,67,T,3,18:57
1,Feriale,67,T,4,18:59
1,Feriale,67,T,6,19:00
1,Feriale,67,T,7,19:03
1,Feriale,67,T,8,19:05
1,Feriale,67,T,9,19:08
1,Feriale,67,T,10,19:12
1,Feriale,67,T,11,19:15
1,Feriale,67,T,12,19:18
1,Feriale,67,T,14,19:23
1,Feriale,67,T,15,19:27
1,Feriale,67,T,16,19:35
1,Feriale,67,T,17,19:37
1,Feriale,67,T,18,19:45
1,Feriale,68,T,2,19:45
1,Feriale,68,T,3,19:47
1,Feriale,68,T,4,19:49
1,Feriale,68,T,6,19:50
1,Feriale,68,T,7,19:53
1,Feriale,68,T,8,19:55
1,Feriale,68,T,9,19:58
1,Feriale,68,T,10,20:02
1,Feriale,68,T,11,20:05
1,Feriale,68,T,12,20:08
1,Feriale,68,T,14,20:13
1,Feriale,68,T,15,20:17
1,Feriale,68,T,16,20:25
1,Feriale,68,T,17,20:27
1,Feriale,68,T,18,20:35
1,Feriale,69,T,2,20:20
1,Feriale,69,T,3,20:22
1,Feriale,69,T,4,20:24
1,Feriale,69,T,6,20:25
1,Feriale,69,T,7,20:28
1,Feriale,69,T,8,20:30
1,Feriale,69,T,9,20:33
1,Feriale,69,T,10,20:37
1,Feriale,69,T,11,20:40
1,Feriale,69,T,12,20:43
1,Feriale,69,T,14,20:48
1,Feriale,69,T,15,20:52
1,Feriale,69,T,16,21:00
1,Feriale,69,T,17,21:02
1,Feriale,69,T,18,21:10
1,Feriale,70,T,2,21:15
1,Feriale,70,T,3,21:17
1,Feriale,70,T,4,21:19
1,Feriale,70,T,6,21:20
1,Feriale,70,T,7,21:23
1,Feriale,70,T,8,21:25
1,Feriale,70,T,9,21:28
1,Feriale,70,T,10,21:32
1,Feriale,70,T,11,21:35
1,Feriale,70,T,12,21:38
1,Feriale,70,T,14,21:43
1,Feriale,70,T,15,21:45
1,Feriale,70,T,16,21:50
1,Feriale,70,T,17,21:52
1,Feriale,70,T,18,22:00
1,Feriale,71,T,13,21:22
1,Feriale,71,T,16,21:25
1,Feriale,71,T,17,21:27
1,Feriale,71,T,18,21:30
1,Feriale,72,A,13,22:27
1,Feriale,72,A,16,22:30
1,Feriale,72,A,17,22:32
1,Feriale,72,A,18,22:35
2,Feriale,1,,16,05:51
2,Feriale,1,,18,05:52
2,Feriale,1,,19,05:53
2,Feriale,1,,22,05:56
2,Feriale,1,,23,06:00
2,Feriale,2,,16,06:27
2,Feriale,2,,18,06:28
2,Feriale,2,,19,06:29
2,Feriale,2,,22,06:32
2,Feriale,2,,23,06:35
2,Feriale,3,,16,06:45
2,Feriale,3,,18,06:46
2,Feriale,3,,19,06:47
2,Feriale,3,,22,06:50
2,Feriale,3,,23,06:55
2,Feriale,4,,16,07:00
2,Feriale,4,,17,07:05
2,Feriale,4,,18,07:08
2,Feriale,4,,19,07:09
2,Feriale,4,,20,07:10
2,Feriale,4,,23,07:20
2,Feriale,5,,16,07:17
2,Feriale,5,,18,07:18
2,Feriale,5,,19,07:19
2,Feriale,5,,22,07:22
2,Feriale,5,,23,07:30
2,Feriale,6,,2,06:55
2,Feriale,6,,4,07:05
2,Feriale,6,,5,07:08
2,Feriale,6,,6,07:10
2,Feriale,6,,7,07:12
2,Feriale,6,,8,07:17
2,Feriale,6,,16,07:27
2,Feriale,6,,18,07:30
2,Feriale,6,,19,07:31
2,Feriale,6,,22,07:34
2,Feriale,6,,23,07:40
2,Feriale,7,,4,07:52
2,Feriale,7,,7,08:00
2,Feriale,7,,8,08:05
2,Feriale,7,,21,07:25
2,Feriale,7,,23,07:45
2,Feriale,8,A,2,07:47
2,Feriale,8,A,3,07:50
2,Feriale,8,A,6,07:55
2,Feriale,8,A,7,07:56
2,Feriale,8,A,8,07:59
2,Feriale,8,A,9,08:10
2,Feriale,8,A,10,08:20
2,Feriale,8,A,21,07:55
2,Feriale,8,A,23,08:15
2,Feriale,9,S,2,07:50
2,Feriale,9,S,4,08:00
2,Feriale,9,S,5,08:03
2,Feriale,9,S,6,08:05
2,Feriale,9,S,7,08:08
2,Feriale,9,S,8,08:15
2,Feriale,10,S,2,08:00
2,Feriale,10,S,3,08:03
2,Feriale,10,S,4,08:07
2,Feriale,10,S,5,08:12
2,Feriale,10,S,6,08:15
2,Feriale,10,S,7,08:17
2,Feriale,10,S,8,08:21
2,Feriale,10,S,9,08:25
2,Feriale,10,S,10,08:35
2,Feriale,10,S,14,08:35
2,Feriale,10,S,15,08:37
2,Feriale,10,S,16,08:40
2,Feriale,10,S,17,08:42
2,Feriale,10,S,18,08:45
2,Feriale,10,S,19,08:46
2,Feriale,10,S,20,08:47
2,Feriale,10,S,21,08:55
2,Feriale,10,S,22,09:00
2,Feriale,10,S,23,09:10
2,Feriale,11,S,2,08:37
2,Feriale,11,S,3,08:40
2,Feriale,11,S,4,08:44
2,Feriale,11,S,5,08:49
2,Feriale,11,S,6,08:52
2,Feriale,11,S,7,08:54
2,Feriale,11,S,8,08:58
2,Feriale,11,S,9,09:02
2,Feriale,11,S,10,09:10
2,Feriale,12,S,2,09:00
2,Feriale,12,S,3,09:03
2,Feriale,12,S,4,09:07
2,Feriale,12,S,5,09:12
2,Feriale,12,S,6,09:15
2,Feriale,12,S,7,09:17
2,Feriale,12,S,8,09:21
2,Feriale,12,S,9,09:25
2,Feriale,12,S,10,09:35
2,Feriale,12,S,14,09:35
2,Feriale,12,S,15,09:37
2,Feriale,12,S,16,09:40
2,Feriale,12,S,17,09:42
2,Feriale,12,S,18,09:45
2,Feriale,12,S,19,09:46
2,Feriale,12,S,20,09:47
2,Feriale,12,S,21,09:55
2,Feriale,12,S,22,10:00
2,Feriale,12,S,23,10:10
2,Feriale,13,S,2,10:00
2,Feriale,13,S,3,10:03
2,Feriale,13,S,4,10:07
2,Feriale,13,S,5,10:12
2,Feriale,13,S,6,10:15
2,Feriale,13,S,7,10:17
2,Feriale,13,S,8,10:21
2,Feriale,13,S,9,10:25
2,Feriale,13,S,10,10:35
2,Feriale,13,S,14,10:35
2,Feriale,13,S,15,10:37
2,Feriale,13,S,16,10:40
2,Feriale,13,S,17,10:42
2,Feriale,13,S,18,10:45
2,Feriale,13,S,19,10:46
2,Feriale,13,S,20,10:47
2,Feriale,13,S,21,10:55
2,Feriale,13,S,22,11:00
2,Feriale,13,S,23,11:10
2,Feriale,14,S,2,11:00
2,Feriale,14,S,3,11:03
2,Feriale,14,S,4,11:07
2,Feriale,14,S,5,11:12
2,Feriale,14,S,6,11:15
2,Feriale,14,S,7,11:17
2,Feriale,14,S,8,11:21
2,Feriale,14,S,9,11:25
2,Feriale,14,S,10,11:35
2,Feriale,14,S,14,11:35
2,Feriale,14,S,15,11:37
2,Feriale,14,S,16,11:40
2,Feriale,14,S,17,11:42
2,Feriale,14,S,18,11:45
2,Feriale,14,S,19,11:46
2,Feriale,14,S,20,11:47
2,Feriale,14,S,21,11:55
2,Feriale,14,S,22,12:00
2,Feriale,14,S,23,12:10
2,Feriale,15,S,21,13:17
2,Feriale,15,S,23,13:30
2,Feriale,16,S,2,12:00
2,Feriale,16,S,3,12:03
2,Feriale,16,S,4,12:07
2,Feriale,16,S,5,12:12
2,Feriale,16,S,6,12:15
2,Feriale,16,S,7,12:17
2,Feriale,16,S,8,12:21
2,Feriale,16,S,9,12:25
2,Feriale,16,S,10,12:35
2,Feriale,16,S,14,12:35
2,Feriale,16,S,15,12:37
2,Feriale,16,S,16,12:40
2,Feriale,16,S,17,12:42
2,Feriale,16,S,18,12:45
2,Feriale,16,S,19,12:46
2,Feriale,16,S,20,12:47
2,Feriale,16,S,21,12:55
2,Feriale,16,S,22,13:00
2,Feriale,16,S,23,13:10
2,Feriale,17,S,2,13:00
2,Feriale,17,S,3,13:03
2,Feriale,17,S,4,13:07
2,Feriale,17,S,5,13:12
2,Feriale,17,S,6,13:15
2,Feriale,17,S,7,13:17
2,Feriale,17,S,8,13:21
2,Feriale,17,S,9,13:25
2,Feriale,17,S,10,13:35
2,Feriale,17,S,14,13:35
2,Feriale,17,S,15,13:37
2,Feriale,17,S,16,13:40
2,Feriale,17,S,17,13:42
2,Feriale,17,S,18,13:45
2,Feriale,17,S,19,13:46
2,Feriale,17,S,20,13:47
2,Feriale,17,S,21,13:55
2,Feriale,17,S,22,14:00
2,Feriale,17,S,23,14:10
2,Feriale,18,S,5,13:18
2,Feriale,18,S,7,13:23
2,Feriale,18,S,8,13:30
2,Feriale,18,S,17,14:03
2,Feriale,18,S,18,14:05
2,Feriale,18,S,19,14:07
2,Feriale,18,S,20,14:08
2,Feriale,18,S,21,14:10
2,Feriale,18,S,23,14:15
2,Feriale,19,S,2,13:50
2,Feriale,19,S,4,14:00
2,Feriale,19,S,5,14:03
2,Feriale,19,S,6,14:05
2,Feriale,19,S,7,14:08
2,Feriale,19,S,8,14:15
2,Feriale,19,S,16,13:37
2,Feriale,19,S,18,13:38
2,Feriale,19,S,19,13:39
2,Feriale,19,S,21,13:40
2,Feriale,19,S,22,13:42
2,Feriale,19,S,23,13:55
2,Feriale,20,S,2,14:00
2,Feriale,20,S,3,14:03
2,Feriale,20,S,4,14:07
2,Feriale,20,S,5,14:12
2,Feriale,20,S,6,14:15
2,Feriale,20,S,7,14:17
2,Feriale,20,S,8,14:21
2,Feriale,20,S,9,14:25
2,Feriale,20,S,10,14:35
2,Feriale,20,S,14,14:35
2,Feriale,20,S,15,14:37
2,Feriale,20,S,16,14:40
2,Feriale,20,S,17,14:42
2,Feriale,20,S,18,14:45
2,Feriale,20,S,19,14:46
2,Feriale,20,S,20,14:47
2,Feriale,20,S,21,14:55
2,Feriale,20,S,22,15:00
2,Feriale,20,S,23,15:10
2,Feriale,21,S,2,15:00
2,Feriale,21,S,3,15:03
2,Feriale,21,S,4,15:07
2,Feriale,21,S,5,15:12
2,Feriale,21,S,6,15:15
2,Feriale,21,S,7,15:17
2,Feriale,21,S,8,15:21
2,Feriale,21,S,9,15:25
2,Feriale,21,S,10,15:35
2,Feriale,21,S,14,15:35
2,Feriale,21,S,15,15:37
2,Feriale,21,S,16,15:40
2,Feriale,21,S,17,15:42
2,Feriale,21,S,18,15:45
2,Feriale,21,S,19,15:46
2,Feriale,21,S,20,15:47
2,Feriale,21,S,21,15:55
2,Feriale,21,S,22,16:00
2,Feriale,21,S,23,16:10
2,Feriale,22,B,2,15:45
2,Feriale,22,B,3,15:48
2,Feriale,22,B,4,15:52
2,Feriale,22,B,5,15:57
2,Feriale,22,B,6,16:00
2,Feriale,22,B,7,16:02
2,Feriale,22,B,8,16:06
2,Feriale,22,B,9,16:10
2,Feriale,22,B,10,16:20
2,Feriale,22,B,14,16:25
2,Feriale,22,B,16,16:30
2,Feriale,22,B,21,16:40
2,Feriale,22,B,22,16:45
2,Feriale,22,B,23,16:50
2,Feriale,23,B,2,17:00
2,Feriale,23,B,3,17:03
2,Feriale,23,B,4,17:07
2,Feriale,23,B,5,17:12
2,Feriale,23,B,6,17:15
2,Feriale,23,B,7,17:17
2,Feriale,23,B,8,17:21
2,Feriale,23,B,9,17:25
2,Feriale,23,B,10,17:35
2,Feriale,23,B,14,17:35
2,Feriale,23,B,15,17:37
2,Feriale,23,B,16,17:40
2,Feriale,23,B,17,17:42
2,Feriale,23,B,18,17:45
2,Feriale,23,B,19,17:46
2,Feriale,23,B,20,17:47
2,Feriale,23,B,21,17:55
2,Feriale,23,B,22,18:00
2,Feriale,23,B,23,18:10
2,Feriale,24,B,2,18:00
2,Feriale,24,B,3,18:03
2,Feriale,24,B,4,18:07
2,Feriale,24,B,5,18:12
2,Feriale,24,B,6,18:15
2,Feriale,24,B,7,18:17
2,Feriale,24,B,8,18:21
2,Feriale,24,B,9,18:25
2,Feriale,24,B,10,18:35
2,Feriale,24,B,14,18:35
2,Feriale,24,B,15,18:37
2,Feriale,24,B,16,18:40
2,Feriale,24,B,17,18:42
2,Feriale,24,B,18,18:45
2,Feriale,24,B,19,18:46
2,Feriale,24,B,20,18:47
2,Feriale,24,B,21,18:55
2,Feriale,24,B,22,19:00
2,Feriale,24,B,23,19:10
2,Feriale,25,B,2,19:00
2,Feriale,25,B,3,19:03
2,Feriale,25,B,4,19:07
2,Feriale,25,B,5,19:12
2,Feriale,25,B,6,19:15
2,Feriale,25,B,7,19:17
2,Feriale,25,B,8,19:21
2,Feriale,25,B,9,19:25
2,Feriale,25,B,10,19:35
2,Feriale,25,B,14,19:35
2,Feriale,25,B,15,19:37
2,Feriale,25,B,16,19:40
2,Feriale,25,B,17,19:42
2,Feriale,25,B,18,19:45
2,Feriale,25,B,19,19:46
2,Feriale,25,B,20,19:47
2,Feriale,25,B,21,19:55
2,Feriale,25,B,22,20:00
2,Feriale,25,B,23,20:10
2,Feriale,26,B,2,20:00
2,Feriale,26,B,3,20:03
2,Feriale,26,B,4,20:07
2,Feriale,26,B,5,20:12
2,Feriale,26,B,6,20:15
2,Feriale,26,B,7,20:17
2,Feriale,26,B,8,20:21
2,Feriale,26,B,9,20:25
2,Feriale,26,B,10,20:35
2,Feriale,26,B,14,20:50
2,Feriale,26,B,15,20:52
2,Feriale,26,B,16,20:55
2,Feriale,26,B,18,20:56
2,Feriale,26,B,19,21:01
2,Feriale,26,B,23,21:10
2,Feriale,27,B,2,21:10
2,Feriale,27,B,3,21:13
2,Feriale,27,B,4,21:17
2,Feriale,27,B,5,21:22
2,Feriale,27,B,6,21:25
2,Feriale,27,B,7,21:27
2,Feriale,27,B,8,21:31
2,Feriale,27,B,9,21:35
2,Feriale,27,B,10,21:40
2U,Feriale,1,,9,07:30
2U,Feriale,1,,10,07:32
2U,Feriale,1,,11,07:34
2U,Feriale,1,,12,07:40
2U,Feriale,1,,13,07:50
2U,Feriale,2,B,12,07:32
2U,Feriale,2,B,13,07:42
2U,Feriale,2,B,14,07:47
2U,Feriale,2,B,15,07:49
2U,Feriale,2,B,16,07:52
2U,Feriale,2,B,17,07:55
2U,Feriale,3,ST,9,08:05
2U,Feriale,3,ST,10,08:07
2U,Feriale,3,ST,11,08:09
2U,Feriale,3,ST,12,08:15
2U,Feriale,3,ST,13,08:20
2U,Feriale,3,ST,14,08:25
2U,Feriale,3,ST,16,08:30
2U,Feriale,3,ST,17,08:32
2U,Feriale,4,ST,12,08:25
2U,Feriale,4,ST,13,08:30
2U,Feriale,4,ST,14,08:35
2U,Feriale,4,ST,15,08:37
2U,Feriale,4,ST,16,08:45
2U,Feriale,4,ST,17,08:47
2U,Feriale,5,S,9,08:10
2U,Feriale,5,S,10,08:12
2U,Feriale,5,S,11,08:14
2U,Feriale,5,S,12,08:20
2U,Feriale,5,S,13,08:30
2U,Feriale,5,S,14,08:40
2U,Feriale,5,S,16,08:45
2U,Feriale,5,S,17,08:47
2U,Feriale,6,S,9,08:30
2U,Feriale,6,S,10,08:32
2U,Feriale,6,S,11,08:34
2U,Feriale,6,S,12,08:40
2U,Feriale,6,S,13,08:50
2U,Feriale,6,S,14,09:00
2U,Feriale,6,S,16,09:05
2U,Feriale,6,S,17,09:07
2U,Feriale,7,S,12,08:55
2U,Feriale,7,S,13,09:00
2U,Feriale,7,S,14,09:05
2U,Feriale,7,S,16,09:10
2U,Feriale,7,S,17,09:12
2U,Feriale,8,S,9,08:45
2U,Feriale,8,S,10,08:47
2U,Feriale,8,S,11,08:49
2U,Feriale,8,S,12,08:55
2U,Feriale,8,S,13,09:05
2U,Feriale,8,S,14,09:15
2U,Feriale,8,S,16,09:20
2U,Feriale,8,S,17,09:22
2U,Feriale,9,S,9,09:00
2U,Feriale,9,S,10,09:02
2U,Feriale,9,S,11,09:04
2U,Feriale,9,S,12,09:10
2U,Feriale,9,S,13,09:20
2U,Feriale,9,S,14,09:30
2U,Feriale,9,S,16,09:35
2U,Feriale,9,S,17,09:37
2U,Feriale,10,S,9,09:15
2U,Feriale,10,S,10,09:17
2U,Feriale,10,S,11,09:19
2U,Feriale,10,S,12,09:25
2U,Feriale,10,S,13,09:35
2U,Feriale,10,S,14,09:45
2U,Feriale,10,S,16,09:50
2U,Feriale,10,S,17,09:52
2U,Feriale,11,S,12,09:55
2U,Feriale,11,S,13,10:00
2U,Feriale,11,S,14,10:05
2U,Feriale,11,S,15,10:07
2U,Feriale,11,S,16,10:15
2U,Feriale,11,S,17,10:17
2U,Feriale,12,S,9,10:10
2U,Feriale,12,S,10,10:12
2U,Feriale,12,S,11,10:14
2U,Feriale,12,S,12,10:20
2U,Feriale,12,S,13,10:30
2U,Feriale,12,S,14,10:40
2U,Feriale,12,S,16,10:45
2U,Feriale,12,S,17,10:47
2U,Feriale,13,S,12,11:35
2U,Feriale,13,S,13,11:40
2U,Feriale,13,S,14,11:45
2U,Feriale,13,S,16,11:55
2U,Feriale,13,S,17,11:57
2U,Feriale,14,S,3,12:50
2U,Feriale,14,S,4,12:53
2U,Feriale,14,S,5,12:55
2U,Feriale,14,S,6,13:00
2U,Feriale,14,S,7,13:10
2U,Feriale,14,S,8,13:20
2U,Feriale,14,S,9,13:30
2U,Feriale,15,S,5,13:28
2U,Feriale,15,S,6,13:30
2U,Feriale,15,S,7,13:33
2U,Feriale,15,S,8,13:42
2U,Feriale,15,S,9,13:50
2U,Feriale,16,S,3,13:55
2U,Feriale,16,S,4,13:58
2U,Feriale,16,S,5,14:00
2U,Feriale,16,S,6,14:05
2U,Feriale,16,S,7,14:15
2U,Feriale,16,S,8,14:25
2U,Feriale,16,S,9,14:35
2U,Feriale,17,S,3,16:00
2U,Feriale,17,S,4,16:03
2U,Feriale,17,S,5,16:05
2U,Feriale,17,S,6,16:10
2U,Feriale,17,S,7,16:20
2U,Feriale,17,S,8,16:30
2U,Feriale,17,S,9,16:40
2U,Feriale,18,S,5,16:02
2U,Feriale,18,S,6,16:07
2U,Feriale,18,S,7,16:17
2U,Feriale,18,S,8,16:27
2U,Feriale,18,S,9,16:35
2U,Feriale,19,S,3,17:00
2U,Feriale,19,S,4,17:03
2U,Feriale,19,S,5,17:05
2U,Feriale,19,S,6,17:10
2U,Feriale,19,S,7,17:20
2U,Feriale,19,S,8,17:30
2U,Feriale,19,S,9,17:40
2U,Feriale,20,A,2,17:25
2U,Feriale,20,A,3,17:30
2U,Feriale,20,A,4,17:33
2U,Feriale,20,A,5,17:35
2U,Feriale,20,A,6,17:40
2U,Feriale,20,A,7,17:50
2U,Feriale,20,A,8,18:00
2U,Feriale,20,A,9,18:10
2U,Feriale,21,SA,2,17:55
2U,Feriale,21,SA,3,18:00
2U,Feriale,21,SA,4,18:03
2U,Feriale,21,SA,5,18:05
2U,Feriale,21,SA,6,18:10
2U,Feriale,21,SA,7,18:20
2U,Feriale,21,SA,8,18:30
2U,Feriale,21,SA,9,18:40
2U,Feriale,22,A,2,18:15
2U,Feriale,22,A,3,18:20
2U,Feriale,22,A,4,18:23
2U,Feriale,22,A,5,18:25
2U,Feriale,22,A,6,18:30
2U,Feriale,22,A,7,18:40
2U,Feriale,22,A,8,18:50
2U,Feriale,22,A,9,19:00
2U,Feriale,23,A,3,19:15
2U,Feriale,23,A,4,19:18
2U,Feriale,23,A,5,19:20
2U,Feriale,23,A,6,19:25
2U,Feriale,23,A,7,19:35
2U,Feriale,23,A,8,19:45
2U,Feriale,23,A,9,19:55
3,Feriale,1,,2,07:15
3,Feriale,1,,3,07:17
3,Feriale,1,,4,07:20
3,Feriale,1,,5,07:22
3,Feriale,1,,6,07:25
3,Feriale,1,,7,07:27
3,Feriale,1,,8,07:30
3,Feriale,1,,9,07:33
3,Feriale,1,,10,07:37
3,Feriale,1,,11,07:40
3,Feriale,1,,12,07:45
3,Feriale,2,S,2,07:35
3,Feriale,2,S,6,07:49
3,Feriale,2,S,7,07:51
3,Feriale,2,S,8,07:54
3,Feriale,2,S,11,08:15
3,Feriale,3,S,2,07:50
3,Feriale,3,S,9,08:15
3,Feriale,3,S,10,08:20
3,Feriale,4,S,2,08:00
3,Feriale,4,S,3,08:04
3,Feriale,4,S,4,08:07
3,Feriale,4,S,5,08:12
3,Feriale,4,S,6,08:14
3,Feriale,4,S,7,08:16
3,Feriale,4,S,8,08:19
3,Feriale,4,S,9,08:23
3,Feriale,4,S,10,08:27
3,Feriale,4,S,11,08:30
3,Feriale,4,S,12,08:40
3,Feriale,5,S,2,08:40
3,Feriale,5,S,3,08:44
3,Feriale,5,S,4,08:47
3,Feriale,5,S,5,08:52
3,Feriale,5,S,6,08:54
3,Feriale,5,S,7,08:56
3,Feriale,5,S,8,08:59
3,Feriale,5,S,9,09:03
3,Feriale,5,S,10,09:07
3,Feriale,5,S,11,09:10
3,Feriale,5,S,12,09:20
3,Feriale,6,S,2,09:20
3,Feriale,6,S,3,09:24
3,Feriale,6,S,4,09:27
3,Feriale,6,S,5,09:32
3,Feriale,6,S,6,09:34
3,Feriale,6,S,7,09:36
3,Feriale,6,S,8,09:39
3,Feriale,6,S,9,09:43
3,Feriale,6,S,10,09:47
3,Feriale,6,S,11,09:50
3,Feriale,6,S,12,10:00
3,Feriale,7,S,2,10:00
3,Feriale,7,S,3,10:04
3,Feriale,7,S,4,10:07
3,Feriale,7,S,5,10:12
3,Feriale,7,S,6,10:14
3,Feriale,7,S,7,10:16
3,Feriale,7,S,8,10:19
3,Feriale,7,S,9,10:23
3,Feriale,7,S,10,10:27
3,Feriale,7,S,11,10:30
3,Feriale,7,S,12,10:40
3,Feriale,8,S,2,10:40
3,Feriale,8,S,3,10:44
3,Feriale,8,S,4,10:47
3,Feriale,8,S,5,10:52
3,Feriale,8,S,6,10:54
3,Feriale,8,S,7,10:56
3,Feriale,8,S,8,10:59
3,Feriale,8,S,9,11:03
3,Feriale,8,S,10,11:07
3,Feriale,8,S,11,11:10
3,Feriale,8,S,12,11:20
3,Feriale,9,S,2,11:20
3,Feriale,9,S,3,11:24
3,Feriale,9,S,4,11:27
3,Feriale,9,S,5,11:32
3,Feriale,9,S,6,11:34
3,Feriale,9,S,7,11:36
3,Feriale,9,S,8,11:39
3,Feriale,9,S,9,11:43
3,Feriale,9,S,10,11:47
3,Feriale,9,S,11,11:50
3,Feriale,9,S,12,12:00
3,Feriale,10,S,2,12:00
3,Feriale,10,S,3,12:04
3,Feriale,10,S,4,12:07
3,Feriale,10,S,5,12:12
3,Feriale,10,S,6,12:14
3,Feriale,10,S,7,12:16
3,Feriale,10,S,8,12:19
3,Feriale,10,S,9,12:23
3,Feriale,10,S,10,12:27
3,Feriale,10,S,11,12:30
3,Feriale,10,S,12,12:40
3,Feriale,11,S,2,12:40
3,Feriale,11,S,3,12:44
3,Feriale,11,S,4,12:47
3,Feriale,11,S,5,12:52
3,Feriale,11,S,6,12:54
3,Feriale,11,S,7,12:56
3,Feriale,11,S,8,12:59
3,Feriale,11,S,9,13:03
3,Feriale,11,S,10,13:07
3,Feriale,11,S,11,13:10
3,Feriale,11,S,12,13:20
3,Feriale,12,S,2,13:05
3,Feriale,12,S,3,13:09
3,Feriale,12,S,4,13:12
3,Feriale,12,S,5,13:17
3,Feriale,12,S,6,13:19
3,Feriale,12,S,7,13:21
3,Feriale,12,S,8,13:24
3,Feriale,12,S,9,13:28
3,Feriale,12,S,10,13:32
3,Feriale,12,S,11,13:35
3,Feriale,12,S,12,13:45
3,Feriale,13,S,2,13:20
3,Feriale,13,S,3,13:24
3,Feriale,13,S,4,13:27
3,Feriale,13,S,5,13:32
3,Feriale,13,S,6,13:34
3,Feriale,13,S,7,13:36
3,Feriale,13,S,8,13:39
3,Feriale,13,S,9,13:43
3,Feriale,13,S,10,13:47
3,Feriale,13,S,11,13:50
3,Feriale,13,S,12,14:00
3,Feriale,14,S,2,13:45
3,Feriale,14,S,3,13:49
3,Feriale,14,S,4,13:52
3,Feriale,14,S,5,13:57
3,Feriale,14,S,6,13:59
3,Feriale,14,S,7,14:01
3,Feriale,14,S,8,14:04
3,Feriale,14,S,9,14:08
3,Feriale,14,S,10,14:12
3,Feriale,14,S,11,14:15
3,Feriale,14,S,12,14:25
3,Feriale,15,S,2,14:00
3,Feriale,15,S,3,14:04
3,Feriale,15,S,4,14:07
3,Feriale,15,S,5,14:12
3,Feriale,15,S,6,14:14
3,Feriale,15,S,7,14:16
3,Feriale,15,S,8,14:19
3,Feriale,15,S,9,14:23
3,Feriale,15,S,10,14:27
3,Feriale,15,S,11,14:30
3,Feriale,15,S,12,14:40
3,Feriale,16,S,2,14:40
3,Feriale,16,S,3,14:44
3,Feriale,16,S,4,14:47
3,Feriale,16,S,5,14:52
3,Feriale,16,S,6,14:54
3,Feriale,16,S,7,14:56
3,Feriale,16,S,8,14:59
3,Feriale,16,S,9,15:03
3,Feriale,16,S,10,15:07
3,Feriale,16,S,11,15:10
3,Feriale,16,S,12,15:20
3,Feriale,17,S,2,15:20
3,Feriale,17,S,3,15:24
3,Feriale,17,S,4,15:27
3,Feriale,17,S,5,15:32
3,Feriale,17,S,6,15:34
3,Feriale,17,S,7,15:36
3,Feriale,17,S,8,15:39
3,Feriale,17,S,9,15:43
3,Feriale,17,S,10,15:47
3,Feriale,17,S,11,15:50
3,Feriale,17,S,12,16:00
3,Feriale,18,S,2,16:00
3,Feriale,18,S,3,16:04
3,Feriale,18,S,4,16:07
3,Feriale,18,S,5,16:12
3,Feriale,18,S,6,16:14
3,Feriale,18,S,7,16:16
3,Feriale,18,S,8,16:19
3,Feriale,18,S,9,16:23
3,Feriale,18,S,10,16:27
3,Feriale,18,S,11,16:30
3,Feriale,18,S,12,16:40
3,Feriale,19,S,2,16:40
3,Feriale,19,S,3,16:44
3,Feriale,19,S,4,16:47
3,Feriale,19,S,5,16:52
3,Feriale,19,S,6,16:54
3,Feriale,19,S,7,16:56
3,Feriale,19,S,8,16:59
3,Feriale,19,S,9,17:03
3,Feriale,19,S,10,17:07
3,Feriale,19,S,11,17:10
3,Feriale,19,S,12,17:20
3,Feriale,20,S,2,17:20
3,Feriale,20,S,3,17:24
3,Feriale,20,S,4,17:27
3,Feriale,20,S,5,17:32
3,Feriale,20,S,6,17:34
3,Feriale,20,S,7,17:36
3,Feriale,20,S,8,17:39
3,Feriale,20,S,9,17:43
3,Feriale,20,S,10,17:47
3,Feriale,20,S,11,17:50
3,Feriale,20,S,12,18:00
3,Feriale,21,S,2,18:00
3,Feriale,21,S,3,18:04
3,Feriale,21,S,4,18:07
3,Feriale,21,S,5,18:12
3,Feriale,21,S,6,18:14
3,Feriale,21,S,7,18:16
3,Feriale,21,S,8,18:19
3,Feriale,21,S,9,18:23
3,Feriale,21,S,10,18:27
3,Feriale,21,S,11,18:30
3,Feriale,21,S,12,18:40
3,Feriale,22,S,2,18:40
3,Feriale,22,S,3,18:44
3,Feriale,22,S,4,18:47
3,Feriale,22,S,5,18:52
3,Feriale,22,S,6,18:54
3,Feriale,22,S,7,18:56
3,Feriale,22,S,8,18:59
3,Feriale,22,S,9,19:03
3,Feriale,22,S,10,19:07
3,Feriale,22,S,11,19:10
3,Feriale,22,S,12,19:20
3,Feriale,23,S,2,19:20
3,Feriale,23,S,3,19:24
3,Feriale,23,S,4,19:27
3,Feriale,23,S,5,19:32
3,Feriale,23,S,6,19:34
3,Feriale,23,S,7,19:36
3,Feriale,23,S,8,19:39
3,Feriale,23,S,9,19:43
3,Feriale,23,S,10,19:47
3,Feriale,23,S,11,19:50
3,Feriale,23,S,12,20:00
3,Feriale,24,S,2,20:00
3,Feriale,24,S,3,20:04
3,Feriale,24,S,4,20:07
3,Feriale,24,S,5,20:12
3,Feriale,24,S,6,20:14
3,Feriale,24,S,7,20:16
3,Feriale,24,S,8,20:19
3,Feriale,24,S,9,20:23
3,Feriale,24,S,10,20:27
3,Feriale,24,S,11,20:30
3,Feriale,24,S,12,20:40
3,Feriale,25,S,2,06:10
3,Feriale,25,S,3,06:12
3,Feriale,25,S,4,06:15
3,Feriale,25,S,5,06:17
3,Feriale,25,S,6,06:22
3,Feriale,25,S,7,06:25
3,Feriale,25,S,8,06:27
3,Feriale,25,S,9,06:30
3,Feriale,25,S,10,06:35
3,Feriale,25,S,11,06:45
3,Feriale,26,S,2,07:23
3,Feriale,26,S,3,07:25
3,Feriale,26,S,4,07:28
3,Feriale,26,S,5,07:30
3,Feriale,26,S,6,07:35
3,Feriale,26,S,7,07:38
3,Feriale,26,S,8,07:43
3,Feriale,26,S,9,07:48
3,Feriale,26,S,10,07:53
3,Feriale,26,S,11,08:00
3,Feriale,27,S,3,07:50
3,Feriale,27,S,4,07:53
3,Feriale,28,S,2,07:50
3,Feriale,28,S,3,07:52
3,Feriale,28,S,4,07:55
3,Feriale,28,S,5,07:57
3,Feriale,28,S,6,08:02
3,Feriale,28,S,7,08:05
3,Feriale,28,S,8,08:10
3,Feriale,28,S,9,08:15
3,Feriale,28,S,10,08:20
3,Feriale,28,S,11,08:30
3,Feriale,29,A,3,08:20
3,Feriale,29,A,4,08:22
3,Feriale,29,A,10,08:38
3,Feriale,29,A,11,08:50
3,Feriale,30,A,2,08:40
3,Feriale,30,A,3,08:42
3,Feriale,30,A,4,08:45
3,Feriale,30,A,5,08:47
3,Feriale,30,A,6,08:52
3,Feriale,30,A,7,08:55
3,Feriale,30,A,8,09:00
3,Feriale,30,A,9,09:05
3,Feriale,30,A,10,09:10
3,Feriale,30,A,11,09:20
3,Feriale,31,A,2,09:20
3,Feriale,31,A,3,09:22
3,Feriale,31,A,4,09:25
3,Feriale,31,A,5,09:27
3,Feriale,31,A,6,09:32
3,Feriale,31,A,7,09:35
3,Feriale,31,A,8,09:40
3,Feriale,31,A,9,09:45
3,Feriale,31,A,10,09:50
3,Feriale,31,A,11,10:00
3,Feriale,32,A,2,10:00
3,Feriale,32,A,3,10:02
3,Feriale,32,A,4,10:05
3,Feriale,32,A,5,10:07
3,Feriale,32,A,6,10:12
3,Feriale,32,A,7,10:15
3,Feriale,32,A,8,10:20
3,Feriale,32,A,9,10:25
3,Feriale,32,A,10,10:30
3,Feriale,32,A,11,10:40
3,Feriale,33,A,2,10:40
3,Feriale,33,A,3,10:42
3,Feriale,33,A,4,10:45
3,Feriale,33,A,5,10:47
3,Feriale,33,A,6,10:52
3,Feriale,33,A,7,10:55
3,Feriale,33,A,8,11:00
3,Feriale,33,A,9,11:05
3,Feriale,33,A,10,11:10
3,Feriale,33,A,11,11:20
3,Feriale,34,A,2,11:20
3,Feriale,34,A,3,11:22
3,Feriale,34,A,4,11:25
3,Feriale,34,A,5,11:27
3,Feriale,34,A,6,11:32
3,Feriale,34,A,7,11:35
3,Feriale,34,A,8,11:40
3,Feriale,34,A,9,11:45
3,Feriale,34,A,10,11:50
3,Feriale,34,A,11,12:00
3,Feriale,35,A,2,12:05
3,Feriale,35,A,3,12:07
3,Feriale,35,A,4,12:10
3,Feriale,35,A,5,12:12
3,Feriale,35,A,6,12:17
3,Feriale,35,A,7,12:20
3,Feriale,35,A,8,12:25
3,Feriale,35,A,9,12:30
3,Feriale,35,A,10,12:35
3,Feriale,35,A,11,12:45
3,Feriale,36,A,2,12:40
3,Feriale,36,A,3,12:42
3,Feriale,36,A,4,12:45
3,Feriale,36,A,5,12:47
3,Feriale,36,A,6,12:52
3,Feriale,36,A,7,12:55
3,Feriale,36,A,8,13:00
3,Feriale,36,A,9,13:05
3,Feriale,36,A,10,13:10
3,Feriale,36,A,11,13:20
3,Feriale,37,A,2,13:20
3,Feriale,37,A,3,13:22
3,Feriale,37,A,4,13:25
3,Feriale,37,A,5,13:27
3,Feriale,37,A,6,13:32
3,Feriale,37,A,7,13:35
3,Feriale,37,A,8,13:40
3,Feriale,37,A,9,13:45
3,Feriale,37,A,10,13:50
3,Feriale,37,A,11,14:00
3,Feriale,38,A,2,14:00
3,Feriale,38,A,3,14:02
3,Feriale,38,A,4,14:05
3,Feriale,38,A,5,14:07
3,Feriale,38,A,6,14:12
3,Feriale,38,A,7,14:15
3,Feriale,38,A,8,14:20
3,Feriale,38,A,9,14:25
3,Feriale,38,A,10,14:30
3,Feriale,38,A,11,14:40
3,Feriale,39,A,2,14:40
3,Feriale,39,A,3,14:42
3,Feriale,39,A,4,14:45
3,Feriale,39,A,5,14:47
3,Feriale,39,A,6,14:52
3,Feriale,39,A,7,14:55
3,Feriale,39,A,8,15:00
3,Feriale,39,A,9,15:05
3,Feriale,39,A,10,15:10
3,Feriale,39,A,11,15:20
3,Feriale,40,A,2,15:20
3,Feriale,40,A,3,15:22
3,Feriale,40,A,4,15:25
3,Feriale,40,A,5,15:27
3,Feriale,40,A,6,15:32
3,Feriale,40,A,7,15:35
3,Feriale,40,A,8,15:40
3,Feriale,40,A,9,15:45
3,Feriale,40,A,10,15:50
3,Feriale,40,A,11,16:00
3,Feriale,41,A,2,16:00
3,Feriale,41,A,3,16:02
3,Feriale,41,A,4,16:05
3,Feriale,41,A,5,16:07
3,Feriale,41,A,6,16:12
3,Feriale,41,A,7,16:15
3,Feriale,41,A,8,16:20
3,Feriale,41,A,9,16:25
3,Feriale,41,A,10,16:30
3,Feriale,41,A,11,16:40
3,Feriale,42,A,2,16:40
3,Feriale,42,A,3,16:42
3,Feriale,42,A,4,16:45
3,Feriale,42,A,5,16:47
3,Feriale,42,A,6,16:52
3,Feriale,42,A,7,16:55
3,Feriale,42,A,8,17:00
3,Feriale,42,A,9,17:05
3,Feriale,42,A,10,17:10
3,Feriale,42,A,11,17:20
3,Feriale,43,A,2,17:15
3,Feriale,43,A,3,17:17
3,Feriale,43,A,4,17:20
3,Feriale,43,A,5,17:22
3,Feriale,43,A,6,17:27
3,Feriale,43,A,7,17:30
3,Feriale,43,A,8,17:35
3,Feriale,43,A,9,17:40
3,Feriale,43,A,10,17:45
3,Feriale,43,A,11,17:55
3,Feriale,44,A,2,18:00
3,Feriale,44,A,3,18:02
3,Feriale,44,A,4,18:05
3,Feriale,44,A,5,18:07
3,Feriale,44,A,6,18:12
3,Feriale,44,A,7,18:15
3,Feriale,44,A,8,18:20
3,Feriale,44,A,9,18:25
3,Feriale,44,A,10,18:30
3,Feriale,44,A,11,18:40
3,Feriale,45,A,2,18:35
3,Feriale,45,A,3,18:37
3,Feriale,45,A,4,18:40
3,Feriale,45,A,5,18:42
3,Feriale,45,A,6,18:47
3,Feriale,45,A,7,18:50
3,Feriale,45,A,8,18:55
3,Feriale,45,A,9,19:00
3,Feriale,45,A,10,19:05
3,Feriale,45,A,11,19:15
3,Feriale,46,A,2,19:20
3,Feriale,46,A,3,19:22
3,Feriale,46,A,4,19:25
3,Feriale,46,A,5,19:27
3,Feriale,46,A,6,19:32
3,Feriale,46,A,7,19:35
3,Feriale,46,A,8,19:40
3,Feriale,46,A,9,19:45
3,Feriale,46,A,10,19:50
3,Feriale,46,A,11,20:00
3,Feriale,47,A,2,20:10
3,Feriale,47,A,3,20:12
3,Feriale,47,A,4,20:15
3,Feriale,47,A,5,20:17
3,Feriale,47,A,6,20:22
3,Feriale,47,A,7,20:25
3,Feriale,47,A,8,20:30
3,Feriale,47,A,9,20:35
3,Feriale,47,A,10,20:40
3,Feriale,47,A,11,20:50
5,Feriale,1,,2,06:45
5,Feriale,1,,5,06:47
5,Feriale,1,,6,06:49
5,Feriale,1,,7,06:57
5,Feriale,1,,9,07:00
5,Feriale,1,,10,07:03
5,Feriale,1,,11,07:08
5,Feriale,1,,12,07:11
5,Feriale,1,,13,07:15
5,Feriale,1,,14,07:17
5,Feriale,1,,15,07:20
5,Feriale,2,S,10,07:30
5,Feriale,2,S,11,07:35
5,Feriale,2,S,13,07:40
5,Feriale,2,S,14,07:45
5,Feriale,2,S,15,07:50
5,Feriale,3,S,2,07:20
5,Feriale,3,S,5,07:22
5,Feriale,3,S,6,07:24
5,Feriale,3,S,7,07:32
5,Feriale,3,S,9,07:35
5,Feriale,3,S,10,07:38
5,Feriale,3,S,15,08:05
5,Feriale,4,N,2,07:20
5,Feriale,4,N,5,07:22
5,Feriale,4,N,6,07:24
5,Feriale,4,N,7,07:32
5,Feriale,4,N,9,07:35
5,Feriale,4,N,10,07:38
5,Feriale,4,N,11,07:45
5,Feriale,4,N,12,07:46
5,Feriale,4,N,13,07:48
5,Feriale,4,N,14,07:50
5,Feriale,4,N,15,07:55
5,Feriale,5,S,2,07:40
5,Feriale,5,S,3,07:45
5,Feriale,5,S,4,07:55
5,Feriale,5,S,15,08:10
5,Feriale,6,S,2,08:15
5,Feriale,6,S,10,08:25
5,Feriale,6,S,11,08:30
5,Feriale,6,S,13,08:33
5,Feriale,6,S,14,08:35
5,Feriale,6,S,15,08:45
5,Feriale,7,S,2,09:00
5,Feriale,7,S,5,09:02
5,Feriale,7,S,6,09:04
5,Feriale,7,S,7,09:12
5,Feriale,7,S,9,09:15
5,Feriale,7,S,10,09:18
5,Feriale,7,S,11,09:25
5,Feriale,7,S,12,09:26
5,Feriale,7,S,13,09:28
5,Feriale,7,S,14,09:30
5,Feriale,7,S,15,09:35
5,Feriale,8,S,2,10:40
5,Feriale,8,S,5,10:42
5,Feriale,8,S,6,10:44
5,Feriale,8,S,7,10:52
5,Feriale,8,S,9,10:55
5,Feriale,8,S,10,10:58
5,Feriale,8,S,11,11:05
5,Feriale,8,S,12,11:06
5,Feriale,8,S,13,11:08
5,Feriale,8,S,14,11:10
5,Feriale,8,S,15,11:15
5,Feriale,9,S,2,12:20
5,Feriale,9,S,4,12:25
5,Feriale,9,S,7,12:28
5,Feriale,9,S,9,12:40
5,Feriale,9,S,10,12:43
5,Feriale,9,S,11,12:48
5,Feriale,9,S,12,12:51
5,Feriale,9,S,13,12:53
5,Feriale,9,S,14,12:55
5,Feriale,9,S,15,13:00
5,Feriale,10,N,2,12:20
5,Feriale,10,N,5,12:22
5,Feriale,10,N,6,12:24
5,Feriale,10,N,7,12:32
5,Feriale,10,N,9,12:35
5,Feriale,10,N,10,12:38
5,Feriale,10,N,11,12:45
5,Feriale,10,N,12,12:46
5,Feriale,10,N,13,12:48
5,Feriale,10,N,14,12:50
5,Feriale,10,N,15,12:55
5,Feriale,11,S,7,13:18
5,Feriale,11,S,9,13:20
5,Feriale,11,S,10,13:23
5,Feriale,11,S,11,13:30
5,Feriale,11,S,12,13:31
5,Feriale,11,S,13,13:33
5,Feriale,11,S,14,13:35
5,Feriale,11,S,15,13:40
5,Feriale,12,S,2,13:40
5,Feriale,12,S,4,13:45
5,Feriale,12,S,7,13:48
5,Feriale,12,S,9,14:00
5,Feriale,12,S,10,14:03
5,Feriale,12,S,11,14:10
5,Feriale,12,S,12,14:11
5,Feriale,12,S,13,14:13
5,Feriale,12,S,14,14:15
5,Feriale,12,S,15,14:20
5,Feriale,13,N,2,13:40
5,Feriale,13,N,5,13:42
5,Feriale,13,N,6,13:44
5,Feriale,13,N,7,13:52
5,Feriale,13,N,9,13:55
5,Feriale,13,N,10,13:58
5,Feriale,13,N,11,14:05
5,Feriale,13,N,12,14:06
5,Feriale,13,N,13,14:08
5,Feriale,13,N,14,14:10
5,Feriale,13,N,15,14:15
5,Feriale,14,S,2,14:20
5,Feriale,14,S,5,14:22
5,Feriale,14,S,6,14:24
5,Feriale,14,S,7,14:32
5,Feriale,14,S,9,14:35
5,Feriale,14,S,10,14:38
5,Feriale,14,S,11,14:45
5,Feriale,14,S,12,14:46
5,Feriale,14,S,13,14:48
5,Feriale,14,S,14,14:50
5,Feriale,14,S,15,14:55
5,Feriale,15,S,2,15:40
5,Feriale,15,S,5,15:42
5,Feriale,15,S,6,15:44
5,Feriale,15,S,7,15:52
5,Feriale,15,S,9,15:55
5,Feriale,15,S,10,15:58
5,Feriale,15,S,11,16:05
5,Feriale,15,S,12,16:06
5,Feriale,15,S,13,16:08
5,Feriale,15,S,14,16:10
5,Feriale,15,S,15,16:15
5,Feriale,16,S,2,17:00
5,Feriale,16,S,5,17:02
5,Feriale,16,S,6,17:04
5,Feriale,16,S,7,17:12
5,Feriale,16,S,9,17:15
5,Feriale,16,S,10,17:18
5,Feriale,16,S,11,17:25
5,Feriale,16,S,12,17:26
5,Feriale,16,S,13,17:28
5,Feriale,16,S,14,17:30
5,Feriale,16,S,15,17:35
5,Feriale,17,S,2,19:20
5,Feriale,17,S,5,19:22
5,Feriale,17,S,6,19:24
5,Feriale,17,S,7,19:32
5,Feriale,17,S,9,19:35
5,Feriale,17,S,10,19:38
5,Feriale,17,S,11,19:45
5,Feriale,17,S,12,19:46
5,Feriale,17,S,13,19:48
5,Feriale,17,S,14,19:50
5,Feriale,17,S,15,19:55
5,Feriale,18,S,2,20:40
5,Feriale,18,S,5,20:42
5,Feriale,18,S,6,20:44
5,Feriale,18,S,7,20:52
5,Feriale,18,S,9,20:55
5,Feriale,18,S,10,20:58
5,Feriale,18,S,11,21:05
5,Feriale,18,S,12,21:06
6S-6D,Feriale,1,,8,06:07
6S-6D,Feriale,1,,9,06:10
6S-6D,Feriale,1,,10,06:15
6S-6D,Feriale,1,,11,06:15
6S-6D,Feriale,1,,12,06:20
6S-6D,Feriale,1,,18,06:25
6S-6D,Feriale,1,,19,06:30
6S-6D,Feriale,2,,2,05:55
6S-6D,Feriale,2,,3,05:57
6S-6D,Feriale,2,,4,06:07
6S-6D,Feriale,2,,10,06:10
6S-6D,Feriale,2,,11,06:35
6S-6D,Feriale,2,,13,06:37
6S-6D,Feriale,2,,14,06:40
6S-6D,Feriale,2,,15,06:42
6S-6D,Feriale,2,,16,06:50
6S-6D,Feriale,2,,17,06:52
6S-6D,Feriale,2,,19,07:05
6S-6D,Feriale,3,,13,07:03
6S-6D,Feriale,3,,14,07:05
6S-6D,Feriale,3,,15,07:07
6S-6D,Feriale,3,,16,07:15
6S-6D,Feriale,3,,17,07:20
6S-6D,Feriale,3,,19,07:30
6S-6D,Feriale,4,S,2,06:45
6S-6D,Feriale,4,S,7,06:55
6S-6D,Feriale,4,S,8,07:00
6S-6D,Feriale,4,S,9,07:05
6S-6D,Feriale,4,S,10,07:10
6S-6D,Feriale,4,S,11,07:10
6S-6D,Feriale,4,S,12,07:15
6S-6D,Feriale,4,S,18,07:25
6S-6D,Feriale,4,S,19,07:30
6S-6D,Feriale,5,AS,6,07:15
6S-6D,Feriale,5,AS,7,07:17
6S-6D,Feriale,5,AS,8,07:25
6S-6D,Feriale,5,AS,9,07:27
6S-6D,Feriale,5,AS,10,07:30
6S-6D,Feriale,5,AS,11,07:15
6S-6D,Feriale,5,AS,13,07:16
6S-6D,Feriale,5,AS,14,07:17
6S-6D,Feriale,5,AS,15,07:19
6S-6D,Feriale,5,AS,16,07:22
6S-6D,Feriale,5,AS,17,07:27
6S-6D,Feriale,5,AS,19,07:40
6S-6D,Feriale,6,AS,2,07:00
6S-6D,Feriale,6,AS,3,07:02
6S-6D,Feriale,6,AS,4,07:12
6S-6D,Feriale,6,AS,10,07:15
6S-6D,Feriale,6,AS,11,07:20
6S-6D,Feriale,6,AS,13,07:22
6S-6D,Feriale,6,AS,14,07:23
6S-6D,Feriale,6,AS,15,07:24
6S-6D,Feriale,6,AS,16,07:27
6S-6D,Feriale,6,AS,17,07:32
6S-6D,Feriale,6,AS,19,07:45
6S-6D,Feriale,7,AS,2,06:15
6S-6D,Feriale,7,AS,7,06:25
6S-6D,Feriale,7,AS,9,06:35
6S-6D,Feriale,7,AS,10,06:40
6S-6D,Feriale,7,AS,11,07:15
6S-6D,Feriale,7,AS,12,07:20
6S-6D,Feriale,7,AS,18,07:45
6S-6D,Feriale,7,AS,19,07:50
6S-6D,Feriale,8,AS,16,07:28
6S-6D,Feriale,8,AS,17,07:30
6S-6D,Feriale,8,AS,19,08:20
6S-6D,Feriale,9,AS,11,07:30
6S-6D,Feriale,9,AS,12,07:35
6S-6D,Feriale,10,AS,2,07:43
6S-6D,Feriale,10,AS,3,07:45
6S-6D,Feriale,10,AS,4,07:50
6S-6D,Feriale,10,AS,10,08:00
6S-6D,Feriale,10,AS,11,08:00
6S-6D,Feriale,10,AS,13,08:02
6S-6D,Feriale,10,AS,14,08:03
6S-6D,Feriale,10,AS,15,08:07
6S-6D,Feriale,10,AS,16,08:14
6S-6D,Feriale,10,AS,19,08:30
6S-6D,Feriale,11,AS,2,07:55
6S-6D,Feriale,11,AS,5,08:02
6S-6D,Feriale,11,AS,6,08:10
6S-6D,Feriale,11,AS,7,08:17
6S-6D,Feriale,11,AS,8,08:21
6S-6D,Feriale,11,AS,9,08:22
6S-6D,Feriale,11,AS,10,08:25
6S-6D,Feriale,11,AS,11,08:25
6S-6D,Feriale,11,AS,12,08:30
6S-6D,Feriale,11,AS,18,08:40
6S-6D,Feriale,11,AS,19,08:45
6S-6D,Feriale,12,AS,2,07:30
6S-6D,Feriale,12,AS,5,07:37
6S-6D,Feriale,12,AS,6,07:40
6S-6D,Feriale,12,AS,7,07:43
6S-6D,Feriale,12,AS,8,07:47
6S-6D,Feriale,12,AS,9,07:55
6S-6D,Feriale,12,AS,10,08:00
6S-6D,Feriale,12,AS,11,08:30
6S-6D,Feriale,12,AS,13,08:32
6S-6D,Feriale,12,AS,14,08:33
6S-6D,Feriale,12,AS,15,08:34
6S-6D,Feriale,12,AS,16,08:40
6S-6D,Feriale,12,AS,19,09:00
6S-6D,Feriale,13,AS,2,08:20
6S-6D,Feriale,13,AS,5,08:27
6S-6D,Feriale,13,AS,6,08:35
6S-6D,Feriale,13,AS,7,08:42
6S-6D,Feriale,13,AS,8,08:46
6S-6D,Feriale,13,AS,9,08:47
6S-6D,Feriale,13,AS,10,08:50
6S-6D,Feriale,13,AS,11,08:50
6S-6D,Feriale,13,AS,12,08:55
6S-6D,Feriale,13,AS,18,09:05
6S-6D,Feriale,13,AS,19,09:10
6S-6D,Feriale,14,AS,2,09:25
6S-6D,Feriale,14,AS,5,09:32
6S-6D,Feriale,14,AS,6,09:40
6S-6D,Feriale,14,AS,7,09:47
6S-6D,Feriale,14,AS,8,09:51
6S-6D,Feriale,14,AS,9,09:52
6S-6D,Feriale,14,AS,10,09:55
6S-6D,Feriale,14,AS,11,09:55
6S-6D,Feriale,14,AS,12,10:00
6S-6D,Feriale,14,AS,18,10:10
6S-6D,Feriale,14,AS,19,10:15
6S-6D,Feriale,15,AS,2,10:30
6S-6D,Feriale,15,AS,3,10:32
6S-6D,Feriale,15,AS,4,10:42
6S-6D,Feriale,15,AS,10,10:50
6S-6D,Feriale,15,AS,11,10:50
6S-6D,Feriale,15,AS,13,10:52
6S-6D,Feriale,15,AS,14,10:53
6S-6D,Feriale,15,AS,15,10:55
6S-6D,Feriale,15,AS,16,11:02
6S-6D,Feriale,15,AS,17,11:07
6S-6D,Feriale,15,AS,19,11:20
6S-6D,Feriale,16,AS,2,11:35
6S-6D,Feriale,16,AS,5,11:42
6S-6D,Feriale,16,AS,6,11:50
6S-6D,Feriale,16,AS,7,11:57
6S-6D,Feriale,16,AS,8,12:01
6S-6D,Feriale,16,AS,9,12:02
6S-6D,Feriale,16,AS,10,12:05
6S-6D,Feriale,16,AS,11,12:05
6S-6D,Feriale,16,AS,12,12:10
6S-6D,Feriale,16,AS,18,12:20
6S-6D,Feriale,16,AS,19,12:25
6S-6D,Feriale,17,AS,2,12:45
6S-6D,Feriale,17,AS,3,12:47
6S-6D,Feriale,17,AS,4,12:57
6S-6D,Feriale,17,AS,10,13:05
6S-6D,Feriale,17,AS,11,13:05
6S-6D,Feriale,17,AS,13,13:07
6S-6D,Feriale,17,AS,14,13:08
6S-6D,Feriale,17,AS,15,13:10
6S-6D,Feriale,17,AS,16,13:17
6S-6D,Feriale,17,AS,17,13:22
6S-6D,Feriale,17,AS,19,13:35
6S-6D,Feriale,18,AS,13,13:33
6S-6D,Feriale,18,AS,14,13:37
6S-6D,Feriale,18,AS,15,13:40
6S-6D,Feriale,18,AS,16,13:47
6S-6D,Feriale,18,AS,19,13:55
6S-6D,Feriale,19,AS,11,13:30
6S-6D,Feriale,19,AS,13,13:33
6S-6D,Feriale,19,AS,14,13:37
6S-6D,Feriale,19,AS,15,13:40
6S-6D,Feriale,19,AS,16,13:47
6S-6D,Feriale,19,AS,19,14:00
6S-6D,Feriale,20,B,2,13:05
6S-6D,Feriale,20,B,3,13:07
6S-6D,Feriale,20,B,4,13:20
6S-6D,Feriale,20,B,10,13:30
6S-6D,Feriale,20,B,11,13:30
6S-6D,Feriale,20,B,13,13:33
6S-6D,Feriale,20,B,14,13:37
6S-6D,Feriale,20,B,15,13:40
6S-6D,Feriale,20,B,16,13:47
6S-6D,Feriale,21,B,2,13:40
6S-6D,Feriale,21,B,7,13:52
6S-6D,Feriale,21,B,8,14:01
6S-6D,Feriale,21,B,9,14:05
6S-6D,Feriale,21,B,10,14:10
6S-6D,Feriale,21,B,11,14:40
6S-6D,Feriale,21,B,13,14:42
6S-6D,Feriale,21,B,14,14:43
6S-6D,Feriale,21,B,15,14:45
6S-6D,Feriale,21,B,19,15:05
6S-6D,Feriale,22,B,2,13:40
6S-6D,Feriale,22,B,3,13:42
6S-6D,Feriale,22,B,4,13:52
6S-6D,Feriale,22,B,10,14:05
6S-6D,Feriale,22,B,11,14:05
6S-6D,Feriale,22,B,13,14:12
6S-6D,Feriale,22,B,14,14:13
6S-6D,Feriale,22,B,15,14:20
6S-6D,Feriale,22,B,16,14:27
6S-6D,Feriale,22,B,17,14:32
6S-6D,Feriale,22,B,19,14:45
6S-6D,Feriale,23,B,2,13:55
6S-6D,Feriale,23,B,5,14:02
6S-6D,Feriale,23,B,6,14:10
6S-6D,Feriale,23,B,7,14:17
6S-6D,Feriale,23,B,8,14:21
6S-6D,Feriale,23,B,9,14:22
6S-6D,Feriale,23,B,10,14:25
6S-6D,Feriale,23,B,11,14:25
6S-6D,Feriale,23,B,12,14:30
6S-6D,Feriale,23,B,18,14:30
6S-6D,Feriale,23,B,19,14:45
6S-6D,Feriale,24,B,2,14:50
6S-6D,Feriale,24,B,3,14:52
6S-6D,Feriale,24,B,4,15:02
6S-6D,Feriale,24,B,10,15:10
6S-6D,Feriale,24,B,11,15:10
6S-6D,Feriale,24,B,13,15:12
6S-6D,Feriale,24,B,14,15:13
6S-6D,Feriale,24,B,15,15:15
6S-6D,Feriale,24,B,16,15:22
6S-6D,Feriale,24,B,17,15:27
6S-6D,Feriale,24,B,19,15:40
6S-6D,Feriale,25,S,4,14:30
6S-6D,Feriale,25,S,10,14:40
6S-6D,Feriale,25,S,11,15:10
6S-6D,Feriale,25,S,12,15:15
6S-6D,Feriale,25,S,18,15:20
6S-6D,Feriale,25,S,19,15:25
6S-6D,Feriale,26,S,5,14:27
6S-6D,Feriale,26,S,6,14:35
6S-6D,Feriale,26,S,7,14:42
6S-6D,Feriale,26,S,8,14:46
6S-6D,Feriale,26,S,9,14:47
6S-6D,Feriale,26,S,10,14:50
6S-6D,Feriale,26,S,11,15:25
6S-6D,Feriale,26,S,13,15:27
6S-6D,Feriale,26,S,14,15:28
6S-6D,Feriale,26,S,15,15:30
6S-6D,Feriale,26,S,19,15:50
6S-6D,Feriale,27,S,2,15:55
6S-6D,Feriale,27,S,5,16:02
6S-6D,Feriale,27,S,6,16:10
6S-6D,Feriale,27,S,7,16:17
6S-6D,Feriale,27,S,8,16:21
6S-6D,Feriale,27,S,9,16:22
6S-6D,Feriale,27,S,10,16:25
6S-6D,Feriale,27,S,11,16:25
6S-6D,Feriale,27,S,12,16:30
6S-6D,Feriale,27,S,18,16:40
6S-6D,Feriale,27,S,19,16:45
6S-6D,Feriale,28,S,2,17:00
6S-6D,Feriale,28,S,3,17:02
6S-6D,Feriale,28,S,4,17:12
6S-6D,Feriale,28,S,10,17:20
6S-6D,Feriale,28,S,11,17:20
6S-6D,Feriale,28,S,13,17:22
6S-6D,Feriale,28,S,14,17:23
6S-6D,Feriale,28,S,15,17:25
6S-6D,Feriale,28,S,16,17:32
6S-6D,Feriale,28,S,17,17:37
6S-6D,Feriale,28,S,19,17:50
6S-6D,Feriale,29,S,2,18:10
6S-6D,Feriale,29,S,5,18:17
6S-6D,Feriale,29,S,6,18:25
6S-6D,Feriale,29,S,7,18:32
6S-6D,Feriale,29,S,8,18:36
6S-6D,Feriale,29,S,9,18:37
6S-6D,Feriale,29,S,10,18:40
6S-6D,Feriale,29,S,11,18:40
6S-6D,Feriale,29,S,12,18:45
6S-6D,Feriale,29,S,18,18:55
6S-6D,Feriale,29,S,19,19:00
6S-6D,Feriale,30,S,2,19:10
6S-6D,Feriale,30,S,3,19:12
6S-6D,Feriale,30,S,4,19:22
6S-6D,Feriale,30,S,10,19:30
6S-6D,Feriale,30,S,11,19:30
6S-6D,Feriale,30,S,13,19:32
6S-6D,Feriale,30,S,14,19:33
6S-6D,Feriale,30,S,15,19:35
6S-6D,Feriale,30,S,16,19:42
6S-6D,Feriale,30,S,17,19:47
6S-6D,Feriale,30,S,19,20:00
6S-6D,Feriale,31,S,2,20:10
6S-6D,Feriale,31,S,3,20:12
6S-6D,Feriale,31,S,4,20:22
6S-6D,Feriale,31,S,10,20:30
6S-6D,Feriale,31,S,11,20:30
6S-6D,Feriale,31,S,13,20:32
6S-6D,Feriale,31,S,14,20:33
6S-6D,Feriale,31,S,15,20:35
6S-6D,Feriale,31,S,16,20:42
6S-6D,Feriale,31,S,17,20:47
6S-6D,Feriale,31,S,19,20:50
6S-6D,Feriale,32,S,2,20:30
6S-6D,Feriale,32,S,5,20:37
6S-6D,Feriale,32,S,6,20:45
6S-6D,Feriale,32,S,7,20:52
6S-6D,Feriale,32,S,8,20:56
6S-6D,Feriale,32,S,9,20:57
6S-6D,Feriale,32,S,10,21:00
6S-6D,Feriale,32,S,11,21:00
6S-6D,Feriale,32,S,12,21:05
6S-6D,Feriale,32,S,18,21:15
6S-6D,Feriale,32,S,19,21:20
M6,Feriale,1,,2,05:55
M6,Feriale,1,,3,05:57
M6,Feriale,1,,5,06:10
M6,Feriale,1,,7,06:25
M6,Feriale,1,,12,06:25
M6,Feriale,1,,14,06:35
M6,Feriale,1,,17,07:05
M6,Feriale,2,,13,07:10
M6,Feriale,2,,14,07:20
M6,Feriale,2,,15,07:22
M6,Feriale,3,B,2,06:15
M6,Feriale,3,B,5,06:40
M6,Feriale,3,B,8,06:55
M6,Feriale,3,B,11,06:55
M6,Feriale,3,B,12,07:00
M6,Feriale,3,B,14,07:15
M6,Feriale,3,B,17,07:50
M6,Feriale,4,B,2,07:30
M6,Feriale,4,B,5,07:55
M6,Feriale,4,B,7,08:15
M6,Feriale,4,B,12,08:15
M6,Feriale,4,B,14,08:30
M6,Feriale,4,B,17,08:55
M6,Feriale,5,B,2,08:05
M6,Feriale,5,B,3,08:07
M6,Feriale,5,B,4,08:17
M6,Feriale,5,B,5,08:25
M6,Feriale,5,B,6,08:30
M6,Feriale,5,B,7,08:35
M6,Feriale,5,B,8,08:45
M6,Feriale,5,B,11,09:10
M6,Feriale,5,B,12,09:15
M6,Feriale,5,B,13,09:22
M6,Feriale,5,B,14,09:35
M6,Feriale,6,B,5,09:55
M6,Feriale,6,B,6,10:00
M6,Feriale,6,B,7,10:05
M6,Feriale,6,B,8,10:15
M6,Feriale,6,B,11,10:15
M6,Feriale,6,B,12,10:20
M6,Feriale,6,B,13,10:27
M6,Feriale,6,B,14,10:40
M6,Feriale,7,B,5,10:55
M6,Feriale,7,B,6,11:00
M6,Feriale,7,B,7,11:05
M6,Feriale,7,B,8,11:15
M6,Feriale,7,B,11,11:15
M6,Feriale,7,B,12,11:20
M6,Feriale,7,B,13,11:27
M6,Feriale,7,B,14,11:40
M6,Feriale,7,B,15,11:42
M6,Feriale,7,B,16,11:45
M6,Feriale,7,B,17,11:50
M6,Feriale,8,D,2,12:10
M6,Feriale,8,D,3,12:12
M6,Feriale,8,D,4,12:22
M6,Feriale,8,D,5,12:30
M6,Feriale,8,D,6,12:35
M6,Feriale,8,D,7,12:40
M6,Feriale,8,D,8,12:50
M6,Feriale,8,D,11,13:05
M6,Feriale,8,D,12,13:10
M6,Feriale,8,D,13,13:17
M6,Feriale,8,D,14,13:30
M6,Feriale,8,D,15,13:32
M6,Feriale,8,D,16,13:35
M6,Feriale,8,D,17,13:40
M6,Feriale,9,S,5,13:35
M6,Feriale,9,S,6,13:40
M6,Feriale,9,S,7,13:45
M6,Feriale,9,S,8,13:55
M6,Feriale,9,S,11,13:55
M6,Feriale,9,S,12,14:00
M6,Feriale,9,S,13,14:07
M6,Feriale,9,S,14,14:15
M6,Feriale,10,D,2,14:05
M6,Feriale,10,D,3,14:07
M6,Feriale,10,D,4,14:17
M6,Feriale,10,D,5,14:25
M6,Feriale,10,D,6,14:30
M6,Feriale,10,D,7,14:35
M6,Feriale,10,D,8,14:45
M6,Feriale,10,D,11,14:45
M6,Feriale,10,D,12,14:50
M6,Feriale,10,D,13,14:57
M6,Feriale,10,D,14,15:10
M6,Feriale,11,D,2,13:40
M6,Feriale,11,D,5,14:10
M6,Feriale,11,D,8,14:25
M6,Feriale,11,D,11,14:25
M6,Feriale,11,D,12,14:40
M6,Feriale,11,D,17,15:05
M6,Feriale,12,D,2,14:20
M6,Feriale,12,D,5,14:50
M6,Feriale,12,D,8,15:10
M6,Feriale,12,D,11,15:10
M6,Feriale,12,D,12,15:15
M6,Feriale,12,D,14,15:25
M6,Feriale,12,D,17,15:55
M6,Feriale,13,SF,5,14:40
M6,Feriale,13,SF,14,15:10
M6,Feriale,13,SF,16,15:20
M6,Feriale,13,SF,17,15:25
M6,Feriale,14,SF,5,15:20
M6,Feriale,14,SF,6,15:25
M6,Feriale,14,SF,7,15:30
M6,Feriale,14,SF,8,15:40
M6,Feriale,14,SF,11,15:55
M6,Feriale,14,SF,12,16:00
M6,Feriale,14,SF,13,16:07
M6,Feriale,14,SF,14,16:20
M6,Feriale,15,SF,4,16:25
M6,Feriale,15,SF,5,16:30
M6,Feriale,15,SF,6,16:35
M6,Feriale,15,SF,7,16:40
M6,Feriale,15,SF,8,16:50
M6,Feriale,15,SF,11,16:50
M6,Feriale,15,SF,12,16:55
M6,Feriale,15,SF,13,17:02
M6,Feriale,15,SF,14,17:15
M6,Feriale,16,SF,5,17:25
M6,Feriale,16,SF,6,17:30
M6,Feriale,16,SF,7,17:35
M6,Feriale,16,SF,8,17:45
M6,Feriale,16,SF,11,18:10
M6,Feriale,16,SF,12,18:15
M6,Feriale,16,SF,13,18:22
M6,Feriale,16,SF,14,18:35
M6,Feriale,17,SF,5,18:45
M6,Feriale,17,SF,6,18:50
M6,Feriale,17,SF,7,18:55
M6,Feriale,17,SF,8,19:05
M6,Feriale,17,SF,11,19:05
M6,Feriale,17,SF,12,19:10
M6,Feriale,17,SF,13,19:17
M6,Feriale,17,SF,14,19:30
M6,Feriale,18,SF,5,19:40
M6,Feriale,18,SF,6,19:45
M6,Feriale,18,SF,7,19:50
M6,Feriale,18,SF,8,20:00
M6,Feriale,18,SF,11,20:00
M6,Feriale,18,SF,12,20:05
M6,Feriale,18,SF,13,20:12
M6,Feriale,18,SF,14,20:25
M6,Feriale,19,SF,5,20:35
M6,Feriale,19,SF,6,20:40
M6,Feriale,19,SF,7,20:45
M6,Feriale,19,SF,8,20:55
M6,Feriale,19,SF,11,20:55
M6,Feriale,19,SF,12,21:00
M6,Feriale,19,SF,13,21:07
M6,Feriale,19,SF,14,21:15
M6,Feriale,20,SF,5,21:15
M6,Feriale,20,SF,6,21:20
M6,Feriale,20,SF,7,21:25
M6,Feriale,20,SF,8,21:35
M6B,Feriale,1,Paganica,2,09:35
M6B,Feriale,1,Paganica,3,11:40
M6B,Feriale,1,Paganica,4,16:30
M6B,Feriale,1,Paganica,5,18:20
M6B,Feriale,2,via Fioretta,2,09:38
M6B,Feriale,2,via Fioretta,3,11:43
M6B,Feriale,2,via Fioretta,4,16:33
M6B,Feriale,2,via Fioretta,5,18:23
M6B,Feriale,3,Paganica 2,2,09:40
M6B,Feriale,3,Paganica 2,3,11:45
M6B,Feriale,3,Paganica 2,4,16:35
M6B,Feriale,3,Paganica 2,5,18:25
M6B,Feriale,4,via Onna,2,09:42
M6B,Feriale,4,via Onna,3,11:47
M6B,Feriale,4,via Onna,4,16:37
M6B,Feriale,5,via dell'Industria,2,09:45
M6B,Feriale,5,via dell'Industria,3,11:50
M6B,Feriale,5,via dell'Industria,4,16:40
M6B,Feriale,6,c/o Innamorati,2,09:50
M6B,Feriale,6,c/o Innamorati,3,11:55
M6B,Feriale,6,c/o Innamorati,4,16:45
M6B,Feriale,7,c/o Innamorati,2,09:50
M6B,Feriale,7,c/o Innamorati,3,11:55
M6B,Feriale,7,c/o Innamorati,4,16:45
M6B,Feriale,8,via Fioretta,2,09:53
M6B,Feriale,8,via Fioretta,3,11:58
M6B,Feriale,8,via Fioretta,4,16:48
M6B,Feriale,9,Paganica 2,2,09:55
M6B,Feriale,9,Paganica 2,3,12:00
M6B,Feriale,9,Paganica 2,4,16:50
M6B,Feriale,9,Paganica 2,5,18:25
M6B,Feriale,10,via Onna,2,09:57
M6B,Feriale,10,via Onna,3,12:02
M6B,Feriale,10,via Onna,4,16:52
M6B,Feriale,10,via Onna,5,18:27
M6B,Feriale,11,via Sant'Emidio,2,10:00
M6B,Feriale,11,via Sant'Emidio,3,12:05
M6B,Feriale,11,via Sant'Emidio,4,16:55
M6B,Feriale,11,via Sant'Emidio,5,18:30
M6B,Feriale,12,Paganica,2,10:00
M6B,Feriale,12,Paganica,3,12:05
M6B,Feriale,12,Paganica,4,16:55
M6B,Feriale,12,Paganica,5,18:35
7,Feriale,1,PARTENZA TERMINAL,4,09:25
7,Feriale,1,PARTENZA TERMINAL,5,12:40
7,Feriale,1,PARTENZA TERMINAL,6,14:00
7,Feriale,1,PARTENZA TERMINAL,8,17:00
7,Feriale,1,PARTENZA TERMINAL,9,19:10
7,Feriale,2,ARRIVO PAGANICA,4,09:55
7,Feriale,2,ARRIVO PAGANICA,5,13:00
7,Feriale,2,ARRIVO PAGANICA,6,14:20
7,Feriale,2,ARRIVO PAGANICA,8,17:20
7,Feriale,2,ARRIVO PAGANICA,9,19:30
7,Feriale,3,TERMINALBUS COLLE SAPONE TEMPERA PAGANICA PIAZZA VIA ONNA PESCOMAGGIORE FILETTO PROGETTO CASE CAMARDA CAMARDA PROGETTO CASE CAMARDA FILETTO PESCOMAGGIORE VIA ONNA PAGANICA PIAZZA TEMPERA TERMINAL,1,06:20
7,Feriale,4,TERMINALBUS COLLE SAPONE TEMPERA PAGANICA PIAZZA VIA ONNA PESCOMAGGIORE FILETTO PROGETTO CASE CAMARDA CAMARDA PROGETTO CASE CAMARDA FILETTO PESCOMAGGIORE VIA ONNA PAGANICA PIAZZA TEMPERA TERMINAL,6,14:10
7,Feriale,5,TERMINALBUS COLLE SAPONE TEMPERA PAGANICA PIAZZA VIA ONNA PESCOMAGGIORE FILETTO PROGETTO CASE CAMARDA CAMARDA PROGETTO CASE CAMARDA FILETTO PESCOMAGGIORE VIA ONNA PAGANICA PIAZZA TEMPERA TERMINAL,1,06:25
7,Feriale,5,TERMINALBUS COLLE SAPONE TEMPERA PAGANICA PIAZZA VIA ONNA PESCOMAGGIORE FILETTO PROGETTO CASE CAMARDA CAMARDA PROGETTO CASE CAMARDA FILETTO PESCOMAGGIORE VIA ONNA PAGANICA PIAZZA TEMPERA TERMINAL,6,14:15
7,Feriale,6,TERMINALBUS COLLE SAPONE TEMPERA PAGANICA PIAZZA VIA ONNA PESCOMAGGIORE FILETTO PROGETTO CASE CAMARDA CAMARDA PROGETTO CASE CAMARDA FILETTO PESCOMAGGIORE VIA ONNA PAGANICA PIAZZA TEMPERA TERMINAL,2,07:00
7,Feriale,6,TERMINALBUS COLLE SAPONE TEMPERA PAGANICA PIAZZA VIA ONNA PESCOMAGGIORE FILETTO PROGETTO CASE CAMARDA CAMARDA PROGETTO CASE CAMARDA FILETTO PESCOMAGGIORE VIA ONNA PAGANICA PIAZZA TEMPERA TERMINAL,3,10:00
7,Feriale,6,TERMINALBUS COLLE SAPONE TEMPERA PAGANICA PIAZZA VIA ONNA PESCOMAGGIORE FILETTO PROGETTO CASE CAMARDA CAMARDA PROGETTO CASE CAMARDA FILETTO PESCOMAGGIORE VIA ONNA PAGANICA PIAZZA TEMPERA TERMINAL,4,13:00
7,Feriale,6,TERMINALBUS COLLE SAPONE TEMPERA PAGANICA PIAZZA VIA ONNA PESCOMAGGIORE FILETTO PROGETTO CASE CAMARDA CAMARDA PROGETTO CASE CAMARDA FILETTO PESCOMAGGIORE VIA ONNA PAGANICA PIAZZA TEMPERA TERMINAL,5,14:30
7,Feriale,6,TERMINALBUS COLLE SAPONE TEMPERA PAGANICA PIAZZA VIA ONNA PESCOMAGGIORE FILETTO PROGETTO CASE CAMARDA CAMARDA PROGETTO CASE CAMARDA FILETTO PESCOMAGGIORE VIA ONNA PAGANICA PIAZZA TEMPERA TERMINAL,6,14:25
7,Feriale,6,TERMINALBUS COLLE SAPONE TEMPERA PAGANICA PIAZZA VIA ONNA PESCOMAGGIORE FILETTO PROGETTO CASE CAMARDA CAMARDA PROGETTO CASE CAMARDA FILETTO PESCOMAGGIORE VIA ONNA PAGANICA PIAZZA TEMPERA TERMINAL,7,17:20
7,Feriale,6,TERMINALBUS COLLE SAPONE TEMPERA PAGANICA PIAZZA VIA ONNA PESCOMAGGIORE FILETTO PROGETTO CASE CAMARDA CAMARDA PROGETTO CASE CAMARDA FILETTO PESCOMAGGIORE VIA ONNA PAGANICA PIAZZA TEMPERA TERMINAL,8,19:30
7,Feriale,7,TERMINALBUS COLLE SAPONE TEMPERA PAGANICA PIAZZA VIA ONNA PESCOMAGGIORE FILETTO PROGETTO CASE CAMARDA CAMARDA PROGETTO CASE CAMARDA FILETTO PESCOMAGGIORE VIA ONNA PAGANICA PIAZZA TEMPERA TERMINAL,2,07:03
7,Feriale,7,TERMINALBUS COLLE SAPONE TEMPERA PAGANICA PIAZZA VIA ONNA PESCOMAGGIORE FILETTO PROGETTO CASE CAMARDA CAMARDA PROGETTO CASE CAMARDA FILETTO PESCOMAGGIORE VIA ONNA PAGANICA PIAZZA TEMPERA TERMINAL,3,10:03
7,Feriale,7,TERMINALBUS COLLE SAPONE TEMPERA PAGANICA PIAZZA VIA ONNA PESCOMAGGIORE FILETTO PROGETTO CASE CAMARDA CAMARDA PROGETTO CASE CAMARDA FILETTO PESCOMAGGIORE VIA ONNA PAGANICA PIAZZA TEMPERA TERMINAL,7,17:23
7,Feriale,8,TERMINALBUS COLLE SAPONE TEMPERA PAGANICA PIAZZA VIA ONNA PESCOMAGGIORE FILETTO PROGETTO CASE CAMARDA CAMARDA PROGETTO CASE CAMARDA FILETTO PESCOMAGGIORE VIA ONNA PAGANICA PIAZZA TEMPERA TERMINAL,2,07:10
7,Feriale,8,TERMINALBUS COLLE SAPONE TEMPERA PAGANICA PIAZZA VIA ONNA PESCOMAGGIORE FILETTO PROGETTO CASE CAMARDA CAMARDA PROGETTO CASE CAMARDA FILETTO PESCOMAGGIORE VIA ONNA PAGANICA PIAZZA TEMPERA TERMINAL,3,10:10
7,Feriale,8,TERMINALBUS COLLE SAPONE TEMPERA PAGANICA PIAZZA VIA ONNA PESCOMAGGIORE FILETTO PROGETTO CASE CAMARDA CAMARDA PROGETTO CASE CAMARDA FILETTO PESCOMAGGIORE VIA ONNA PAGANICA PIAZZA TEMPERA TERMINAL,7,17:30
7,Feriale,9,TERMINALBUS COLLE SAPONE TEMPERA PAGANICA PIAZZA VIA ONNA PESCOMAGGIORE FILETTO PROGETTO CASE CAMARDA CAMARDA PROGETTO CASE CAMARDA FILETTO PESCOMAGGIORE VIA ONNA PAGANICA PIAZZA TEMPERA TERMINAL,2,07:15
7,Feriale,9,TERMINALBUS COLLE SAPONE TEMPERA PAGANICA PIAZZA VIA ONNA PESCOMAGGIORE FILETTO PROGETTO CASE CAMARDA CAMARDA PROGETTO CASE CAMARDA FILETTO PESCOMAGGIORE VIA ONNA PAGANICA PIAZZA TEMPERA TERMINAL,3,10:15
7,Feriale,9,TERMINALBUS COLLE SAPONE TEMPERA PAGANICA PIAZZA VIA ONNA PESCOMAGGIORE FILETTO PROGETTO CASE CAMARDA CAMARDA PROGETTO CASE CAMARDA FILETTO PESCOMAGGIORE VIA ONNA PAGANICA PIAZZA TEMPERA TERMINAL,7,17:35
7,Feriale,10,TERMINALBUS COLLE SAPONE TEMPERA PAGANICA PIAZZA VIA ONNA PESCOMAGGIORE FILETTO PROGETTO CASE CAMARDA CAMARDA PROGETTO CASE CAMARDA FILETTO PESCOMAGGIORE VIA ONNA PAGANICA PIAZZA TEMPERA TERMINAL,2,07:20
7,Feriale,10,TERMINALBUS COLLE SAPONE TEMPERA PAGANICA PIAZZA VIA ONNA PESCOMAGGIORE FILETTO PROGETTO CASE CAMARDA CAMARDA PROGETTO CASE CAMARDA FILETTO PESCOMAGGIORE VIA ONNA PAGANICA PIAZZA TEMPERA TERMINAL,3,10:30
7,Feriale,10,TERMINALBUS COLLE SAPONE TEMPERA PAGANICA PIAZZA VIA ONNA PESCOMAGGIORE FILETTO PROGETTO CASE CAMARDA CAMARDA PROGETTO CASE CAMARDA FILETTO PESCOMAGGIORE VIA ONNA PAGANICA PIAZZA TEMPERA TERMINAL,7,17:50
7,Feriale,11,TERMINALBUS COLLE SAPONE TEMPERA PAGANICA PIAZZA VIA ONNA PESCOMAGGIORE FILETTO PROGETTO CASE CAMARDA CAMARDA PROGETTO CASE CAMARDA FILETTO PESCOMAGGIORE VIA ONNA PAGANICA PIAZZA TEMPERA TERMINAL,1,06:40
7,Feriale,11,TERMINALBUS COLLE SAPONE TEMPERA PAGANICA PIAZZA VIA ONNA PESCOMAGGIORE FILETTO PROGETTO CASE CAMARDA CAMARDA PROGETTO CASE CAMARDA FILETTO PESCOMAGGIORE VIA ONNA PAGANICA PIAZZA TEMPERA TERMINAL,2,07:25
7,Feriale,11,TERMINALBUS COLLE SAPONE TEMPERA PAGANICA PIAZZA VIA ONNA PESCOMAGGIORE FILETTO PROGETTO CASE CAMARDA CAMARDA PROGETTO CASE CAMARDA FILETTO PESCOMAGGIORE VIA ONNA PAGANICA PIAZZA TEMPERA TERMINAL,3,10:35
7,Feriale,11,TERMINALBUS COLLE SAPONE TEMPERA PAGANICA PIAZZA VIA ONNA PESCOMAGGIORE FILETTO PROGETTO CASE CAMARDA CAMARDA PROGETTO CASE CAMARDA FILETTO PESCOMAGGIORE VIA ONNA PAGANICA PIAZZA TEMPERA TERMINAL,4,13:05
7,Feriale,11,TERMINALBUS COLLE SAPONE TEMPERA PAGANICA PIAZZA VIA ONNA PESCOMAGGIORE FILETTO PROGETTO CASE CAMARDA CAMARDA PROGETTO CASE CAMARDA FILETTO PESCOMAGGIORE VIA ONNA PAGANICA PIAZZA TEMPERA TERMINAL,5,14:35
7,Feriale,11,TERMINALBUS COLLE SAPONE TEMPERA PAGANICA PIAZZA VIA ONNA PESCOMAGGIORE FILETTO PROGETTO CASE CAMARDA CAMARDA PROGETTO CASE CAMARDA FILETTO PESCOMAGGIORE VIA ONNA PAGANICA PIAZZA TEMPERA TERMINAL,6,14:35
7,Feriale,11,TERMINALBUS COLLE SAPONE TEMPERA PAGANICA PIAZZA VIA ONNA PESCOMAGGIORE FILETTO PROGETTO CASE CAMARDA CAMARDA PROGETTO CASE CAMARDA FILETTO PESCOMAGGIORE VIA ONNA PAGANICA PIAZZA TEMPERA TERMINAL,7,17:55
7,Feriale,11,TERMINALBUS COLLE SAPONE TEMPERA PAGANICA PIAZZA VIA ONNA PESCOMAGGIORE FILETTO PROGETTO CASE CAMARDA CAMARDA PROGETTO CASE CAMARDA FILETTO PESCOMAGGIORE VIA ONNA PAGANICA PIAZZA TEMPERA TERMINAL,8,19:35
7,Feriale,12,TERMINALBUS COLLE SAPONE TEMPERA PAGANICA PIAZZA VIA ONNA PESCOMAGGIORE FILETTO PROGETTO CASE CAMARDA CAMARDA PROGETTO CASE CAMARDA FILETTO PESCOMAGGIORE VIA ONNA PAGANICA PIAZZA TEMPERA TERMINAL,4,13:10
7,Feriale,12,TERMINALBUS COLLE SAPONE TEMPERA PAGANICA PIAZZA VIA ONNA PESCOMAGGIORE FILETTO PROGETTO CASE CAMARDA CAMARDA PROGETTO CASE CAMARDA FILETTO PESCOMAGGIORE VIA ONNA PAGANICA PIAZZA TEMPERA TERMINAL,5,14:40
7,Feriale,12,TERMINALBUS COLLE SAPONE TEMPERA PAGANICA PIAZZA VIA ONNA PESCOMAGGIORE FILETTO PROGETTO CASE CAMARDA CAMARDA PROGETTO CASE CAMARDA FILETTO PESCOMAGGIORE VIA ONNA PAGANICA PIAZZA TEMPERA TERMINAL,8,19:40
7,Feriale,13,TERMINALBUS COLLE SAPONE TEMPERA PAGANICA PIAZZA VIA ONNA PESCOMAGGIORE FILETTO PROGETTO CASE CAMARDA CAMARDA PROGETTO CASE CAMARDA FILETTO PESCOMAGGIORE VIA ONNA PAGANICA PIAZZA TEMPERA TERMINAL,1,06:50
7,Feriale,13,TERMINALBUS COLLE SAPONE TEMPERA PAGANICA PIAZZA VIA ONNA PESCOMAGGIORE FILETTO PROGETTO CASE CAMARDA CAMARDA PROGETTO CASE CAMARDA FILETTO PESCOMAGGIORE VIA ONNA PAGANICA PIAZZA TEMPERA TERMINAL,4,13:15
7,Feriale,13,TERMINALBUS COLLE SAPONE TEMPERA PAGANICA PIAZZA VIA ONNA PESCOMAGGIORE FILETTO PROGETTO CASE CAMARDA CAMARDA PROGETTO CASE CAMARDA FILETTO PESCOMAGGIORE VIA ONNA PAGANICA PIAZZA TEMPERA TERMINAL,5,14:45
7,Feriale,13,TERMINALBUS COLLE SAPONE TEMPERA PAGANICA PIAZZA VIA ONNA PESCOMAGGIORE FILETTO PROGETTO CASE CAMARDA CAMARDA PROGETTO CASE CAMARDA FILETTO PESCOMAGGIORE VIA ONNA PAGANICA PIAZZA TEMPERA TERMINAL,6,14:45
7,Feriale,13,TERMINALBUS COLLE SAPONE TEMPERA PAGANICA PIAZZA VIA ONNA PESCOMAGGIORE FILETTO PROGETTO CASE CAMARDA CAMARDA PROGETTO CASE CAMARDA FILETTO PESCOMAGGIORE VIA ONNA PAGANICA PIAZZA TEMPERA TERMINAL,8,19:45
7,Feriale,14,TERMINALBUS COLLE SAPONE TEMPERA PAGANICA PIAZZA VIA ONNA PESCOMAGGIORE FILETTO PROGETTO CASE CAMARDA CAMARDA PROGETTO CASE CAMARDA FILETTO PESCOMAGGIORE VIA ONNA PAGANICA PIAZZA TEMPERA TERMINAL,1,06:55
7,Feriale,14,TERMINALBUS COLLE SAPONE TEMPERA PAGANICA PIAZZA VIA ONNA PESCOMAGGIORE FILETTO PROGETTO CASE CAMARDA CAMARDA PROGETTO CASE CAMARDA FILETTO PESCOMAGGIORE VIA ONNA PAGANICA PIAZZA TEMPERA TERMINAL,4,13:20
7,Feriale,14,TERMINALBUS COLLE SAPONE TEMPERA PAGANICA PIAZZA VIA ONNA PESCOMAGGIORE FILETTO PROGETTO CASE CAMARDA CAMARDA PROGETTO CASE CAMARDA FILETTO PESCOMAGGIORE VIA ONNA PAGANICA PIAZZA TEMPERA TERMINAL,5,14:50
7,Feriale,14,TERMINALBUS COLLE SAPONE TEMPERA PAGANICA PIAZZA VIA ONNA PESCOMAGGIORE FILETTO PROGETTO CASE CAMARDA CAMARDA PROGETTO CASE CAMARDA FILETTO PESCOMAGGIORE VIA ONNA PAGANICA PIAZZA TEMPERA TERMINAL,6,14:55
7,Feriale,14,TERMINALBUS COLLE SAPONE TEMPERA PAGANICA PIAZZA VIA ONNA PESCOMAGGIORE FILETTO PROGETTO CASE CAMARDA CAMARDA PROGETTO CASE CAMARDA FILETTO PESCOMAGGIORE VIA ONNA PAGANICA PIAZZA TEMPERA TERMINAL,8,19:50
7,Feriale,15,TERMINALBUS COLLE SAPONE TEMPERA PAGANICA PIAZZA VIA ONNA PESCOMAGGIORE FILETTO PROGETTO CASE CAMARDA CAMARDA PROGETTO CASE CAMARDA FILETTO PESCOMAGGIORE VIA ONNA PAGANICA PIAZZA TEMPERA TERMINAL,1,07:00
7,Feriale,15,TERMINALBUS COLLE SAPONE TEMPERA PAGANICA PIAZZA VIA ONNA PESCOMAGGIORE FILETTO PROGETTO CASE CAMARDA CAMARDA PROGETTO CASE CAMARDA FILETTO PESCOMAGGIORE VIA ONNA PAGANICA PIAZZA TEMPERA TERMINAL,4,13:25
7,Feriale,15,TERMINALBUS COLLE SAPONE TEMPERA PAGANICA PIAZZA VIA ONNA PESCOMAGGIORE FILETTO PROGETTO CASE CAMARDA CAMARDA PROGETTO CASE CAMARDA FILETTO PESCOMAGGIORE VIA ONNA PAGANICA PIAZZA TEMPERA TERMINAL,5,14:55
7,Feriale,15,TERMINALBUS COLLE SAPONE TEMPERA PAGANICA PIAZZA VIA ONNA PESCOMAGGIORE FILETTO PROGETTO CASE CAMARDA CAMARDA PROGETTO CASE CAMARDA FILETTO PESCOMAGGIORE VIA ONNA PAGANICA PIAZZA TEMPERA TERMINAL,6,15:05
7,Feriale,15,TERMINALBUS COLLE SAPONE TEMPERA PAGANICA PIAZZA VIA ONNA PESCOMAGGIORE FILETTO PROGETTO CASE CAMARDA CAMARDA PROGETTO CASE CAMARDA FILETTO PESCOMAGGIORE VIA ONNA PAGANICA PIAZZA TEMPERA TERMINAL,8,20:00
7,Feriale,16,TERMINALBUS COLLE SAPONE TEMPERA PAGANICA PIAZZA VIA ONNA PESCOMAGGIORE FILETTO PROGETTO CASE CAMARDA CAMARDA PROGETTO CASE CAMARDA FILETTO PESCOMAGGIORE VIA ONNA PAGANICA PIAZZA TEMPERA TERMINAL,1,07:10
7,Feriale,16,TERMINALBUS COLLE SAPONE TEMPERA PAGANICA PIAZZA VIA ONNA PESCOMAGGIORE FILETTO PROGETTO CASE CAMARDA CAMARDA PROGETTO CASE CAMARDA FILETTO PESCOMAGGIORE VIA ONNA PAGANICA PIAZZA TEMPERA TERMINAL,2,07:50
7,Feriale,16,TERMINALBUS COLLE SAPONE TEMPERA PAGANICA PIAZZA VIA ONNA PESCOMAGGIORE FILETTO PROGETTO CASE CAMARDA CAMARDA PROGETTO CASE CAMARDA FILETTO PESCOMAGGIORE VIA ONNA PAGANICA PIAZZA TEMPERA TERMINAL,3,10:45
7,Feriale,16,TERMINALBUS COLLE SAPONE TEMPERA PAGANICA PIAZZA VIA ONNA PESCOMAGGIORE FILETTO PROGETTO CASE CAMARDA CAMARDA PROGETTO CASE CAMARDA FILETTO PESCOMAGGIORE VIA ONNA PAGANICA PIAZZA TEMPERA TERMINAL,4,13:35
7,Feriale,16,TERMINALBUS COLLE SAPONE TEMPERA PAGANICA PIAZZA VIA ONNA PESCOMAGGIORE FILETTO PROGETTO CASE CAMARDA CAMARDA PROGETTO CASE CAMARDA FILETTO PESCOMAGGIORE VIA ONNA PAGANICA PIAZZA TEMPERA TERMINAL,5,15:05
7,Feriale,16,TERMINALBUS COLLE SAPONE TEMPERA PAGANICA PIAZZA VIA ONNA PESCOMAGGIORE FILETTO PROGETTO CASE CAMARDA CAMARDA PROGETTO CASE CAMARDA FILETTO PESCOMAGGIORE VIA ONNA PAGANICA PIAZZA TEMPERA TERMINAL,6,15:10
7,Feriale,16,TERMINALBUS COLLE SAPONE TEMPERA PAGANICA PIAZZA VIA ONNA PESCOMAGGIORE FILETTO PROGETTO CASE CAMARDA CAMARDA PROGETTO CASE CAMARDA FILETTO PESCOMAGGIORE VIA ONNA PAGANICA PIAZZA TEMPERA TERMINAL,7,18:05
7,Feriale,16,TERMINALBUS COLLE SAPONE TEMPERA PAGANICA PIAZZA VIA ONNA PESCOMAGGIORE FILETTO PROGETTO CASE CAMARDA CAMARDA PROGETTO CASE CAMARDA FILETTO PESCOMAGGIORE VIA ONNA PAGANICA PIAZZA TEMPERA TERMINAL,8,20:05
7,Feriale,17,TERMINALBUS COLLE SAPONE TEMPERA PAGANICA PIAZZA VIA ONNA PESCOMAGGIORE FILETTO PROGETTO CASE CAMARDA CAMARDA PROGETTO CASE CAMARDA FILETTO PESCOMAGGIORE VIA ONNA PAGANICA PIAZZA TEMPERA TERMINAL,1,07:15
7,Feriale,17,TERMINALBUS COLLE SAPONE TEMPERA PAGANICA PIAZZA VIA ONNA PESCOMAGGIORE FILETTO PROGETTO CASE CAMARDA CAMARDA PROGETTO CASE CAMARDA FILETTO PESCOMAGGIORE VIA ONNA PAGANICA PIAZZA TEMPERA TERMINAL,6,15:20
7,Feriale,18,TERMINALBUS COLLE SAPONE TEMPERA PAGANICA PIAZZA VIA ONNA PESCOMAGGIORE FILETTO PROGETTO CASE CAMARDA CAMARDA PROGETTO CASE CAMARDA FILETTO PESCOMAGGIORE VIA ONNA PAGANICA PIAZZA TEMPERA TERMINAL,1,07:30
7,Feriale,18,TERMINALBUS COLLE SAPONE TEMPERA PAGANICA PIAZZA VIA ONNA PESCOMAGGIORE FILETTO PROGETTO CASE CAMARDA CAMARDA PROGETTO CASE CAMARDA FILETTO PESCOMAGGIORE VIA ONNA PAGANICA PIAZZA TEMPERA TERMINAL,6,15:25
7,Feriale,19,PARTENZA PAGANICA,2,08:00
7,Feriale,19,PARTENZA PAGANICA,3,10:50
7,Feriale,19,PARTENZA PAGANICA,4,14:00
7,Feriale,19,PARTENZA PAGANICA,5,15:25
7,Feriale,19,PARTENZA PAGANICA,7,18:35
7,Feriale,20,ARRIVO TERMINAL,2,08:20
7,Feriale,20,ARRIVO TERMINAL,3,11:10
7,Feriale,20,ARRIVO TERMINAL,4,14:20
7,Feriale,20,ARRIVO TERMINAL,5,15:50
7,Feriale,20,ARRIVO TERMINAL,7,18:55
8,Feriale,1,A,2,07:15
8,Feriale,1,A,3,07:17
8,Feriale,1,A,4,07:19
8,Feriale,1,A,5,07:23
8,Feriale,1,A,6,07:27
8,Feriale,1,A,7,07:30
8,Feriale,1,A,8,07:35
8,Feriale,1,A,9,07:37
8,Feriale,1,A,10,07:40
8,Feriale,1,A,11,07:45
8,Feriale,1,A,12,07:50
8,Feriale,2,A,2,08:20
8,Feriale,2,A,3,08:22
8,Feriale,2,A,4,08:25
8,Feriale,2,A,5,08:30
8,Feriale,2,A,6,08:35
8,Feriale,2,A,7,08:40
8,Feriale,2,A,8,08:45
8,Feriale,2,A,9,08:47
8,Feriale,2,A,10,08:50
8,Feriale,2,A,11,08:55
8,Feriale,2,A,12,09:00
8,Feriale,3,A,2,10:00
8,Feriale,3,A,3,10:02
8,Feriale,3,A,4,10:05
8,Feriale,3,A,5,10:10
8,Feriale,3,A,6,10:15
8,Feriale,3,A,7,10:20
8,Feriale,3,A,8,10:25
8,Feriale,3,A,9,10:27
8,Feriale,3,A,10,10:30
8,Feriale,3,A,11,10:35
8,Feriale,3,A,12,10:40
8,Feriale,4,A,2,11:20
8,Feriale,4,A,3,11:22
8,Feriale,4,A,4,11:25
8,Feriale,4,A,5,11:30
8,Feriale,4,A,6,11:35
8,Feriale,4,A,7,11:40
8,Feriale,4,A,8,11:45
8,Feriale,4,A,9,11:47
8,Feriale,4,A,10,11:50
8,Feriale,4,A,11,11:55
8,Feriale,4,A,12,12:00
8,Feriale,5,N,2,13:20
8,Feriale,5,N,3,13:22
8,Feriale,5,N,4,13:25
8,Feriale,5,N,5,13:30
8,Feriale,5,N,6,13:35
8,Feriale,5,N,7,13:40
8,Feriale,5,N,8,13:45
8,Feriale,5,N,9,13:47
8,Feriale,5,N,10,13:50
8,Feriale,5,N,11,13:55
8,Feriale,5,N,12,14:00
8,Feriale,6,BS,2,13:40
8,Feriale,6,BS,3,13:42
8,Feriale,6,BS,5,13:50
8,Feriale,6,BS,6,13:55
8,Feriale,6,BS,7,14:00
8,Feriale,6,BS,8,14:05
8,Feriale,6,BS,9,14:07
8,Feriale,6,BS,12,14:20
8,Feriale,7,BS,2,14:20
8,Feriale,7,BS,3,14:22
8,Feriale,7,BS,5,14:30
8,Feriale,7,BS,6,14:35
8,Feriale,7,BS,7,14:40
8,Feriale,7,BS,8,14:45
8,Feriale,7,BS,9,14:47
8,Feriale,7,BS,10,14:50
8,Feriale,7,BS,11,14:55
8,Feriale,7,BS,12,15:00
8,Feriale,8,BS,2,16:30
8,Feriale,8,BS,3,16:32
8,Feriale,8,BS,4,16:35
8,Feriale,8,BS,5,16:40
8,Feriale,8,BS,6,16:45
8,Feriale,8,BS,7,16:50
8,Feriale,8,BS,8,16:55
8,Feriale,8,BS,9,16:57
8,Feriale,8,BS,10,17:00
8,Feriale,8,BS,11,17:05
8,Feriale,8,BS,12,17:10
8,Feriale,9,BS,2,17:40
8,Feriale,9,BS,3,17:42
8,Feriale,9,BS,4,17:45
8,Feriale,9,BS,5,17:50
8,Feriale,9,BS,6,17:55
8,Feriale,9,BS,7,18:00
8,Feriale,9,BS,8,18:05
8,Feriale,9,BS,9,18:07
8,Feriale,9,BS,10,18:10
8,Feriale,9,BS,11,18:15
8,Feriale,9,BS,12,18:20
8,Feriale,10,BS,2,20:00
8,Feriale,10,BS,3,20:02
8,Feriale,10,BS,4,20:05
8,Feriale,10,BS,5,20:10
8,Feriale,10,BS,6,20:15
8,Feriale,10,BS,7,20:20
8,Feriale,10,BS,8,20:25
8,Feriale,10,BS,9,20:27
8,Feriale,10,BS,10,20:30
8,Feriale,10,BS,11,20:35
8,Feriale,10,BS,12,20:40
9,Feriale,1,9,6,07:00
9,Feriale,1,9,7,07:05
9,Feriale,1,9,8,07:10
9,Feriale,1,9,9,07:20
9,Feriale,1,9,10,07:25
9,Feriale,2,9,2,06:55
9,Feriale,2,9,4,07:03
9,Feriale,2,9,5,07:15
9,Feriale,2,9,6,07:20
9,Feriale,2,9,7,07:25
9,Feriale,2,9,8,07:30
9,Feriale,2,9,9,07:40
9,Feriale,2,9,10,07:50
9,Feriale,3,M9,2,08:00
9,Feriale,3,M9,3,08:05
9,Feriale,3,M9,4,08:08
9,Feriale,3,M9,5,08:20
9,Feriale,3,M9,6,08:25
9,Feriale,3,M9,7,08:30
9,Feriale,3,M9,8,08:35
9,Feriale,3,M9,9,08:45
9,Feriale,3,M9,10,08:55
9,Feriale,4,M9,2,10:30
9,Feriale,4,M9,3,10:35
9,Feriale,4,M9,4,10:38
9,Feriale,4,M9,5,10:50
9,Feriale,4,M9,6,10:55
9,Feriale,4,M9,7,11:00
9,Feriale,4,M9,8,11:05
9,Feriale,4,M9,9,11:15
9,Feriale,4,M9,10,11:25
9,Feriale,5,M9,2,13:00
9,Feriale,5,M9,3,13:05
9,Feriale,5,M9,4,13:08
9,Feriale,5,M9,5,13:20
9,Feriale,5,M9,6,13:30
9,Feriale,5,M9,7,13:35
9,Feriale,5,M9,8,13:40
9,Feriale,5,M9,10,14:00
9,Feriale,6,9,2,13:45
9,Feriale,6,9,3,13:50
9,Feriale,6,9,4,13:53
9,Feriale,6,9,5,14:05
9,Feriale,6,9,6,14:10
9,Feriale,6,9,7,14:15
9,Feriale,6,9,8,14:20
9,Feriale,6,9,9,14:30
9,Feriale,6,9,10,14:40
9,Feriale,7,9,2,14:20
9,Feriale,7,9,3,14:25
9,Feriale,7,9,4,14:28
9,Feriale,7,9,5,14:40
9,Feriale,7,9,6,14:45
9,Feriale,7,9,7,14:50
9,Feriale,7,9,8,14:55
9,Feriale,7,9,9,15:05
9,Feriale,7,9,10,15:15
9,Feriale,8,9,2,15:20
9,Feriale,8,9,3,15:25
9,Feriale,8,9,4,15:28
9,Feriale,8,9,5,15:40
9,Feriale,8,9,6,15:45
9,Feriale,8,9,7,15:50
9,Feriale,8,9,8,15:55
9,Feriale,8,9,9,16:05
9,Feriale,8,9,10,16:15
9,Feriale,9,M9,2,17:40
9,Feriale,9,M9,3,17:45
9,Feriale,9,M9,4,17:48
9,Feriale,9,M9,5,18:00
9,Feriale,9,M9,6,18:05
9,Feriale,9,M9,7,18:10
9,Feriale,9,M9,8,18:15
9,Feriale,9,M9,9,18:25
9,Feriale,9,M9,10,18:35
9,Feriale,10,M9,2,19:35
9,Feriale,10,M9,3,19:40
9,Feriale,10,M9,4,19:43
9,Feriale,10,M9,5,19:55
9,Feriale,10,M9,6,20:00
9,Feriale,10,M9,7,20:05
9,Feriale,10,M9,8,20:10
9,Feriale,10,M9,9,20:20
9,Feriale,10,M9,10,20:30
10,Feriale,1,M10A,10,07:25
10,Feriale,1,M10A,11,07:40
10,Feriale,2,10,2,06:55
10,Feriale,2,10,3,07:00
10,Feriale,2,10,4,07:03
10,Feriale,2,10,6,07:10
10,Feriale,2,10,7,07:15
10,Feriale,2,10,8,07:20
10,Feriale,2,10,11,08:10
10,Feriale,3,10,2,07:55
10,Feriale,3,10,3,08:03
10,Feriale,3,10,4,08:05
10,Feriale,3,10,5,08:13
10,Feriale,3,10,6,08:15
10,Feriale,3,10,7,08:20
10,Feriale,3,10,8,08:25
10,Feriale,3,10,9,08:30
10,Feriale,3,10,10,08:40
10,Feriale,3,10,11,08:55
10,Feriale,4,10,2,09:10
10,Feriale,4,10,3,09:18
10,Feriale,4,10,4,09:20
10,Feriale,4,10,5,09:28
10,Feriale,4,10,6,09:30
10,Feriale,4,10,7,09:35
10,Feriale,4,10,8,09:40
10,Feriale,4,10,9,09:45
10,Feriale,4,10,10,09:55
10,Feriale,4,10,11,10:10
10,Feriale,5,10,2,11:30
10,Feriale,5,10,3,11:38
10,Feriale,5,10,4,11:40
10,Feriale,5,10,5,11:48
10,Feriale,5,10,6,11:50
10,Feriale,5,10,7,11:55
10,Feriale,5,10,8,12:00
10,Feriale,5,10,9,12:05
10,Feriale,5,10,10,12:15
10,Feriale,5,10,11,12:30
10,Feriale,6,10,2,12:45
10,Feriale,6,10,3,12:53
10,Feriale,6,10,4,12:55
10,Feriale,6,10,5,13:03
10,Feriale,6,10,6,13:05
10,Feriale,6,10,7,13:10
10,Feriale,6,10,8,13:15
10,Feriale,6,10,9,13:20
10,Feriale,6,10,10,13:30
10,Feriale,6,10,11,13:45
10,Feriale,7,10,2,13:45
10,Feriale,7,10,3,13:53
10,Feriale,7,10,4,13:55
10,Feriale,7,10,5,14:03
10,Feriale,7,10,6,14:05
10,Feriale,7,10,7,14:10
10,Feriale,7,10,8,14:15
10,Feriale,7,10,9,14:20
10,Feriale,7,10,10,14:30
10,Feriale,7,10,11,14:45
10,Feriale,8,10,2,13:55
10,Feriale,8,10,3,14:03
10,Feriale,8,10,4,14:05
10,Feriale,8,10,6,14:15
10,Feriale,8,10,7,14:25
10,Feriale,8,10,8,14:30
10,Feriale,8,10,11,15:00
10,Feriale,9,10A,2,13:55
10,Feriale,9,10A,5,14:25
10,Feriale,9,10A,9,14:35
10,Feriale,9,10A,10,14:45
10,Feriale,9,10A,11,14:55
10,Feriale,10,10,2,14:25
10,Feriale,10,10,3,14:33
10,Feriale,10,10,4,14:35
10,Feriale,10,10,5,14:43
10,Feriale,10,10,6,14:45
10,Feriale,10,10,7,14:50
10,Feriale,10,10,8,14:55
10,Feriale,10,10,9,15:00
10,Feriale,10,10,10,15:10
10,Feriale,10,10,11,15:25
10,Feriale,11,M10,2,16:00
10,Feriale,11,M10,3,16:08
10,Feriale,11,M10,4,16:10
10,Feriale,11,M10,5,16:18
10,Feriale,11,M10,6,16:20
10,Feriale,11,M10,7,16:25
10,Feriale,11,M10,8,16:30
10,Feriale,11,M10,9,16:35
10,Feriale,11,M10,10,16:45
10,Feriale,11,M10,11,17:00
10,Feriale,12,M10,2,17:40
10,Feriale,12,M10,3,17:48
10,Feriale,12,M10,4,17:50
10,Feriale,12,M10,5,17:58
10,Feriale,12,M10,6,18:00
10,Feriale,12,M10,7,18:05
10,Feriale,12,M10,8,18:10
10,Feriale,12,M10,9,18:15
10,Feriale,12,M10,10,18:25
10,Feriale,12,M10,11,18:40
10,Feriale,13,M10,2,19:00
10,Feriale,13,M10,3,19:08
10,Feriale,13,M10,4,19:10
10,Feriale,13,M10,5,19:18
10,Feriale,13,M10,6,19:20
10,Feriale,13,M10,7,19:25
10,Feriale,13,M10,8,19:30
10,Feriale,13,M10,9,19:35
10,Feriale,13,M10,10,19:45
10,Feriale,13,M10,11,20:00
10,Feriale,14,M10,2,20:15
10,Feriale,14,M10,3,20:23
10,Feriale,14,M10,4,20:25
10,Feriale,14,M10,5,20:33
10,Feriale,14,M10,6,20:35
10,Feriale,14,M10,7,20:40
10,Feriale,14,M10,8,20:42
10,Feriale,14,M10,9,20:46
10,Feriale,14,M10,10,21:00
11A,Feriale,1,,1,07:40
11A,Feriale,1,,2,07:43
11A,Feriale,1,,3,07:50
11A,Feriale,1,,4,07:55
11A,Feriale,1,,5,08:00
11A,Feriale,1,,6,08:05
11A,Feriale,1,,7,08:10
11A,Feriale,1,,8,08:17
11A,Feriale,1,,9,08:20
11A,Feriale,2,,1,07:50
11A,Feriale,2,,2,07:53
11A,Feriale,2,,3,08:00
11A,Feriale,2,,4,08:05
11A,Feriale,2,,5,08:10
11A,Feriale,3,,1,08:00
11A,Feriale,3,,2,08:03
11A,Feriale,3,,3,08:10
11A,Feriale,3,,4,08:15
11A,Feriale,3,,5,08:20
11A,Feriale,4,,1,08:00
11A,Feriale,4,,2,08:03
11A,Feriale,4,,3,08:10
11A,Feriale,4,,4,08:15
11A,Feriale,4,,5,08:20
11A,Feriale,5,,1,08:05
11A,Feriale,5,,2,08:08
11A,Feriale,5,,3,08:15
11A,Feriale,5,,4,08:20
11A,Feriale,5,,5,08:25
11A,Feriale,6,,1,08:10
11A,Feriale,6,,2,08:13
11A,Feriale,6,,3,08:20
11A,Feriale,6,,4,08:25
11A,Feriale,6,,5,08:30
11A,Feriale,6,,6,08:35
11A,Feriale,6,,7,08:40
11A,Feriale,6,,8,08:47
11A,Feriale,6,,9,08:50
11A,Feriale,7,,1,08:15
11A,Feriale,7,,2,08:18
11A,Feriale,7,,3,08:25
11A,Feriale,7,,4,08:30
11A,Feriale,7,,5,08:35
11A,Feriale,7,,6,08:40
11A,Feriale,7,,7,08:45
11A,Feriale,7,,8,08:52
11A,Feriale,7,,9,08:55
11A,Feriale,8,,1,08:20
11A,Feriale,8,,2,08:23
11A,Feriale,8,,3,08:30
11A,Feriale,8,,4,08:35
11A,Feriale,8,,5,08:40
11A,Feriale,8,,6,08:45
11A,Feriale,8,,7,08:50
11A,Feriale,8,,8,08:57
11A,Feriale,8,,9,09:00
11A,Feriale,9,,1,08:30
11A,Feriale,9,,2,08:33
11A,Feriale,9,,3,08:40
11A,Feriale,9,,4,08:45
11A,Feriale,9,,5,08:50
11A,Feriale,9,,6,08:55
11A,Feriale,9,,7,09:00
11A,Feriale,9,,8,09:07
11A,Feriale,9,,9,09:10
11A,Feriale,10,,1,08:45
11A,Feriale,10,,2,08:48
11A,Feriale,10,,3,08:55
11A,Feriale,10,,4,09:00
11A,Feriale,10,,5,09:05
11A,Feriale,10,,6,09:10
11A,Feriale,10,,7,09:15
11A,Feriale,10,,8,09:22
11A,Feriale,10,,9,09:25
11A,Feriale,11,,1,08:50
11A,Feriale,11,,5,09:10
11A,Feriale,11,,6,09:15
11A,Feriale,11,,7,09:20
11A,Feriale,11,,8,09:27
11A,Feriale,11,,9,09:30
11A,Feriale,12,A,1,09:05
11A,Feriale,12,A,2,09:08
11A,Feriale,12,A,3,09:15
11A,Feriale,12,A,4,09:20
11A,Feriale,12,A,5,09:25
11A,Feriale,12,A,6,09:30
11A,Feriale,12,A,7,09:35
11A,Feriale,12,A,8,09:42
11A,Feriale,12,A,9,09:45
11A,Feriale,13,A,1,09:20
11A,Feriale,13,A,2,09:23
11A,Feriale,13,A,3,09:30
11A,Feriale,13,A,4,09:35
11A,Feriale,13,A,5,09:40
11A,Feriale,13,A,6,09:45
11A,Feriale,13,A,7,09:50
11A,Feriale,13,A,8,09:57
11A,Feriale,13,A,9,10:00
11A,Feriale,14,A,1,09:45
11A,Feriale,14,A,2,09:48
11A,Feriale,14,A,3,09:55
11A,Feriale,14,A,4,10:00
11A,Feriale,14,A,5,10:05
11A,Feriale,14,A,6,10:10
11A,Feriale,14,A,7,10:15
11A,Feriale,14,A,8,10:22
11A,Feriale,14,A,9,10:25
11A,Feriale,15,A,1,10:10
11A,Feriale,15,A,2,10:13
11A,Feriale,15,A,3,10:20
11A,Feriale,15,A,4,10:25
11A,Feriale,15,A,5,10:30
11A,Feriale,16,A,1,10:20
11A,Feriale,16,A,5,10:40
11A,Feriale,16,A,6,10:45
11A,Feriale,16,A,7,10:50
11A,Feriale,16,A,8,10:57
11A,Feriale,16,A,9,11:00
11A,Feriale,17,A,1,10:50
11A,Feriale,17,A,2,10:53
11A,Feriale,17,A,3,11:00
11A,Feriale,17,A,4,11:05
11A,Feriale,17,A,5,11:10
11A,Feriale,17,A,6,11:15
11A,Feriale,17,A,7,11:20
11A,Feriale,17,A,8,11:27
11A,Feriale,17,A,9,11:30
11A,Feriale,18,A,1,11:05
11A,Feriale,18,A,2,11:08
11A,Feriale,18,A,3,11:15
11A,Feriale,18,A,4,11:20
11A,Feriale,18,A,5,11:25
11A,Feriale,19,A,1,11:20
11A,Feriale,19,A,5,11:40
11A,Feriale,19,A,6,11:45
11A,Feriale,19,A,7,11:50
11A,Feriale,19,A,8,11:57
11A,Feriale,19,A,9,12:00
11A,Feriale,20,A,1,12:05
11A,Feriale,20,A,2,12:08
11A,Feriale,20,A,3,12:15
11A,Feriale,20,A,4,12:20
11A,Feriale,20,A,5,12:25
11A,Feriale,20,A,6,12:30
11A,Feriale,20,A,7,12:35
11A,Feriale,20,A,8,12:42
11A,Feriale,20,A,9,12:45
11A,Feriale,21,A,1,12:45
11A,Feriale,21,A,2,12:48
11A,Feriale,21,A,3,12:55
11A,Feriale,21,A,4,13:00
11A,Feriale,21,A,5,13:05
11A,Feriale,21,A,6,13:10
11A,Feriale,21,A,7,13:15
11A,Feriale,21,A,8,13:22
11A,Feriale,21,A,9,13:25
11A,Feriale,22,A,1,13:05
11A,Feriale,22,A,2,13:08
11A,Feriale,22,A,3,13:15
11A,Feriale,22,A,4,13:20
11A,Feriale,22,A,5,13:25
11A,Feriale,22,A,6,13:30
11A,Feriale,22,A,7,13:35
11A,Feriale,22,A,8,13:42
11A,Feriale,22,A,9,13:45
11A,Feriale,23,A,1,13:10
11A,Feriale,23,A,2,13:13
11A,Feriale,23,A,3,13:20
11A,Feriale,23,A,4,13:25
11A,Feriale,23,A,5,13:30
11A,Feriale,24,A,1,13:20
11A,Feriale,24,A,5,13:40
11A,Feriale,24,A,6,13:45
11A,Feriale,24,A,7,13:50
11A,Feriale,24,A,8,13:57
11A,Feriale,24,A,9,14:00
11A,Feriale,25,A,1,13:20
11A,Feriale,25,A,2,13:23
11A,Feriale,25,A,3,13:30
11A,Feriale,25,A,4,13:35
11A,Feriale,25,A,5,13:40
11A,Feriale,25,A,6,13:45
11A,Feriale,25,A,7,13:50
11A,Feriale,25,A,8,13:57
11A,Feriale,25,A,9,14:00
11A,Feriale,26,A,1,14:05
11A,Feriale,26,A,2,14:08
11A,Feriale,26,A,3,14:15
11A,Feriale,26,A,4,14:20
11A,Feriale,26,A,5,14:25
11A,Feriale,26,A,6,14:30
11A,Feriale,26,A,7,14:35
11A,Feriale,26,A,8,14:42
11A,Feriale,26,A,9,14:45
11A,Feriale,27,A,1,14:20
11A,Feriale,27,A,2,14:23
11A,Feriale,27,A,3,14:30
11A,Feriale,27,A,4,14:35
11A,Feriale,27,A,5,14:40
11A,Feriale,27,A,6,14:45
11A,Feriale,27,A,7,14:50
11A,Feriale,27,A,8,14:57
11A,Feriale,27,A,9,15:00
11A,Feriale,28,A,1,15:00
11A,Feriale,28,A,2,15:03
11A,Feriale,28,A,3,15:10
11A,Feriale,28,A,4,15:15
11A,Feriale,28,A,5,15:20
11A,Feriale,28,A,6,15:25
11A,Feriale,28,A,7,15:30
11A,Feriale,28,A,8,15:37
11A,Feriale,28,A,9,15:40
11A,Feriale,29,A,1,16:05
11A,Feriale,29,A,2,16:08
11A,Feriale,29,A,3,16:15
11A,Feriale,29,A,4,16:20
11A,Feriale,29,A,5,16:25
11A,Feriale,30,A,1,16:15
11A,Feriale,30,A,5,16:35
11A,Feriale,30,A,6,16:40
11A,Feriale,30,A,7,16:45
11A,Feriale,30,A,8,16:52
11A,Feriale,30,A,9,16:55
11A,Feriale,31,A,1,16:15
11A,Feriale,31,A,2,16:18
11A,Feriale,31,A,3,16:25
11A,Feriale,31,A,4,16:30
11A,Feriale,31,A,5,16:35
11A,Feriale,31,A,6,16:40
11A,Feriale,31,A,7,16:45
11A,Feriale,31,A,8,16:52
11A,Feriale,31,A,9,16:55
11A,Feriale,32,A,1,17:20
11A,Feriale,32,A,2,17:23
11A,Feriale,32,A,3,17:30
11A,Feriale,32,A,4,17:35
11A,Feriale,32,A,5,17:40
11A,Feriale,32,A,6,17:45
11A,Feriale,32,A,7,17:50
11A,Feriale,32,A,8,17:57
11A,Feriale,32,A,9,18:00
11A,Feriale,33,A,1,17:20
11A,Feriale,33,A,2,17:23
11A,Feriale,33,A,3,17:30
11A,Feriale,33,A,4,17:35
11A,Feriale,33,A,5,17:40
11A,Feriale,33,A,6,17:45
11A,Feriale,33,A,7,17:50
11A,Feriale,33,A,8,17:57
11A,Feriale,33,A,9,18:00
11A,Feriale,34,A,1,17:40
11A,Feriale,34,A,2,17:43
11A,Feriale,34,A,3,17:50
11A,Feriale,34,A,4,17:55
11A,Feriale,34,A,5,18:00
11A,Feriale,34,A,6,18:05
11A,Feriale,34,A,7,18:10
11A,Feriale,34,A,8,18:17
11A,Feriale,34,A,9,18:20
11A,Feriale,35,A,1,18:20
11A,Feriale,35,A,2,18:23
11A,Feriale,35,A,3,18:30
11A,Feriale,35,A,4,18:35
11A,Feriale,35,A,5,18:40
11A,Feriale,35,A,6,18:45
11A,Feriale,35,A,7,18:50
11A,Feriale,35,A,8,18:57
11A,Feriale,35,A,9,19:00
11A,Feriale,36,A,1,19:00
11A,Feriale,36,A,2,19:03
11A,Feriale,36,A,3,19:10
11A,Feriale,36,A,4,19:15
11A,Feriale,36,A,5,19:20
11A,Feriale,36,A,6,19:25
11A,Feriale,36,A,7,19:30
11A,Feriale,36,A,8,19:37
11A,Feriale,36,A,9,19:40
11A,Feriale,37,A,1,19:20
11A,Feriale,37,A,2,19:23
11A,Feriale,37,A,3,19:30
11A,Feriale,37,A,4,19:35
11A,Feriale,37,A,5,19:40
11A,Feriale,37,A,6,19:45
11A,Feriale,37,A,7,19:50
11A,Feriale,37,A,8,19:57
11A,Feriale,37,A,9,20:00
11,Feriale,1,SA,9,07:20
11,Feriale,1,SA,10,07:23
11,Feriale,1,SA,11,07:28
11,Feriale,1,SA,12,07:35
11,Feriale,2,N,9,07:20
11,Feriale,2,N,10,07:23
11,Feriale,2,N,11,07:28
11,Feriale,2,N,12,07:35
11,Feriale,3,N,2,07:45
11,Feriale,3,N,3,07:47
11,Feriale,3,N,4,07:50
11,Feriale,4,N,2,08:00
11,Feriale,4,N,3,08:03
11,Feriale,4,N,4,08:08
11,Feriale,4,N,5,08:18
11,Feriale,4,N,6,08:25
11,Feriale,4,N,7,08:30
11,Feriale,4,N,8,08:35
11,Feriale,4,N,9,08:38
11,Feriale,4,N,10,08:40
11,Feriale,4,N,11,08:43
11,Feriale,4,N,12,08:45
11,Feriale,4,N,13,08:50
11,Feriale,4,N,14,09:00
11,Feriale,5,N,2,10:35
11,Feriale,5,N,3,10:38
11,Feriale,5,N,4,10:43
11,Feriale,5,N,5,10:53
11,Feriale,5,N,6,11:00
11,Feriale,5,N,7,11:05
11,Feriale,5,N,8,11:10
11,Feriale,5,N,9,11:13
11,Feriale,5,N,10,11:15
11,Feriale,5,N,11,11:18
11,Feriale,5,N,12,11:20
11,Feriale,5,N,13,11:25
11,Feriale,5,N,14,11:35
11,Feriale,6,N,2,12:35
11,Feriale,6,N,3,12:38
11,Feriale,6,N,4,12:43
11,Feriale,6,N,7,13:05
11,Feriale,6,N,8,13:10
11,Feriale,6,N,9,13:13
11,Feriale,6,N,10,13:15
11,Feriale,6,N,11,13:18
11,Feriale,6,N,12,13:20
11,Feriale,6,N,13,13:25
11,Feriale,6,N,14,13:35
11,Feriale,7,C,2,13:20
11,Feriale,7,C,9,13:40
11,Feriale,7,C,10,13:45
11,Feriale,7,C,11,13:50
11,Feriale,8,SD,2,14:00
11,Feriale,8,SD,9,14:15
11,Feriale,8,SD,10,14:18
11,Feriale,8,SD,11,14:25
11,Feriale,8,SD,12,14:23
11,Feriale,8,SD,13,14:27
11,Feriale,8,SD,14,14:30
11,Feriale,9,SD,2,14:35
11,Feriale,9,SD,3,14:38
11,Feriale,9,SD,4,14:43
11,Feriale,9,SD,5,14:53
11,Feriale,9,SD,6,15:00
11,Feriale,9,SD,7,15:05
11,Feriale,9,SD,8,15:10
11,Feriale,9,SD,9,15:13
11,Feriale,9,SD,10,15:15
11,Feriale,9,SD,11,15:18
11,Feriale,9,SD,12,15:20
11,Feriale,9,SD,13,15:25
11,Feriale,9,SD,14,15:35
11,Feriale,10,S,2,14:20
11,Feriale,10,S,5,14:48
11,Feriale,10,S,6,14:55
11,Feriale,10,S,7,15:00
11,Feriale,11,S,2,16:35
11,Feriale,11,S,3,16:38
11,Feriale,11,S,4,16:43
11,Feriale,11,S,5,16:53
11,Feriale,11,S,6,17:00
11,Feriale,11,S,7,17:05
11,Feriale,11,S,8,17:10
11,Feriale,11,S,9,17:13
11,Feriale,11,S,10,17:15
11,Feriale,11,S,11,17:18
11,Feriale,11,S,12,17:20
11,Feriale,11,S,13,17:25
11,Feriale,11,S,14,17:35
11,Feriale,12,S,2,18:35
11,Feriale,12,S,3,18:38
11,Feriale,12,S,4,18:43
11,Feriale,12,S,5,18:53
11,Feriale,12,S,6,19:00
11,Feriale,12,S,7,19:05
11,Feriale,12,S,8,19:10
11,Feriale,12,S,9,19:13
11,Feriale,12,S,10,19:15
11,Feriale,12,S,11,19:18
11,Feriale,12,S,12,19:20
11,Feriale,12,S,13,19:25
11,Feriale,12,S,14,19:35
11,Feriale,13,S,2,20:40
11,Feriale,13,S,3,20:43
11,Feriale,13,S,4,20:48
11,Feriale,13,S,5,20:58
11,Feriale,13,S,6,21:05
11,Feriale,13,S,7,21:10
11,Feriale,13,S,9,21:10
11,Feriale,13,S,10,21:12
11,Feriale,13,S,11,21:15
11,Feriale,14,N,3,07:01
11,Feriale,14,N,4,07:03
11,Feriale,14,N,5,07:06
11,Feriale,14,N,6,07:12
11,Feriale,14,N,7,07:25
11,Feriale,14,N,14,07:45
11,Feriale,15,SE,3,06:56
11,Feriale,15,SE,4,07:03
11,Feriale,15,SE,5,07:07
11,Feriale,15,SE,6,07:10
11,Feriale,15,SE,7,07:20
11,Feriale,15,SE,14,07:40
11,Feriale,16,SE,12,07:50
11,Feriale,16,SE,13,07:55
11,Feriale,16,SE,14,08:00
11,Feriale,17,M,4,08:15
11,Feriale,17,M,5,08:20
11,Feriale,17,M,6,08:23
11,Feriale,17,M,7,08:25
11,Feriale,17,M,14,08:50
11,Feriale,18,SL,4,08:35
11,Feriale,18,SL,5,08:40
11,Feriale,18,SL,6,08:43
11,Feriale,18,SL,7,08:45
11,Feriale,18,SL,8,08:55
11,Feriale,19,SL,2,09:20
11,Feriale,19,SL,3,09:22
11,Feriale,19,SL,4,09:30
11,Feriale,19,SL,5,09:35
11,Feriale,19,SL,6,09:40
11,Feriale,19,SL,7,09:42
11,Feriale,19,SL,8,09:45
11,Feriale,19,SL,9,09:48
11,Feriale,19,SL,12,10:10
11,Feriale,19,SL,13,10:15
11,Feriale,19,SL,14,10:20
11,Feriale,20,SL,2,11:35
11,Feriale,20,SL,3,11:37
11,Feriale,20,SL,4,11:45
11,Feriale,20,SL,5,11:50
11,Feriale,20,SL,6,11:55
11,Feriale,20,SL,7,11:57
11,Feriale,20,SL,8,12:00
11,Feriale,20,SL,9,12:03
11,Feriale,20,SL,10,12:08
11,Feriale,20,SL,11,12:15
11,Feriale,20,SL,12,12:25
11,Feriale,20,SL,13,12:30
11,Feriale,20,SL,14,12:35
11,Feriale,21,SL,9,13:25
11,Feriale,21,SL,10,13:30
11,Feriale,22,SF,4,13:40
11,Feriale,22,SF,5,13:47
11,Feriale,22,SF,6,13:52
11,Feriale,22,SF,7,13:55
11,Feriale,23,SF,2,13:35
11,Feriale,23,SF,3,13:37
11,Feriale,23,SF,4,13:45
11,Feriale,23,SF,5,13:50
11,Feriale,23,SF,6,13:55
11,Feriale,23,SF,7,13:57
11,Feriale,23,SF,8,14:00
11,Feriale,23,SF,9,14:03
11,Feriale,23,SF,10,14:08
11,Feriale,23,SF,11,14:15
11,Feriale,23,SF,12,14:25
11,Feriale,23,SF,13,14:30
11,Feriale,23,SF,14,14:35
11,Feriale,24,S,9,15:00
11,Feriale,24,S,10,15:03
11,Feriale,25,S,2,15:35
11,Feriale,25,S,3,15:37
11,Feriale,25,S,4,15:45
11,Feriale,25,S,5,15:50
11,Feriale,25,S,6,15:55
11,Feriale,25,S,7,15:57
11,Feriale,25,S,8,16:00
11,Feriale,25,S,9,16:03
11,Feriale,25,S,14,16:35
11,Feriale,26,S,2,17:35
11,Feriale,26,S,3,17:37
11,Feriale,26,S,4,17:45
11,Feriale,26,S,5,17:50
11,Feriale,26,S,6,17:55
11,Feriale,26,S,7,17:57
11,Feriale,26,S,8,18:00
11,Feriale,26,S,9,18:03
11,Feriale,26,S,10,18:08
11,Feriale,26,S,11,18:15
11,Feriale,26,S,14,18:35
11,Feriale,27,S,2,19:35
11,Feriale,27,S,3,19:37
11,Feriale,27,S,4,19:45
11,Feriale,27,S,5,19:50
11,Feriale,27,S,6,19:55
11,Feriale,27,S,7,19:57
11,Feriale,27,S,8,20:00
11,Feriale,28,S,2,19:35
11,Feriale,28,S,8,20:05
11,Feriale,28,S,9,20:07
11,Feriale,28,S,10,20:08
11,Feriale,28,S,11,20:15
11,Feriale,28,S,14,20:35
12,Feriale,1,A,11,06:50
12,Feriale,1,A,14,06:55
12,Feriale,1,A,15,07:05
12,Feriale,1,A,16,07:15
12,Feriale,1,A,18,07:20
12,Feriale,1,A,19,07:25
12,Feriale,1,A,21,07:50
12,Feriale,2,S,16,07:33
12,Feriale,2,S,18,07:40
12,Feriale,2,S,19,07:45
12,Feriale,2,S,21,08:20
12,Feriale,3,S,4,07:05
12,Feriale,3,S,11,07:25
12,Feriale,3,S,13,07:25
12,Feriale,3,S,14,07:30
12,Feriale,3,S,15,07:40
12,Feriale,3,S,16,07:45
12,Feriale,3,S,18,07:52
12,Feriale,3,S,19,08:00
12,Feriale,3,S,20,08:05
12,Feriale,3,S,21,08:25
12,Feriale,4,S,16,07:40
12,Feriale,4,S,17,07:42
12,Feriale,4,S,18,07:45
12,Feriale,4,S,19,07:48
12,Feriale,4,S,21,08:15
12,Feriale,5,S,1,08:05
12,Feriale,5,S,3,08:20
12,Feriale,5,S,4,08:25
12,Feriale,5,S,5,08:28
12,Feriale,5,S,6,08:30
12,Feriale,5,S,7,08:35
12,Feriale,5,S,8,08:40
12,Feriale,5,S,9,08:45
12,Feriale,5,S,10,08:50
12,Feriale,5,S,11,09:00
12,Feriale,5,S,13,09:00
12,Feriale,5,S,14,09:05
12,Feriale,5,S,15,09:10
12,Feriale,5,S,16,09:12
12,Feriale,5,S,17,09:15
12,Feriale,5,S,18,09:20
12,Feriale,5,S,19,09:25
12,Feriale,5,S,20,09:30
12,Feriale,5,S,21,09:55
12,Feriale,6,S,1,10:50
12,Feriale,6,S,3,11:00
12,Feriale,6,S,4,11:08
12,Feriale,6,S,5,11:10
12,Feriale,6,S,6,11:17
12,Feriale,6,S,7,11:20
12,Feriale,6,S,8,11:25
12,Feriale,6,S,9,11:35
12,Feriale,6,S,10,11:45
12,Feriale,6,S,11,11:55
12,Feriale,6,S,12,12:05
12,Feriale,6,S,18,12:10
12,Feriale,6,S,19,12:20
12,Feriale,6,S,21,12:40
12,Feriale,7,H,1,12:30
12,Feriale,7,H,3,12:50
12,Feriale,7,H,4,12:58
12,Feriale,7,H,5,13:00
12,Feriale,7,H,6,12:57
12,Feriale,7,H,7,13:10
12,Feriale,7,H,8,13:15
12,Feriale,7,H,9,13:25
12,Feriale,7,H,10,13:30
12,Feriale,7,H,11,13:35
12,Feriale,7,H,12,13:45
12,Feriale,7,H,18,14:00
12,Feriale,7,H,19,14:05
12,Feriale,8,B,1,13:10
12,Feriale,8,B,2,13:20
12,Feriale,8,B,4,13:25
12,Feriale,8,B,5,13:30
12,Feriale,8,B,6,13:37
12,Feriale,8,B,7,13:40
12,Feriale,8,B,8,13:45
12,Feriale,8,B,9,13:55
12,Feriale,8,B,10,14:00
12,Feriale,8,B,11,14:10
12,Feriale,8,B,12,14:20
12,Feriale,8,B,18,14:25
12,Feriale,8,B,19,14:30
12,Feriale,9,SH,1,13:35
12,Feriale,9,SH,2,13:55
12,Feriale,9,SH,4,14:00
12,Feriale,9,SH,5,14:03
12,Feriale,9,SH,6,14:05
12,Feriale,9,SH,7,14:08
12,Feriale,9,SH,8,14:17
12,Feriale,9,SH,9,14:25
12,Feriale,9,SH,10,14:35
12,Feriale,9,SH,18,14:55
12,Feriale,9,SH,19,15:00
12,Feriale,9,SH,21,15:20
12,Feriale,10,C,1,13:50
12,Feriale,10,C,2,14:05
12,Feriale,10,C,4,14:15
12,Feriale,10,C,5,14:18
12,Feriale,10,C,6,14:25
12,Feriale,10,C,7,14:27
12,Feriale,10,C,8,14:32
12,Feriale,10,C,9,14:37
12,Feriale,10,C,10,14:47
12,Feriale,10,C,11,14:55
12,Feriale,10,C,13,14:55
12,Feriale,10,C,14,15:00
12,Feriale,10,C,15,15:10
12,Feriale,10,C,16,15:12
12,Feriale,10,C,17,15:15
12,Feriale,10,C,18,15:20
12,Feriale,10,C,19,15:25
12,Feriale,10,C,21,15:45
12,Feriale,11,C,1,16:30
12,Feriale,11,C,2,16:35
12,Feriale,11,C,4,16:37
12,Feriale,11,C,5,16:43
12,Feriale,11,C,6,16:50
12,Feriale,11,C,7,16:52
12,Feriale,11,C,8,16:57
12,Feriale,11,C,9,17:10
12,Feriale,11,C,10,17:20
12,Feriale,11,C,11,17:25
12,Feriale,11,C,13,17:25
12,Feriale,11,C,14,17:30
12,Feriale,11,C,15,17:33
12,Feriale,11,C,16,17:35
12,Feriale,11,C,17,17:38
12,Feriale,11,C,18,17:41
12,Feriale,11,C,19,17:46
12,Feriale,11,C,21,18:25
12,Feriale,12,C,1,18:00
12,Feriale,12,C,2,18:05
12,Feriale,12,C,4,18:07
12,Feriale,12,C,5,18:13
12,Feriale,12,C,6,18:20
12,Feriale,12,C,7,18:22
12,Feriale,12,C,8,18:27
12,Feriale,12,C,9,18:40
12,Feriale,12,C,10,18:50
12,Feriale,12,C,11,18:55
12,Feriale,12,C,12,19:05
12,Feriale,12,C,18,19:10
12,Feriale,12,C,19,19:15
12,Feriale,13,C,1,19:30
12,Feriale,13,C,3,19:40
12,Feriale,13,C,4,19:42
12,Feriale,13,C,5,19:47
12,Feriale,13,C,6,19:52
12,Feriale,13,C,7,19:55
12,Feriale,13,C,8,20:00
12,Feriale,13,C,9,20:05
12,Feriale,13,C,10,20:10
12,Feriale,13,C,11,20:15
12,Feriale,13,C,12,20:25
12,Feriale,13,C,18,20:30
12,Feriale,13,C,19,20:35
12,Feriale,14,C,21,21:10
12A,Feriale,1,12A,9,07:05
12A,Feriale,1,12A,10,07:15
12A,Feriale,1,12A,12,07:20
12A,Feriale,1,12A,14,07:30
12A,Feriale,1,12A,16,07:35
12A,Feriale,1,12A,17,08:10
12A,Feriale,2,12A,3,06:45
12A,Feriale,2,12A,4,06:50
12A,Feriale,2,12A,8,07:00
12A,Feriale,2,12A,10,07:12
12A,Feriale,2,12A,16,07:30
12A,Feriale,2,12A,17,08:15
12A,Feriale,3,M12A,2,07:35
12A,Feriale,3,M12A,3,07:45
12A,Feriale,3,M12A,4,07:50
12A,Feriale,3,M12A,8,08:15
12A,Feriale,3,M12A,9,08:20
12A,Feriale,3,M12A,10,08:33
12A,Feriale,3,M12A,11,08:35
12A,Feriale,3,M12A,12,08:40
12A,Feriale,3,M12A,13,08:42
12A,Feriale,3,M12A,14,08:50
12A,Feriale,3,M12A,15,08:55
12A,Feriale,3,M12A,17,09:20
12A,Feriale,4,M12A,2,07:35
12A,Feriale,4,M12A,3,07:45
12A,Feriale,4,M12A,4,07:50
12A,Feriale,4,M12A,5,08:00
12A,Feriale,4,M12A,6,08:05
12A,Feriale,4,M12A,8,08:15
12A,Feriale,4,M12A,9,08:20
12A,Feriale,4,M12A,10,08:33
12A,Feriale,4,M12A,11,08:35
12A,Feriale,4,M12A,12,08:40
12A,Feriale,4,M12A,13,08:42
12A,Feriale,4,M12A,14,08:50
12A,Feriale,4,M12A,15,08:55
12A,Feriale,4,M12A,17,09:20
12A,Feriale,5,M12A,2,09:30
12A,Feriale,5,M12A,3,09:35
12A,Feriale,5,M12A,4,09:40
12A,Feriale,5,M12A,5,09:50
12A,Feriale,5,M12A,8,10:00
12A,Feriale,5,M12A,9,10:10
12A,Feriale,5,M12A,10,10:20
12A,Feriale,5,M12A,11,10:25
12A,Feriale,5,M12A,12,10:30
12A,Feriale,5,M12A,13,10:30
12A,Feriale,5,M12A,14,10:40
12A,Feriale,5,M12A,15,10:45
12A,Feriale,5,M12A,17,11:10
12A,Feriale,6,M12A,2,11:30
12A,Feriale,6,M12A,4,11:45
12A,Feriale,6,M12A,5,11:55
12A,Feriale,6,M12A,6,12:00
12A,Feriale,6,M12A,7,12:05
12A,Feriale,6,M12A,8,12:10
12A,Feriale,6,M12A,9,12:20
12A,Feriale,6,M12A,10,12:30
12A,Feriale,6,M12A,11,12:35
12A,Feriale,6,M12A,12,12:40
12A,Feriale,6,M12A,13,12:40
12A,Feriale,6,M12A,14,12:50
12A,Feriale,7,12A,2,12:40
12A,Feriale,7,12A,3,12:45
12A,Feriale,7,12A,4,12:52
12A,Feriale,7,12A,6,12:55
12A,Feriale,7,12A,8,13:05
12A,Feriale,7,12A,9,13:20
12A,Feriale,7,12A,10,13:30
12A,Feriale,7,12A,12,13:35
12A,Feriale,7,12A,16,13:45
12A,Feriale,7,12A,17,14:05
12A,Feriale,8,M12A,2,13:25
12A,Feriale,8,M12A,3,13:30
12A,Feriale,8,M12A,4,13:35
12A,Feriale,8,M12A,5,13:40
12A,Feriale,8,M12A,6,13:45
12A,Feriale,8,M12A,8,14:07
12A,Feriale,8,M12A,9,14:15
12A,Feriale,9,M12A,9,14:25
12A,Feriale,9,M12A,10,14:35
12A,Feriale,9,M12A,11,14:40
12A,Feriale,9,M12A,12,14:45
12A,Feriale,9,M12A,13,14:45
12A,Feriale,9,M12A,14,14:55
12A,Feriale,9,M12A,16,15:00
12A,Feriale,9,M12A,17,15:10
12A,Feriale,10,12A,2,14:05
12A,Feriale,10,12A,3,14:20
12A,Feriale,10,12A,4,14:25
12A,Feriale,10,12A,6,14:30
12A,Feriale,10,12A,8,14:35
12A,Feriale,10,12A,9,14:50
12A,Feriale,10,12A,10,15:00
12A,Feriale,10,12A,12,15:10
12A,Feriale,10,12A,14,15:15
12A,Feriale,11,12A,2,14:10
12A,Feriale,11,12A,3,14:20
12A,Feriale,11,12A,4,14:22
12A,Feriale,11,12A,6,14:30
12A,Feriale,11,12A,8,14:35
12A,Feriale,11,12A,9,14:50
12A,Feriale,11,12A,10,15:00
12A,Feriale,11,12A,12,15:10
12A,Feriale,11,12A,14,15:15
12A,Feriale,12,M12A,2,15:50
12A,Feriale,12,M12A,4,16:05
12A,Feriale,12,M12A,5,16:15
12A,Feriale,12,M12A,6,16:20
12A,Feriale,12,M12A,7,16:25
12A,Feriale,12,M12A,8,16:30
12A,Feriale,12,M12A,9,16:40
12A,Feriale,12,M12A,10,16:50
12A,Feriale,12,M12A,11,16:55
12A,Feriale,12,M12A,12,17:00
12A,Feriale,12,M12A,13,17:00
12A,Feriale,12,M12A,14,17:10
12A,Feriale,12,M12A,16,17:15
12A,Feriale,12,M12A,17,17:30
12A,Feriale,13,M12A,2,17:50
12A,Feriale,13,M12A,3,17:55
12A,Feriale,13,M12A,4,18:00
12A,Feriale,13,M12A,5,18:10
12A,Feriale,13,M12A,6,18:15
12A,Feriale,13,M12A,7,18:20
12A,Feriale,13,M12A,8,18:25
12A,Feriale,13,M12A,9,18:35
12A,Feriale,13,M12A,10,18:45
12A,Feriale,13,M12A,11,18:50
12A,Feriale,13,M12A,12,18:55
12A,Feriale,13,M12A,13,18:55
12A,Feriale,13,M12A,14,19:00
12A,Feriale,13,M12A,16,19:05
12A,Feriale,13,M12A,17,19:15
12A,Feriale,14,M12A,2,20:15
12A,Feriale,14,M12A,3,20:19
12A,Feriale,14,M12A,4,20:23
12A,Feriale,14,M12A,5,20:25
12A,Feriale,14,M12A,6,20:27
12A,Feriale,14,M12A,7,20:30
12A,Feriale,14,M12A,8,20:40
12A,Feriale,14,M12A,9,20:50
M12X,Feriale,1,OSPEDALE,2,08:45
M12X,Feriale,1,OSPEDALE,3,11:10
M12X,Feriale,1,OSPEDALE,4,14:10
M12X,Feriale,1,OSPEDALE,5,16:10
M12X,Feriale,2,UNIVERSITA' COPPTIO,2,08:47
M12X,Feriale,2,UNIVERSITA' COPPTIO,3,11:12
M12X,Feriale,2,UNIVERSITA' COPPTIO,4,14:12
M12X,Feriale,2,UNIVERSITA' COPPTIO,5,16:12
M12X,Feriale,3,L'AQUILONE,2,08:50
M12X,Feriale,3,L'AQUILONE,3,11:15
M12X,Feriale,3,L'AQUILONE,4,14:15
M12X,Feriale,3,L'AQUILONE,5,16:15
M12X,Feriale,4,VIA SARAGAT,2,08:52
M12X,Feriale,4,VIA SARAGAT,3,11:17
M12X,Feriale,4,VIA SARAGAT,4,14:17
M12X,Feriale,4,VIA SARAGAT,5,16:17
M12X,Feriale,5,COLLEFRACIDO,2,09:05
M12X,Feriale,5,COLLEFRACIDO,3,11:30
M12X,Feriale,5,COLLEFRACIDO,4,14:30
M12X,Feriale,5,COLLEFRACIDO,5,16:30
M12X,Feriale,6,COLLEFRACIDO,2,09:05
M12X,Feriale,6,COLLEFRACIDO,3,11:30
M12X,Feriale,6,COLLEFRACIDO,4,14:30
M12X,Feriale,6,COLLEFRACIDO,5,16:30
M12X,Feriale,7,VIA SARAGAT,2,09:15
M12X,Feriale,7,VIA SARAGAT,3,11:40
M12X,Feriale,7,VIA SARAGAT,4,14:40
M12X,Feriale,7,VIA SARAGAT,5,16:40
M12X,Feriale,8,SS.17,2,09:17
M12X,Feriale,8,SS.17,3,11:42
M12X,Feriale,8,SS.17,4,14:42
M12X,Feriale,8,SS.17,5,16:42
M12X,Feriale,9,L'AQUILONE,2,09:19
M12X,Feriale,9,L'AQUILONE,3,11:44
M12X,Feriale,9,L'AQUILONE,4,14:44
M12X,Feriale,9,L'AQUILONE,5,16:44
M12X,Feriale,10,UNIVERSITA' COPPITO,2,09:23
M12X,Feriale,10,UNIVERSITA' COPPITO,3,11:48
M12X,Feriale,10,UNIVERSITA' COPPITO,4,14:48
M12X,Feriale,10,UNIVERSITA' COPPITO,5,16:48
M12X,Feriale,11,OSPEDALE,2,09:25
M12X,Feriale,11,OSPEDALE,3,11:50
M12X,Feriale,11,OSPEDALE,4,14:50
M12X,Feriale,11,OSPEDALE,5,16:50
13,Feriale,1,,3,06:10
13,Feriale,1,,4,06:12
13,Feriale,1,,7,06:15
13,Feriale,1,,8,06:18
13,Feriale,1,,11,06:25
13,Feriale,1,,12,06:30
13,Feriale,1,,15,06:30
13,Feriale,1,,16,06:35
13,Feriale,1,,17,06:38
13,Feriale,1,,18,06:45
13,Feriale,1,,19,06:48
13,Feriale,1,,20,06:50
13,Feriale,1,,25,07:30
13,Feriale,2,,3,07:50
13,Feriale,2,,4,07:52
13,Feriale,2,,7,08:00
13,Feriale,2,,8,08:03
13,Feriale,2,,9,08:08
13,Feriale,2,,10,08:15
13,Feriale,2,,11,08:22
13,Feriale,2,,12,08:25
13,Feriale,2,,15,08:25
13,Feriale,2,,16,08:28
13,Feriale,2,,17,08:30
13,Feriale,2,,18,08:35
13,Feriale,2,,19,08:40
13,Feriale,2,,20,08:42
13,Feriale,2,,21,08:55
13,Feriale,2,,22,08:57
13,Feriale,2,,23,08:58
13,Feriale,2,,24,09:00
13,Feriale,3,,3,08:50
13,Feriale,3,,4,08:52
13,Feriale,3,,5,08:53
13,Feriale,3,,7,09:00
13,Feriale,3,,8,09:03
13,Feriale,3,,9,09:08
13,Feriale,3,,10,09:15
13,Feriale,3,,11,09:22
13,Feriale,3,,12,09:25
13,Feriale,3,,15,09:25
13,Feriale,3,,16,09:28
13,Feriale,3,,17,09:30
13,Feriale,3,,18,09:35
13,Feriale,3,,19,09:40
13,Feriale,3,,20,09:42
13,Feriale,3,,21,09:55
13,Feriale,3,,23,09:58
13,Feriale,3,,24,10:00
13,Feriale,4,,3,10:10
13,Feriale,4,,4,10:12
13,Feriale,4,,5,10:13
13,Feriale,4,,7,10:20
13,Feriale,4,,8,10:23
13,Feriale,4,,9,10:28
13,Feriale,4,,10,10:35
13,Feriale,4,,11,10:42
13,Feriale,4,,12,10:45
13,Feriale,4,,15,10:45
13,Feriale,4,,16,10:48
13,Feriale,4,,17,10:50
13,Feriale,4,,18,10:55
13,Feriale,4,,19,11:00
13,Feriale,4,,20,11:02
13,Feriale,4,,21,11:15
13,Feriale,4,,23,11:18
13,Feriale,4,,24,11:20
13,Feriale,5,,3,12:00
13,Feriale,5,,4,12:02
13,Feriale,5,,5,12:03
13,Feriale,5,,6,12:05
13,Feriale,5,,7,12:15
13,Feriale,5,,8,12:18
13,Feriale,5,,9,12:23
13,Feriale,5,,10,12:00
13,Feriale,5,,11,12:37
13,Feriale,5,,12,12:45
13,Feriale,5,,15,12:45
13,Feriale,5,,16,12:48
13,Feriale,5,,17,12:50
13,Feriale,5,,18,12:55
13,Feriale,5,,19,13:00
13,Feriale,5,,20,13:02
13,Feriale,5,,21,13:15
13,Feriale,5,,23,13:18
13,Feriale,5,,24,13:20
13,Feriale,6,D,9,14:15
13,Feriale,6,D,10,14:25
13,Feriale,6,D,18,14:35
13,Feriale,6,D,19,14:40
13,Feriale,6,D,20,14:42
13,Feriale,6,D,21,14:55
13,Feriale,6,D,23,14:58
13,Feriale,6,D,24,15:00
13,Feriale,7,D,3,14:20
13,Feriale,7,D,4,14:22
13,Feriale,7,D,5,14:23
13,Feriale,7,D,6,14:25
13,Feriale,7,D,7,14:30
13,Feriale,7,D,8,14:33
13,Feriale,7,D,9,14:38
13,Feriale,7,D,10,14:45
13,Feriale,7,D,11,14:52
13,Feriale,7,D,12,14:55
13,Feriale,7,D,15,14:55
13,Feriale,7,D,16,14:58
13,Feriale,7,D,17,15:00
13,Feriale,7,D,18,15:05
13,Feriale,7,D,19,15:10
13,Feriale,7,D,20,15:12
13,Feriale,7,D,21,15:25
13,Feriale,7,D,22,15:27
13,Feriale,7,D,23,15:28
13,Feriale,7,D,24,15:30
13,Feriale,8,D,3,17:20
13,Feriale,8,D,4,17:22
13,Feriale,8,D,5,17:23
13,Feriale,8,D,6,17:25
13,Feriale,8,D,7,17:30
13,Feriale,8,D,8,17:33
13,Feriale,8,D,9,17:38
13,Feriale,8,D,10,17:45
13,Feriale,8,D,11,17:52
13,Feriale,8,D,12,17:55
13,Feriale,8,D,15,17:55
13,Feriale,8,D,16,17:58
13,Feriale,8,D,17,18:00
13,Feriale,8,D,18,18:05
13,Feriale,8,D,19,18:10
13,Feriale,8,D,20,18:12
13,Feriale,8,D,21,18:25
13,Feriale,8,D,23,18:28
13,Feriale,8,D,24,18:30
13,Feriale,9,D,3,18:20
13,Feriale,9,D,4,18:22
13,Feriale,9,D,5,18:23
13,Feriale,9,D,6,18:25
13,Feriale,9,D,7,18:30
13,Feriale,9,D,8,18:33
13,Feriale,9,D,9,18:38
13,Feriale,9,D,10,18:45
13,Feriale,9,D,11,18:52
13,Feriale,9,D,12,18:55
13,Feriale,9,D,15,18:55
13,Feriale,9,D,16,18:58
13,Feriale,9,D,17,19:00
13,Feriale,9,D,18,19:05
13,Feriale,9,D,19,19:10
13,Feriale,9,D,20,19:12
13,Feriale,9,D,21,19:25
13,Feriale,9,D,23,19:28
13,Feriale,9,D,24,19:30
13,Feriale,10,D,3,20:10
13,Feriale,10,D,4,20:12
13,Feriale,10,D,5,20:13
13,Feriale,10,D,7,20:20
13,Feriale,10,D,8,20:23
13,Feriale,10,D,9,20:28
13,Feriale,10,D,10,20:35
13,Feriale,10,D,11,20:42
13,Feriale,10,D,12,20:45
13,Feriale,10,D,15,20:45
13,Feriale,10,D,16,20:48
13,Feriale,10,D,17,20:50
13,Feriale,10,D,18,20:55
13,Feriale,10,D,19,21:00
13,Feriale,11,D,19,07:00
13,Feriale,11,D,23,07:10
13,Feriale,11,D,24,07:30
13,Feriale,11,D,25,07:40
13,Feriale,12,D,18,07:00
13,Feriale,12,D,19,07:05
13,Feriale,12,D,23,07:15
13,Feriale,12,D,24,07:30
13,Feriale,12,D,25,07:40
13,Feriale,13,S,2,07:05
13,Feriale,13,S,18,07:10
13,Feriale,13,S,23,07:25
13,Feriale,13,S,24,08:00
13,Feriale,13,S,25,08:10
13,Feriale,14,S,19,07:15
13,Feriale,14,S,25,08:30
13,Feriale,15,S,18,07:20
13,Feriale,15,S,19,07:25
13,Feriale,15,S,20,07:27
13,Feriale,15,S,25,08:15
13,Feriale,16,S,18,07:50
13,Feriale,16,S,19,07:55
13,Feriale,16,S,20,07:57
13,Feriale,16,S,25,08:40
13,Feriale,17,S,8,13:35
13,Feriale,17,S,9,13:40
13,Feriale,17,S,19,13:40
13,Feriale,17,S,20,13:42
13,Feriale,18,N,2,13:05
13,Feriale,18,N,4,13:15
13,Feriale,18,N,9,13:40
13,Feriale,18,N,10,13:45
13,Feriale,18,N,18,13:45
13,Feriale,18,N,20,13:52
13,Feriale,19,ES,2,13:05
13,Feriale,19,ES,10,14:03
13,Feriale,19,ES,11,14:08
13,Feriale,19,ES,12,14:10
13,Feriale,19,ES,15,14:10
13,Feriale,19,ES,16,14:16
13,Feriale,19,ES,17,14:20
13,Feriale,19,ES,20,14:40
13,Feriale,20,GS,10,14:30
13,Feriale,20,GS,18,14:30
13,Feriale,20,GS,20,14:37
13,Feriale,21,S,8,14:15
13,Feriale,21,S,9,14:20
13,Feriale,22,S,2,13:55
13,Feriale,22,S,8,14:35
13,Feriale,22,S,9,14:40
13,Feriale,22,S,10,14:45
13,Feriale,23,N,2,14:10
13,Feriale,23,N,10,14:55
13,Feriale,23,N,18,14:55
13,Feriale,23,N,19,15:00
13,Feriale,23,N,24,15:20
13,Feriale,23,N,25,15:30
14D,Feriale,1,,5,07:00
14D,Feriale,1,,6,07:01
14D,Feriale,1,,7,07:05
14D,Feriale,2,S,2,07:00
14D,Feriale,2,S,4,07:03
14D,Feriale,2,S,5,07:04
14D,Feriale,2,S,6,07:05
14D,Feriale,2,S,7,07:10
14D,Feriale,3,Z,2,07:10
14D,Feriale,3,Z,4,07:15
14D,Feriale,3,Z,5,07:17
14D,Feriale,3,Z,6,07:20
14D,Feriale,3,Z,7,07:25
14D,Feriale,4,J,2,07:15
14D,Feriale,4,J,4,07:20
14D,Feriale,4,J,5,07:22
14D,Feriale,4,J,6,07:25
14D,Feriale,4,J,7,07:30
14D,Feriale,5,SC,2,07:20
14D,Feriale,5,SC,3,07:25
14D,Feriale,5,SC,4,07:30
14D,Feriale,5,SC,5,07:35
14D,Feriale,5,SC,6,07:37
14D,Feriale,5,SC,7,07:45
14D,Feriale,5,SC,8,07:52
14D,Feriale,5,SC,9,08:10
14D,Feriale,6,NC,2,07:30
14D,Feriale,6,NC,4,07:33
14D,Feriale,6,NC,5,07:35
14D,Feriale,6,NC,6,07:40
14D,Feriale,6,NC,7,07:45
14D,Feriale,6,NC,8,08:02
14D,Feriale,6,NC,9,08:10
14D,Feriale,7,A,2,07:30
14D,Feriale,7,A,4,07:33
14D,Feriale,7,A,5,07:35
14D,Feriale,7,A,6,07:36
14D,Feriale,8,A,4,07:23
14D,Feriale,9,A,2,08:50
14D,Feriale,9,A,3,08:55
14D,Feriale,9,A,4,08:58
14D,Feriale,9,A,5,09:02
14D,Feriale,9,A,6,09:05
14D,Feriale,9,A,7,09:10
14D,Feriale,9,A,8,09:12
14D,Feriale,9,A,9,09:20
14D,Feriale,10,A,2,10:10
14D,Feriale,10,A,3,10:15
14D,Feriale,10,A,4,10:18
14D,Feriale,10,A,5,10:22
14D,Feriale,10,A,6,10:25
14D,Feriale,10,A,7,10:30
14D,Feriale,10,A,8,10:32
14D,Feriale,10,A,9,10:40
14D,Feriale,11,A,2,11:30
14D,Feriale,11,A,3,11:35
14D,Feriale,11,A,4,11:38
14D,Feriale,11,A,5,11:42
14D,Feriale,11,A,6,11:45
14D,Feriale,11,A,7,11:50
14D,Feriale,11,A,8,11:52
14D,Feriale,11,A,9,12:00
14D,Feriale,12,A,2,12:50
14D,Feriale,12,A,3,12:55
14D,Feriale,12,A,4,12:58
14D,Feriale,12,A,5,13:02
14D,Feriale,12,A,6,13:05
14D,Feriale,12,A,7,13:10
14D,Feriale,12,A,8,13:12
14D,Feriale,12,A,9,13:20
14D,Feriale,13,A,2,14:10
14D,Feriale,13,A,3,14:15
14D,Feriale,13,A,4,14:18
14D,Feriale,13,A,5,14:22
14D,Feriale,13,A,6,14:25
14D,Feriale,13,A,7,14:30
14D,Feriale,13,A,8,14:32
14D,Feriale,13,A,9,14:40
14D,Feriale,14,A,2,15:30
14D,Feriale,14,A,3,15:35
14D,Feriale,14,A,4,15:38
14D,Feriale,14,A,5,15:42
14D,Feriale,14,A,6,15:45
14D,Feriale,14,A,7,15:50
14D,Feriale,14,A,8,15:52
14D,Feriale,14,A,9,16:00
14D,Feriale,15,A,2,16:50
14D,Feriale,15,A,3,16:55
14D,Feriale,15,A,4,16:58
14D,Feriale,15,A,5,17:02
14D,Feriale,15,A,6,17:05
14D,Feriale,15,A,7,17:10
14D,Feriale,15,A,8,17:12
14D,Feriale,15,A,9,17:20
14D,Feriale,16,A,2,18:10
14D,Feriale,16,A,3,18:15
14D,Feriale,16,A,4,18:18
14D,Feriale,16,A,5,18:22
14D,Feriale,16,A,6,18:25
14D,Feriale,16,A,7,18:30
14D,Feriale,16,A,8,18:32
14D,Feriale,16,A,9,18:40
14D,Feriale,17,A,2,19:30
14D,Feriale,17,A,3,19:35
14D,Feriale,17,A,4,19:38
14D,Feriale,17,A,5,19:42
14D,Feriale,17,A,6,19:45
14D,Feriale,17,A,7,19:50
14D,Feriale,17,A,8,19:52
14D,Feriale,17,A,9,20:00
14D,Feriale,18,A,2,20:45
14D,Feriale,18,A,3,20:50
14D,Feriale,18,A,4,20:53
14D,Feriale,18,A,5,20:57
14D,Feriale,18,A,6,21:00
14D,Feriale,18,A,7,21:05
14D,Feriale,19,-,5,06:55
14D,Feriale,19,-,7,07:00
14D,Feriale,20,-,5,07:17
14D,Feriale,20,-,7,07:20
14D,Feriale,21,-,5,07:25
14D,Feriale,21,-,7,07:30
14D,Feriale,22,-,5,07:05
14D,Feriale,22,-,7,07:10
14D,Feriale,23,08:10,1,08:12
14D,Feriale,23,08:10,5,08:39
14D,Feriale,23,08:10,6,08:48
14D,Feriale,23,08:10,7,08:50
14D,Feriale,24,08:10,1,08:05
14D,Feriale,24,08:10,5,08:13
14D,Feriale,24,08:10,6,08:18
14D,Feriale,24,08:10,7,08:30
14D,Feriale,25,09:30,1,09:32
14D,Feriale,25,09:30,5,09:59
14D,Feriale,25,09:30,6,10:08
14D,Feriale,25,09:30,7,10:10
14D,Feriale,26,10:50,1,10:52
14D,Feriale,26,10:50,5,11:19
14D,Feriale,26,10:50,6,11:28
14D,Feriale,26,10:50,7,11:30
14D,Feriale,27,12:10,1,12:12
14D,Feriale,27,12:10,5,12:39
14D,Feriale,27,12:10,6,12:48
14D,Feriale,27,12:10,7,12:50
14D,Feriale,28,13:30,1,13:32
14D,Feriale,28,13:30,5,13:59
14D,Feriale,28,13:30,6,14:08
14D,Feriale,28,13:30,7,14:10
14D,Feriale,29,14:50,1,14:52
14D,Feriale,29,14:50,5,15:19
14D,Feriale,29,14:50,6,15:28
14D,Feriale,29,14:50,7,15:30
14D,Feriale,30,16:10,1,16:12
14D,Feriale,30,16:10,5,16:39
14D,Feriale,30,16:10,6,16:48
14D,Feriale,30,16:10,7,16:50
14D,Feriale,31,17:30,1,17:32
14D,Feriale,31,17:30,5,17:59
14D,Feriale,31,17:30,6,18:08
14D,Feriale,31,17:30,7,18:10
14D,Feriale,32,18:50,1,18:52
14D,Feriale,32,18:50,5,19:19
14D,Feriale,32,18:50,6,19:28
14D,Feriale,32,18:50,7,19:30
14D,Feriale,33,20:10,1,20:12
14D,Feriale,33,20:10,5,20:35
14D,Feriale,33,20:10,6,20:43
14D,Feriale,33,20:10,7,20:45
14D,Feriale,34,21:40,1,21:42
14D,Feriale,34,21:40,2,21:47
14D,Feriale,34,21:40,3,21:50
14D,Feriale,34,21:40,4,22:00
14D,Feriale,34,21:40,5,22:05
14D,Feriale,34,21:40,6,22:08
14D,Feriale,34,21:40,7,22:10
15,Feriale,1,F,7,07:05
15,Feriale,1,F,13,07:35
15,Feriale,1,F,14,07:40
15,Feriale,2,S,4,06:48
15,Feriale,2,S,9,07:10
15,Feriale,3,AS,9,07:10
15,Feriale,3,AS,10,07:15
15,Feriale,3,AS,11,07:20
15,Feriale,4,BS,8,07:15
15,Feriale,4,BS,9,07:20
15,Feriale,4,BS,10,07:25
15,Feriale,4,BS,11,07:30
15,Feriale,4,BS,14,07:55
15,Feriale,5,CS,2,06:40
15,Feriale,5,CS,3,06:43
15,Feriale,5,CS,4,06:50
15,Feriale,5,CS,5,06:53
15,Feriale,5,CS,6,06:55
15,Feriale,5,CS,9,07:20
15,Feriale,5,CS,10,07:30
15,Feriale,5,CS,11,07:35
15,Feriale,5,CS,12,07:37
15,Feriale,5,CS,13,07:45
15,Feriale,5,CS,14,08:15
15,Feriale,6,N,2,06:40
15,Feriale,6,N,3,06:43
15,Feriale,6,N,4,06:50
15,Feriale,6,N,5,06:53
15,Feriale,6,N,6,06:55
15,Feriale,6,N,8,07:12
15,Feriale,6,N,9,07:15
15,Feriale,6,N,10,07:25
15,Feriale,6,N,11,07:30
15,Feriale,6,N,12,07:32
15,Feriale,6,N,13,08:00
15,Feriale,6,N,14,08:10
15,Feriale,7,C,2,07:50
15,Feriale,7,C,3,07:53
15,Feriale,7,C,4,08:00
15,Feriale,7,C,5,08:05
15,Feriale,7,C,6,08:07
15,Feriale,7,C,8,08:25
15,Feriale,7,C,9,08:30
15,Feriale,7,C,10,08:40
15,Feriale,7,C,11,08:45
15,Feriale,7,C,12,08:52
15,Feriale,7,C,13,09:00
15,Feriale,7,C,14,09:10
15,Feriale,8,F,2,08:30
15,Feriale,8,F,3,08:35
15,Feriale,8,F,4,08:40
15,Feriale,8,F,5,08:45
15,Feriale,8,F,6,08:47
15,Feriale,8,F,7,09:00
15,Feriale,8,F,13,09:20
15,Feriale,8,F,14,09:30
15,Feriale,9,F,2,08:55
15,Feriale,9,F,3,09:00
15,Feriale,9,F,4,09:07
15,Feriale,9,F,5,09:15
15,Feriale,9,F,6,09:20
15,Feriale,9,F,8,09:35
15,Feriale,9,F,9,09:40
15,Feriale,9,F,10,09:50
15,Feriale,9,F,11,09:55
15,Feriale,9,F,12,09:57
15,Feriale,9,F,13,10:10
15,Feriale,9,F,14,10:20
15,Feriale,10,F,4,10:50
15,Feriale,10,F,5,11:00
15,Feriale,10,F,6,11:05
15,Feriale,10,F,8,11:25
15,Feriale,10,F,9,11:30
15,Feriale,10,F,10,11:40
15,Feriale,10,F,11,11:45
15,Feriale,10,F,12,11:50
15,Feriale,11,F,4,12:00
15,Feriale,11,F,5,12:05
15,Feriale,11,F,6,12:10
15,Feriale,11,F,7,12:15
15,Feriale,11,F,8,12:25
15,Feriale,11,F,9,12:30
15,Feriale,11,F,10,12:40
15,Feriale,11,F,11,12:45
15,Feriale,11,F,12,12:48
15,Feriale,11,F,13,13:05
15,Feriale,11,F,14,13:15
15,Feriale,12,DS,2,12:40
15,Feriale,12,DS,3,12:48
15,Feriale,12,DS,4,12:50
15,Feriale,12,DS,5,13:00
15,Feriale,12,DS,6,13:05
15,Feriale,12,DS,7,13:10
15,Feriale,12,DS,8,13:20
15,Feriale,12,DS,9,13:30
15,Feriale,12,DS,10,13:40
15,Feriale,12,DS,11,13:45
15,Feriale,12,DS,13,13:55
15,Feriale,12,DS,14,14:10
15,Feriale,13,N,2,13:20
15,Feriale,13,N,3,13:25
15,Feriale,13,N,4,13:30
15,Feriale,13,N,5,13:35
15,Feriale,13,N,6,13:40
15,Feriale,13,N,7,13:45
15,Feriale,13,N,8,13:55
15,Feriale,13,N,9,14:00
15,Feriale,13,N,10,14:10
15,Feriale,13,N,11,14:15
15,Feriale,13,N,13,14:25
15,Feriale,13,N,14,14:30
15,Feriale,14,S,2,13:15
15,Feriale,14,S,3,13:20
15,Feriale,14,S,5,13:35
15,Feriale,14,S,6,13:40
15,Feriale,14,S,7,13:45
15,Feriale,14,S,8,13:55
15,Feriale,14,S,9,14:05
15,Feriale,14,S,10,14:15
15,Feriale,14,S,11,14:20
15,Feriale,14,S,13,14:30
15,Feriale,14,S,14,14:40
15,Feriale,15,IST,3,13:50
15,Feriale,15,IST,5,14:05
15,Feriale,15,IST,6,14:10
15,Feriale,15,IST,7,14:20
15,Feriale,15,IST,8,14:30
15,Feriale,15,IST,9,14:35
15,Feriale,15,IST,10,14:45
15,Feriale,15,IST,11,14:50
15,Feriale,15,IST,13,15:00
15,Feriale,15,IST,14,15:05
15,Feriale,16,OS,2,14:05
15,Feriale,16,OS,3,14:15
15,Feriale,16,OS,4,14:30
15,Feriale,16,OS,5,14:35
15,Feriale,16,OS,6,14:40
15,Feriale,16,OS,7,14:43
15,Feriale,16,OS,8,14:50
15,Feriale,16,OS,9,14:55
15,Feriale,17,N,2,14:10
15,Feriale,17,N,3,14:15
15,Feriale,17,N,4,14:25
15,Feriale,17,N,5,14:35
15,Feriale,17,N,6,14:40
15,Feriale,17,N,8,14:50
15,Feriale,17,N,9,14:55
15,Feriale,18,T,9,15:15
15,Feriale,18,T,10,15:25
15,Feriale,18,T,11,15:30
15,Feriale,18,T,12,15:33
15,Feriale,18,T,13,15:50
15,Feriale,18,T,14,15:55
15,Feriale,19,T,4,15:55
15,Feriale,19,T,5,16:05
15,Feriale,19,T,6,16:10
15,Feriale,19,T,7,16:15
15,Feriale,19,T,8,16:25
15,Feriale,19,T,9,16:35
15,Feriale,19,T,10,16:45
15,Feriale,19,T,11,16:50
15,Feriale,19,T,12,16:55
15,Feriale,20,T,2,17:00
15,Feriale,20,T,3,17:05
15,Feriale,20,T,4,17:10
15,Feriale,20,T,5,17:15
15,Feriale,20,T,6,17:20
15,Feriale,20,T,9,17:45
15,Feriale,20,T,10,17:55
15,Feriale,20,T,11,18:00
15,Feriale,20,T,12,18:02
15,Feriale,20,T,13,18:20
15,Feriale,20,T,14,18:25
15,Feriale,21,T,2,18:35
15,Feriale,21,T,3,18:40
15,Feriale,21,T,4,18:45
15,Feriale,21,T,5,18:50
15,Feriale,21,T,6,18:55
15,Feriale,21,T,7,19:00
15,Feriale,21,T,8,19:10
15,Feriale,21,T,9,19:25
15,Feriale,21,T,10,19:35
15,Feriale,21,T,11,19:40
15,Feriale,21,T,12,19:45
15,Feriale,22,T,4,20:15
15,Feriale,22,T,5,20:20
15,Feriale,22,T,6,20:25
15,Feriale,22,T,7,20:28
15,Feriale,22,T,9,20:35
15,Feriale,22,T,10,20:40
15,Feriale,22,T,11,20:45
15,Feriale,22,T,12,20:47
16,Feriale,1,,10,06:00
16,Feriale,1,,11,06:02
16,Feriale,1,,12,06:04
16,Feriale,1,,15,06:10
16,Feriale,1,,16,06:14
16,Feriale,1,,17,06:17
16,Feriale,1,,19,06:30
16,Feriale,2,C,2,06:30
16,Feriale,2,C,7,06:40
16,Feriale,2,C,8,06:45
16,Feriale,2,C,9,06:53
16,Feriale,2,C,10,06:55
16,Feriale,2,C,11,06:57
16,Feriale,2,C,12,06:59
16,Feriale,2,C,13,07:01
16,Feriale,2,C,15,07:04
16,Feriale,2,C,16,07:08
16,Feriale,2,C,17,07:11
16,Feriale,2,C,19,07:30
16,Feriale,3,BC,2,06:40
16,Feriale,3,BC,7,06:50
16,Feriale,3,BC,8,06:55
16,Feriale,3,BC,9,07:03
16,Feriale,3,BC,10,07:05
16,Feriale,3,BC,11,07:07
16,Feriale,3,BC,12,07:09
16,Feriale,3,BC,13,07:15
16,Feriale,3,BC,15,07:20
16,Feriale,3,BC,16,07:25
16,Feriale,3,BC,17,07:30
16,Feriale,3,BC,19,07:40
16,Feriale,4,BC,2,06:55
16,Feriale,4,BC,14,07:10
16,Feriale,4,BC,15,07:15
16,Feriale,4,BC,16,07:19
16,Feriale,4,BC,17,07:22
16,Feriale,4,BC,19,07:40
16,Feriale,5,BC,2,07:50
16,Feriale,5,BC,3,08:00
16,Feriale,5,BC,4,08:03
16,Feriale,5,BC,5,08:05
16,Feriale,5,BC,7,08:10
16,Feriale,5,BC,8,08:18
16,Feriale,5,BC,9,08:20
16,Feriale,5,BC,10,08:30
16,Feriale,5,BC,11,08:32
16,Feriale,5,BC,12,08:34
16,Feriale,5,BC,13,08:36
16,Feriale,5,BC,14,08:39
16,Feriale,5,BC,15,08:41
16,Feriale,5,BC,16,08:45
16,Feriale,5,BC,17,08:48
16,Feriale,5,BC,19,09:10
16,Feriale,6,BC,2,09:00
16,Feriale,6,BC,3,09:10
16,Feriale,6,BC,4,09:13
16,Feriale,6,BC,5,09:15
16,Feriale,6,BC,7,09:20
16,Feriale,6,BC,8,09:28
16,Feriale,6,BC,9,09:30
16,Feriale,6,BC,10,09:40
16,Feriale,6,BC,11,09:42
16,Feriale,6,BC,12,09:44
16,Feriale,6,BC,13,09:46
16,Feriale,6,BC,15,09:51
16,Feriale,6,BC,16,09:55
16,Feriale,6,BC,17,09:58
16,Feriale,6,BC,19,10:20
16,Feriale,7,BC,2,11:40
16,Feriale,7,BC,3,11:50
16,Feriale,7,BC,4,11:53
16,Feriale,7,BC,5,11:55
16,Feriale,7,BC,6,11:57
16,Feriale,7,BC,7,12:00
16,Feriale,7,BC,8,12:08
16,Feriale,7,BC,9,12:10
16,Feriale,7,BC,10,12:20
16,Feriale,7,BC,11,12:22
16,Feriale,7,BC,12,12:24
16,Feriale,7,BC,13,12:26
16,Feriale,7,BC,15,12:31
16,Feriale,7,BC,16,12:35
16,Feriale,7,BC,17,12:38
16,Feriale,7,BC,19,13:00
16,Feriale,8,S,2,12:45
16,Feriale,8,S,3,12:55
16,Feriale,8,S,4,12:58
16,Feriale,8,S,5,13:00
16,Feriale,8,S,6,13:02
16,Feriale,8,S,7,13:05
16,Feriale,8,S,8,13:13
16,Feriale,8,S,9,13:15
16,Feriale,8,S,10,13:25
16,Feriale,8,S,11,13:27
16,Feriale,8,S,12,13:29
16,Feriale,8,S,13,13:31
16,Feriale,8,S,15,13:36
16,Feriale,8,S,16,13:40
16,Feriale,8,S,17,13:43
16,Feriale,8,S,19,14:05
16,Feriale,9,S,2,13:40
16,Feriale,9,S,3,13:50
16,Feriale,9,S,4,13:53
16,Feriale,9,S,5,13:55
16,Feriale,9,S,6,13:57
16,Feriale,9,S,7,14:00
16,Feriale,9,S,8,14:08
16,Feriale,9,S,9,14:10
16,Feriale,9,S,10,14:20
16,Feriale,9,S,11,14:22
16,Feriale,9,S,12,14:24
16,Feriale,9,S,13,14:26
16,Feriale,9,S,15,14:31
16,Feriale,9,S,16,14:35
16,Feriale,9,S,17,14:38
16,Feriale,9,S,19,15:00
16,Feriale,10,D,2,14:20
16,Feriale,10,D,3,14:30
16,Feriale,10,D,4,14:33
16,Feriale,10,D,5,14:35
16,Feriale,10,D,6,14:37
16,Feriale,10,D,7,14:40
16,Feriale,10,D,8,14:48
16,Feriale,10,D,9,14:50
16,Feriale,10,D,10,15:00
16,Feriale,10,D,11,15:02
16,Feriale,10,D,12,15:04
16,Feriale,10,D,13,15:06
16,Feriale,10,D,15,15:11
16,Feriale,10,D,16,15:15
16,Feriale,10,D,17,15:18
16,Feriale,10,D,19,15:40
16,Feriale,11,D,2,15:30
16,Feriale,11,D,3,15:40
16,Feriale,11,D,4,15:43
16,Feriale,11,D,5,15:45
16,Feriale,11,D,7,15:50
16,Feriale,11,D,8,15:58
16,Feriale,11,D,9,16:00
16,Feriale,11,D,10,16:10
16,Feriale,11,D,11,16:12
16,Feriale,11,D,12,16:14
16,Feriale,11,D,13,16:16
16,Feriale,11,D,14,16:19
16,Feriale,11,D,15,16:21
16,Feriale,11,D,16,16:25
16,Feriale,11,D,17,16:28
16,Feriale,11,D,19,16:50
16,Feriale,12,D,2,16:45
16,Feriale,12,D,3,16:55
16,Feriale,12,D,4,16:58
16,Feriale,12,D,5,17:00
16,Feriale,12,D,7,17:05
16,Feriale,12,D,8,17:13
16,Feriale,12,D,9,17:15
16,Feriale,12,D,10,17:25
16,Feriale,12,D,11,17:27
16,Feriale,12,D,12,17:29
16,Feriale,12,D,13,17:31
16,Feriale,12,D,15,17:36
16,Feriale,12,D,16,17:40
16,Feriale,12,D,17,17:43
16,Feriale,12,D,19,18:05
16,Feriale,13,D,2,17:45
16,Feriale,13,D,3,17:55
16,Feriale,13,D,4,17:58
16,Feriale,13,D,5,18:00
16,Feriale,13,D,7,18:05
16,Feriale,13,D,8,18:13
16,Feriale,13,D,9,18:15
16,Feriale,13,D,10,18:25
16,Feriale,13,D,11,18:27
16,Feriale,13,D,12,18:29
16,Feriale,13,D,13,18:31
16,Feriale,13,D,15,18:36
16,Feriale,13,D,16,18:40
16,Feriale,13,D,17,18:43
16,Feriale,13,D,19,19:05
16,Feriale,14,D,2,19:00
16,Feriale,14,D,3,19:10
16,Feriale,14,D,4,19:13
16,Feriale,14,D,5,19:15
16,Feriale,14,D,7,19:20
16,Feriale,14,D,8,19:28
16,Feriale,14,D,9,19:30
16,Feriale,14,D,10,19:40
16,Feriale,14,D,11,19:42
16,Feriale,14,D,12,19:44
16,Feriale,14,D,13,19:46
16,Feriale,14,D,15,19:51
16,Feriale,14,D,16,19:55
16,Feriale,14,D,17,19:58
16,Feriale,14,D,19,20:20
16,Feriale,15,C,2,20:10
16,Feriale,15,C,3,20:20
16,Feriale,15,C,4,20:23
16,Feriale,15,C,5,20:25
16,Feriale,15,C,6,20:27
16,Feriale,15,C,7,20:30
16,Feriale,15,C,8,20:38
16,Feriale,15,C,9,20:40
16,Feriale,15,C,10,20:50
16,Feriale,15,C,11,20:52
16,Feriale,15,C,12,20:54
16,Feriale,15,C,13,20:56
16,Feriale,15,C,19,21:20
16A,Feriale,1,,2,06:45
16A,Feriale,1,,4,06:50
16A,Feriale,1,,5,06:53
16A,Feriale,1,,7,06:55
16A,Feriale,1,,9,07:00
16A,Feriale,1,,11,07:10
16A,Feriale,2,S,2,06:50
16A,Feriale,2,S,5,06:55
16A,Feriale,2,S,7,07:00
16A,Feriale,2,S,9,07:05
16A,Feriale,3,S,9,07:25
16A,Feriale,3,S,10,07:30
16A,Feriale,4,S,2,07:55
16A,Feriale,4,S,4,08:00
16A,Feriale,4,S,5,08:03
16A,Feriale,4,S,7,08:05
16A,Feriale,4,S,8,08:08
16A,Feriale,4,S,9,08:10
16A,Feriale,4,S,11,08:25
16A,Feriale,5,S,2,09:15
16A,Feriale,5,S,4,09:20
16A,Feriale,5,S,5,09:23
16A,Feriale,5,S,7,09:25
16A,Feriale,5,S,8,09:28
16A,Feriale,5,S,9,09:30
16A,Feriale,5,S,11,09:45
16A,Feriale,6,S,2,11:00
16A,Feriale,6,S,4,11:05
16A,Feriale,6,S,5,11:08
16A,Feriale,6,S,7,11:10
16A,Feriale,6,S,8,11:13
16A,Feriale,6,S,9,11:15
16A,Feriale,6,S,11,11:30
16A,Feriale,7,S,6,12:10
16A,Feriale,7,S,9,12:15
16A,Feriale,7,S,10,12:20
16A,Feriale,8,B,2,12:25
16A,Feriale,8,B,3,12:28
16A,Feriale,8,B,4,12:30
16A,Feriale,8,B,5,12:33
16A,Feriale,8,B,7,12:35
16A,Feriale,8,B,8,12:38
16A,Feriale,8,B,9,12:40
16A,Feriale,8,B,11,12:55
16A,Feriale,9,S,9,14:20
16A,Feriale,9,S,10,14:25
16A,Feriale,10,A,2,13:30
16A,Feriale,10,A,3,13:33
16A,Feriale,10,A,4,13:35
16A,Feriale,10,A,5,13:38
16A,Feriale,10,A,7,13:40
16A,Feriale,10,A,8,13:43
16A,Feriale,10,A,9,13:45
16A,Feriale,10,A,11,14:00
16A,Feriale,11,C,2,14:25
16A,Feriale,11,C,4,14:30
16A,Feriale,11,C,5,14:33
16A,Feriale,11,C,7,14:35
16A,Feriale,11,C,8,14:38
16A,Feriale,11,C,9,14:40
16A,Feriale,11,C,11,15:05
16A,Feriale,12,C,2,16:40
16A,Feriale,12,C,4,16:45
16A,Feriale,12,C,5,16:48
16A,Feriale,12,C,7,16:50
16A,Feriale,12,C,8,16:53
16A,Feriale,12,C,9,16:55
16A,Feriale,12,C,11,17:10
16A,Feriale,13,C,2,18:50
16A,Feriale,13,C,4,18:55
16A,Feriale,13,C,5,18:58
16A,Feriale,13,C,7,19:00
16A,Feriale,13,C,8,19:03
16A,Feriale,13,C,9,19:05
16A,Feriale,13,C,11,19:20
16A,Feriale,14,C,2,20:10
16A,Feriale,14,C,9,20:35
16A,Feriale,15,C,2,07:10
16A,Feriale,15,C,4,07:15
16A,Feriale,15,C,5,07:20
16A,Feriale,15,C,6,07:20
16A,Feriale,15,C,8,07:25
16A,Feriale,15,C,9,07:26
16A,Feriale,15,C,10,07:28
16A,Feriale,15,C,11,07:40
16A,Feriale,16,S,4,07:05
16A,Feriale,16,S,11,07:45
16A,Feriale,17,S,3,07:30
16A,Feriale,17,S,4,07:32
16A,Feriale,17,S,5,07:35
16A,Feriale,17,S,7,07:55
16A,Feriale,18,S,2,08:25
16A,Feriale,18,S,4,08:30
16A,Feriale,18,S,5,08:33
16A,Feriale,18,S,6,08:37
16A,Feriale,18,S,8,08:42
16A,Feriale,18,S,9,08:43
16A,Feriale,18,S,10,08:46
16A,Feriale,18,S,11,08:55
16A,Feriale,19,S,2,09:45
16A,Feriale,19,S,4,09:50
16A,Feriale,19,S,5,09:53
16A,Feriale,19,S,6,09:57
16A,Feriale,19,S,8,10:02
16A,Feriale,19,S,9,10:03
16A,Feriale,19,S,11,10:15
16A,Feriale,20,S,2,11:30
16A,Feriale,20,S,4,11:35
16A,Feriale,20,S,5,11:38
16A,Feriale,20,S,6,11:42
16A,Feriale,20,S,8,11:47
16A,Feriale,20,S,9,11:48
16A,Feriale,20,S,11,12:00
16A,Feriale,21,S,3,12:20
16A,Feriale,21,S,4,12:22
16A,Feriale,21,S,5,12:23
16A,Feriale,21,S,7,12:30
16A,Feriale,22,S,2,12:55
16A,Feriale,22,S,4,13:00
16A,Feriale,22,S,5,13:03
16A,Feriale,22,S,6,13:07
16A,Feriale,22,S,8,13:12
16A,Feriale,22,S,9,13:13
16A,Feriale,22,S,11,13:25
16A,Feriale,23,S,2,14:00
16A,Feriale,23,S,4,14:05
16A,Feriale,23,S,5,14:08
16A,Feriale,23,S,6,14:12
16A,Feriale,23,S,8,14:17
16A,Feriale,23,S,9,14:18
16A,Feriale,23,S,10,14:20
16A,Feriale,23,S,11,14:30
16A,Feriale,24,S,2,15:05
16A,Feriale,24,S,4,15:10
16A,Feriale,24,S,5,15:13
16A,Feriale,24,S,6,15:17
16A,Feriale,24,S,8,15:22
16A,Feriale,24,S,9,15:23
16A,Feriale,24,S,11,15:35
16A,Feriale,25,S,2,17:10
16A,Feriale,25,S,4,17:15
16A,Feriale,25,S,5,17:18
16A,Feriale,25,S,6,17:22
16A,Feriale,25,S,8,17:27
16A,Feriale,25,S,9,17:28
16A,Feriale,25,S,11,17:40
16A,Feriale,26,S,2,19:20
16A,Feriale,26,S,4,19:25
16A,Feriale,26,S,5,19:28
16A,Feriale,26,S,6,19:32
16A,Feriale,26,S,8,19:37
16A,Feriale,26,S,9,19:38
16A,Feriale,26,S,11,19:50
16A,Feriale,27,S,4,20:35
16A,Feriale,27,S,5,20:38
16A,Feriale,27,S,6,20:40
16A,Feriale,27,S,8,20:42
16A,Feriale,27,S,11,20:50
M17,Feriale,1,,2,08:00
M17,Feriale,1,,3,08:01
M17,Feriale,1,,4,08:02
M17,Feriale,1,,5,08:05
M17,Feriale,2,,2,08:20
M17,Feriale,2,,3,08:21
M17,Feriale,2,,4,08:22
M17,Feriale,2,,5,08:25
M17,Feriale,2,,6,08:26
M17,Feriale,2,,7,08:28
M17,Feriale,2,,8,08:29
M17,Feriale,2,,9,08:30
M17,Feriale,3,S,2,13:15
M17,Feriale,3,S,3,13:16
M17,Feriale,3,S,4,13:18
M17,Feriale,3,S,5,13:20
M17,Feriale,3,S,6,13:21
M17,Feriale,3,S,7,13:23
M17,Feriale,3,S,8,13:24
M17,Feriale,4,B,3,13:42
M17,Feriale,4,B,4,13:44
M17,Feriale,4,B,5,13:45
M17,Feriale,4,B,6,13:46
M17,Feriale,4,B,7,13:48
M17,Feriale,4,B,8,13:49
M17,Feriale,4,B,9,13:50
M17,Feriale,5,T,2,13:50
M17,Feriale,5,T,3,13:51
M17,Feriale,5,T,4,13:52
M17,Feriale,5,T,5,13:55
M17,Feriale,5,T,6,13:56
M17,Feriale,5,T,7,13:58
M17,Feriale,5,T,8,13:59
M17,Feriale,5,T,9,14:00
M17,Feriale,5,T,10,14:15
M17,Feriale,6,T,2,15:35
M17,Feriale,6,T,3,15:36
M17,Feriale,6,T,4,15:40
M17,Feriale,6,T,5,15:45
M17,Feriale,6,T,6,15:46
M17,Feriale,6,T,7,15:48
M17,Feriale,6,T,8,15:49
M17,Feriale,6,T,9,15:50
M17,Feriale,7,B,3,17:02
M17,Feriale,7,B,4,17:04
M17,Feriale,7,B,5,17:05
M17,Feriale,7,B,6,17:06
M17,Feriale,7,B,7,17:08
M17,Feriale,7,B,8,17:09
M17,Feriale,7,B,9,17:10
M17,Feriale,7,B,10,17:15
M17,Feriale,8,A,2,07:37
M17,Feriale,8,A,3,07:39
M17,Feriale,8,A,4,07:40
M17,Feriale,8,A,5,07:41
M17,Feriale,8,A,6,07:45
M17,Feriale,9,A,2,13:35
M17,Feriale,9,A,3,13:37
M17,Feriale,9,A,4,13:38
M17,Feriale,9,A,5,13:39
M17,Feriale,9,A,6,13:40
M17,Feriale,10,A,2,16:55
M17,Feriale,10,A,3,16:57
M17,Feriale,10,A,4,16:58
M17,Feriale,10,A,5,16:59
M17,Feriale,10,A,6,17:00
CENTRO,Feriale,1,07.30,1,07:31
CENTRO,Feriale,1,07.30,2,07:32
CENTRO,Feriale,1,07.30,3,07:34
CENTRO,Feriale,1,07.30,4,07:35
CENTRO,Feriale,1,07.30,5,07:37
CENTRO,Feriale,1,07.30,6,07:38
CENTRO,Feriale,1,07.30,7,07:41
CENTRO,Feriale,1,07.30,8,07:44
CENTRO,Feriale,1,07.30,9,07:50
CENTRO,Feriale,2,20.50,1,20:51
CENTRO,Feriale,2,20.50,2,20:52
CENTRO,Feriale,2,20.50,3,20:54
CENTRO,Feriale,2,20.50,4,20:55
CENTRO,Feriale,2,20.50,5,20:57
CENTRO,Feriale,2,20.50,6,20:58
CENTRO,Feriale,2,20.50,7,21:01
CENTRO,Feriale,2,20.50,8,21:04
CENTRO,Feriale,2,20.50,9,21:10
CENTRO,Feriale,3,09.10,1,09:11
CENTRO,Feriale,3,09.10,2,09:12
CENTRO,Feriale,3,09.10,3,09:14
CENTRO,Feriale,3,09.10,4,09:15
CENTRO,Feriale,3,09.10,5,09:17
CENTRO,Feriale,3,09.10,6,09:18
CENTRO,Feriale,3,09.10,7,09:21
CENTRO,Feriale,3,09.10,8,09:24
CENTRO,Feriale,3,09.10,9,09:30
CENTRO,Feriale,4,20.10,1,20:11
CENTRO,Feriale,4,20.10,2,20:12
CENTRO,Feriale,4,20.10,3,20:14
CENTRO,Feriale,4,20.10,4,20:15
CENTRO,Feriale,4,20.10,5,20:17
CENTRO,Feriale,4,20.10,6,20:18
CENTRO,Feriale,4,20.10,7,20:21
CENTRO,Feriale,4,20.10,8,20:24
CENTRO,Feriale,4,20.10,9,20:30
NAVETTA EX-CASERMA ROSSI,Feriale,1,07.30,1,07:32
NAVETTA EX-CASERMA ROSSI,Feriale,1,07.30,2,07:34
NAVETTA EX-CASERMA ROSSI,Feriale,1,07.30,3,07:36
NAVETTA EX-CASERMA ROSSI,Feriale,1,07.30,4,07:40
NAVETTA EX-CASERMA ROSSI,Feriale,2,09.30,1,09:32
NAVETTA EX-CASERMA ROSSI,Feriale,2,09.30,2,09:34
NAVETTA EX-CASERMA ROSSI,Feriale,2,09.30,3,09:36
NAVETTA EX-CASERMA ROSSI,Feriale,2,09.30,4,09:40
NAVETTA EX-CASERMA ROSSI,Feriale,3,12.30,1,12:32
NAVETTA EX-CASERMA ROSSI,Feriale,3,12.30,2,12:35
NAVETTA EX-CASERMA ROSSI,Feriale,3,12.30,3,12:36
NAVETTA EX-CASERMA ROSSI,Feriale,3,12.30,4,12:40
NAVETTA EX-CASERMA ROSSI,Feriale,4,14.30,1,14:32
NAVETTA EX-CASERMA ROSSI,Feriale,4,14.30,2,14:34
NAVETTA EX-CASERMA ROSSI,Feriale,4,14.30,3,14:36
NAVETTA EX-CASERMA ROSSI,Feriale,4,14.30,4,14:40
NAVETTA EX-CASERMA ROSSI,Feriale,5,17.30,1,17:32
NAVETTA EX-CASERMA ROSSI,Feriale,5,17.30,2,17:34
NAVETTA EX-CASERMA ROSSI,Feriale,5,17.30,3,17:36
NAVETTA EX-CASERMA ROSSI,Feriale,5,17.30,4,17:40
NAVETTA EX-CASERMA ROSSI,Feriale,6,20.30,1,20:34
NAVETTA EX-CASERMA ROSSI,Feriale,6,20.30,2,20:34
NAVETTA EX-CASERMA ROSSI,Feriale,6,20.30,3,20:36
NAVETTA EX-CASERMA ROSSI,Feriale,6,20.30,4,20:40
NAVETTA CENTRO FESTIVI,Festivo,1,07.30,1,07:31
NAVETTA CENTRO FESTIVI,Festivo,1,07.30,2,07:32
NAVETTA CENTRO FESTIVI,Festivo,1,07.30,3,07:34
NAVETTA CENTRO FESTIVI,Festivo,1,07.30,4,07:35
NAVETTA CENTRO FESTIVI,Festivo,1,07.30,5,07:37
NAVETTA CENTRO FESTIVI,Festivo,1,07.30,6,07:38
NAVETTA CENTRO FESTIVI,Festivo,1,07.30,7,07:41
NAVETTA CENTRO FESTIVI,Festivo,1,07.30,8,07:44
NAVETTA CENTRO FESTIVI,Festivo,1,07.30,9,07:50
NAVETTA CENTRO FESTIVI,Festivo,2,20.50,1,20:51
NAVETTA CENTRO FESTIVI,Festivo,2,20.50,2,20:52
NAVETTA CENTRO FESTIVI,Festivo,2,20.50,3,20:54
NAVETTA CENTRO FESTIVI,Festivo,2,20.50,4,20:55
NAVETTA CENTRO FESTIVI,Festivo,2,20.50,5,20:57
NAVETTA CENTRO FESTIVI,Festivo,2,20.50,6,20:58
NAVETTA CENTRO FESTIVI,Festivo,2,20.50,7,21:01
NAVETTA CENTRO FESTIVI,Festivo,2,20.50,8,21:04
NAVETTA CENTRO FESTIVI,Festivo,2,20.50,9,21:10
NAVETTA CENTRO FESTIVI,Festivo,3,09.10,1,09:11
NAVETTA CENTRO FESTIVI,Festivo,3,09.10,2,09:12
NAVETTA CENTRO FESTIVI,Festivo,3,09.10,3,09:14
NAVETTA CENTRO FESTIVI,Festivo,3,09.10,4,09:15
NAVETTA CENTRO FESTIVI,Festivo,3,09.10,5,09:17
NAVETTA CENTRO FESTIVI,Festivo,3,09.10,6,09:18
NAVETTA CENTRO FESTIVI,Festivo,3,09.10,7,09:21
NAVETTA CENTRO FESTIVI,Festivo,3,09.10,8,09:24
NAVETTA CENTRO FESTIVI,Festivo,3,09.10,9,09:30
NAVETTA CENTRO FESTIVI,Festivo,4,20.10,1,20:11
NAVETTA CENTRO FESTIVI,Festivo,4,20.10,2,20:12
NAVETTA CENTRO FESTIVI,Festivo,4,20.10,3,20:14
NAVETTA CENTRO FESTIVI,Festivo,4,20.10,4,20:15
NAVETTA CENTRO FESTIVI,Festivo,4,20.10,5,20:17
NAVETTA CENTRO FESTIVI,Festivo,4,20.10,6,20:18
NAVETTA CENTRO FESTIVI,Festivo,4,20.10,7,20:21
NAVETTA CENTRO FESTIVI,Festivo,4,20.10,8,20:24
NAVETTA CENTRO FESTIVI,Festivo,4,20.10,9,20:30
2UF,Festivo,1,,2,08:05
2UF,Festivo,1,,3,08:07
2UF,Festivo,1,,4,08:09
2UF,Festivo,1,,5,08:13
2UF,Festivo,1,,6,08:15
2UF,Festivo,1,,7,08:18
2UF,Festivo,1,,8,08:19
2UF,Festivo,1,,9,08:25
2UF,Festivo,1,,10,08:30
2UF,Festivo,2,,2,09:30
2UF,Festivo,2,,3,09:32
2UF,Festivo,2,,4,09:34
2UF,Festivo,2,,5,09:38
2UF,Festivo,2,,6,09:40
2UF,Festivo,2,,7,09:43
2UF,Festivo,2,,8,09:44
2UF,Festivo,2,,9,09:50
2UF,Festivo,2,,10,09:55
2UF,Festivo,3,,2,10:35
2UF,Festivo,3,,3,10:37
2UF,Festivo,3,,4,10:39
2UF,Festivo,3,,5,10:43
2UF,Festivo,3,,6,10:45
2UF,Festivo,3,,7,10:48
2UF,Festivo,3,,8,10:49
2UF,Festivo,3,,9,10:55
2UF,Festivo,3,,10,11:00
2UF,Festivo,4,,2,11:40
2UF,Festivo,4,,3,11:42
2UF,Festivo,4,,4,11:44
2UF,Festivo,4,,5,11:48
2UF,Festivo,4,,6,11:50
2UF,Festivo,4,,7,11:53
2UF,Festivo,4,,8,11:54
2UF,Festivo,4,,9,12:00
2UF,Festivo,4,,10,12:05
2UF,Festivo,5,,2,13:40
2UF,Festivo,5,,3,13:42
2UF,Festivo,5,,4,13:44
2UF,Festivo,5,,5,13:48
2UF,Festivo,5,,6,13:50
2UF,Festivo,5,,7,13:53
2UF,Festivo,5,,8,13:54
2UF,Festivo,5,,9,14:00
2UF,Festivo,5,,10,14:05
2UF,Festivo,6,,2,14:40
2UF,Festivo,6,,3,14:42
2UF,Festivo,6,,4,14:44
2UF,Festivo,6,,5,14:48
2UF,Festivo,6,,6,14:50
2UF,Festivo,6,,7,14:53
2UF,Festivo,6,,8,14:54
2UF,Festivo,6,,9,15:00
2UF,Festivo,6,,10,15:05
2UF,Festivo,7,,2,16:40
2UF,Festivo,7,,3,16:42
2UF,Festivo,7,,4,16:44
2UF,Festivo,7,,5,16:48
2UF,Festivo,7,,6,16:50
2UF,Festivo,7,,7,16:53
2UF,Festivo,7,,8,16:54
2UF,Festivo,7,,9,17:00
2UF,Festivo,7,,10,17:05
2UF,Festivo,8,,2,17:40
2UF,Festivo,8,,3,17:42
2UF,Festivo,8,,4,17:44
2UF,Festivo,8,,5,17:48
2UF,Festivo,8,,6,17:50
2UF,Festivo,8,,7,17:53
2UF,Festivo,8,,8,17:54
2UF,Festivo,8,,9,18:00
2UF,Festivo,8,,10,18:05
2UF,Festivo,9,T,2,18:40
2UF,Festivo,9,T,3,18:42
2UF,Festivo,9,T,4,18:44
2UF,Festivo,9,T,5,18:48
2UF,Festivo,9,T,6,18:50
2UF,Festivo,9,T,7,18:53
2UF,Festivo,9,T,8,18:54
2UF,Festivo,9,T,9,19:00
2UF,Festivo,9,T,10,19:05
2UF,Festivo,10,T,2,19:40
2UF,Festivo,10,T,3,19:42
2UF,Festivo,10,T,4,19:44
2UF,Festivo,10,T,5,19:48
2UF,Festivo,10,T,6,19:50
2UF,Festivo,10,T,7,19:53
2UF,Festivo,10,T,8,19:54
2UF,Festivo,10,T,9,20:00
2UF,Festivo,10,T,10,20:05
2UF,Festivo,11,T,2,21:30
2UF,Festivo,11,T,3,21:32
2UF,Festivo,11,T,4,21:34
2UF,Festivo,11,T,5,21:38
2UF,Festivo,11,T,6,21:40
2UF,Festivo,11,T,7,21:43
2UF,Festivo,11,T,8,21:44
2UF,Festivo,11,T,9,21:50
2UF,Festivo,11,T,10,21:55
2UF,Festivo,12,T,2,08:30
2UF,Festivo,12,T,3,08:32
2UF,Festivo,12,T,4,08:37
2UF,Festivo,12,T,5,08:40
2UF,Festivo,12,T,6,08:43
2UF,Festivo,12,T,7,08:45
2UF,Festivo,12,T,8,08:50
2UF,Festivo,12,T,9,08:53
2UF,Festivo,12,T,10,08:55
2UF,Festivo,13,T,2,09:55
2UF,Festivo,13,T,3,09:57
2UF,Festivo,13,T,4,10:02
2UF,Festivo,13,T,5,10:05
2UF,Festivo,13,T,6,10:08
2UF,Festivo,13,T,7,10:10
2UF,Festivo,13,T,8,10:15
2UF,Festivo,13,T,9,10:18
2UF,Festivo,13,T,10,10:20
2UF,Festivo,14,T,2,11:00
2UF,Festivo,14,T,3,11:02
2UF,Festivo,14,T,4,11:07
2UF,Festivo,14,T,5,11:10
2UF,Festivo,14,T,6,11:13
2UF,Festivo,14,T,7,11:15
2UF,Festivo,14,T,8,11:20
2UF,Festivo,14,T,9,11:23
2UF,Festivo,14,T,10,11:25
2UF,Festivo,15,T,2,12:05
2UF,Festivo,15,T,3,12:07
2UF,Festivo,15,T,4,12:12
2UF,Festivo,15,T,5,12:15
2UF,Festivo,15,T,6,12:18
2UF,Festivo,15,T,7,12:20
2UF,Festivo,15,T,8,12:25
2UF,Festivo,15,T,9,12:28
2UF,Festivo,15,T,10,12:30
2UF,Festivo,16,T,2,14:05
2UF,Festivo,16,T,3,14:07
2UF,Festivo,16,T,4,14:12
2UF,Festivo,16,T,5,14:15
2UF,Festivo,16,T,6,14:18
2UF,Festivo,16,T,7,14:20
2UF,Festivo,16,T,8,14:25
2UF,Festivo,16,T,9,14:28
2UF,Festivo,16,T,10,14:30
2UF,Festivo,17,T,2,15:05
2UF,Festivo,17,T,3,15:07
2UF,Festivo,17,T,4,15:12
2UF,Festivo,17,T,5,15:15
2UF,Festivo,17,T,6,15:18
2UF,Festivo,17,T,7,15:20
2UF,Festivo,17,T,8,15:25
2UF,Festivo,17,T,9,15:28
2UF,Festivo,17,T,10,15:30
2UF,Festivo,18,T,2,16:05
2UF,Festivo,18,T,3,16:07
2UF,Festivo,18,T,4,16:12
2UF,Festivo,18,T,5,16:15
2UF,Festivo,18,T,6,16:18
2UF,Festivo,18,T,7,16:20
2UF,Festivo,18,T,8,16:25
2UF,Festivo,18,T,9,16:28
2UF,Festivo,18,T,10,16:30
2UF,Festivo,19,T,2,18:05
2UF,Festivo,19,T,3,18:07
2UF,Festivo,19,T,4,18:12
2UF,Festivo,19,T,5,18:15
2UF,Festivo,19,T,6,18:18
2UF,Festivo,19,T,7,18:20
2UF,Festivo,19,T,8,18:25
2UF,Festivo,19,T,9,18:28
2UF,Festivo,19,T,10,18:30
2UF,Festivo,20,T,2,19:05
2UF,Festivo,20,T,3,19:07
2UF,Festivo,20,T,4,19:12
2UF,Festivo,20,T,5,19:15
2UF,Festivo,20,T,6,19:18
2UF,Festivo,20,T,7,19:20
2UF,Festivo,20,T,8,19:25
2UF,Festivo,20,T,9,19:28
2UF,Festivo,20,T,10,19:30
2UF,Festivo,21,T,2,20:05
2UF,Festivo,21,T,3,20:07
2UF,Festivo,21,T,4,20:12
2UF,Festivo,21,T,5,20:15
2UF,Festivo,21,T,6,20:18
2UF,Festivo,21,T,7,20:20
2UF,Festivo,21,T,8,20:25
2UF,Festivo,21,T,9,20:28
2UF,Festivo,21,T,10,20:30
2UF,Festivo,22,T,2,21:55
2UF,Festivo,22,T,3,21:57
2UF,Festivo,22,T,4,22:02
2UF,Festivo,22,T,5,22:05
2UF,Festivo,22,T,6,22:08
2UF,Festivo,22,T,7,22:10
2UF,Festivo,22,T,8,22:15
2UF,Festivo,22,T,9,22:18
2UF,Festivo,22,T,10,22:20
5F,Festivo,1,,2,07:30
5F,Festivo,1,,3,07:33
5F,Festivo,1,,4,07:37
5F,Festivo,1,,5,07:40
5F,Festivo,1,,6,07:45
5F,Festivo,1,,7,07:48
5F,Festivo,1,,8,07:54
5F,Festivo,1,,9,07:58
5F,Festivo,1,,10,08:00
5F,Festivo,1,,11,08:04
5F,Festivo,1,,12,08:06
5F,Festivo,1,,13,08:10
5F,Festivo,1,,14,08:15
5F,Festivo,2,,2,09:50
5F,Festivo,2,,3,09:53
5F,Festivo,2,,4,09:57
5F,Festivo,2,,5,10:00
5F,Festivo,2,,6,10:05
5F,Festivo,2,,7,10:08
5F,Festivo,2,,8,10:14
5F,Festivo,2,,9,10:18
5F,Festivo,2,,10,10:20
5F,Festivo,2,,11,10:24
5F,Festivo,2,,12,10:26
5F,Festivo,2,,13,10:30
5F,Festivo,2,,14,10:35
5F,Festivo,3,,2,12:30
5F,Festivo,3,,3,12:33
5F,Festivo,3,,4,12:37
5F,Festivo,3,,5,12:40
5F,Festivo,3,,6,12:45
5F,Festivo,3,,7,12:48
5F,Festivo,3,,8,12:54
5F,Festivo,3,,9,12:58
5F,Festivo,3,,10,13:00
5F,Festivo,3,,11,13:04
5F,Festivo,3,,12,13:06
5F,Festivo,3,,13,13:10
5F,Festivo,3,,14,13:15
5F,Festivo,4,,2,14:50
5F,Festivo,4,,3,14:53
5F,Festivo,4,,4,14:57
5F,Festivo,4,,5,15:00
5F,Festivo,4,,6,15:05
5F,Festivo,4,,7,15:08
5F,Festivo,4,,8,15:14
5F,Festivo,4,,9,15:18
5F,Festivo,4,,10,15:20
5F,Festivo,4,,11,15:24
5F,Festivo,4,,12,15:26
5F,Festivo,4,,13,15:30
5F,Festivo,4,,14,15:35
5F,Festivo,5,,2,17:30
5F,Festivo,5,,3,17:33
5F,Festivo,5,,4,17:37
5F,Festivo,5,,5,17:40
5F,Festivo,5,,6,17:45
5F,Festivo,5,,7,17:48
5F,Festivo,5,,8,17:54
5F,Festivo,5,,9,17:58
5F,Festivo,5,,10,18:00
5F,Festivo,5,,11,18:04
5F,Festivo,5,,12,18:06
5F,Festivo,5,,13,18:10
5F,Festivo,5,,14,18:15
5F,Festivo,6,,2,20:05
5F,Festivo,6,,3,20:08
5F,Festivo,6,,4,20:12
5F,Festivo,6,,5,20:15
5F,Festivo,6,,6,20:20
5F,Festivo,6,,7,20:23
5F,Festivo,6,,8,20:29
5F,Festivo,6,,9,20:33
5F,Festivo,6,,10,20:35
5F,Festivo,6,,11,20:39
5F,Festivo,6,,12,20:41
5F,Festivo,6,,13,20:45
5F,Festivo,6,,14,20:50
M6F,Festivo,1,08.00,1,08:02
M6F,Festivo,1,08.00,2,08:12
M6F,Festivo,1,08.00,3,08:20
M6F,Festivo,1,08.00,4,08:25
M6F,Festivo,1,08.00,5,08:30
M6F,Festivo,1,08.00,6,08:35
M6F,Festivo,1,08.00,7,08:45
M6F,Festivo,2,11.00,1,11:02
M6F,Festivo,2,11.00,2,11:12
M6F,Festivo,2,11.00,3,11:20
M6F,Festivo,2,11.00,4,11:25
M6F,Festivo,2,11.00,5,11:30
M6F,Festivo,2,11.00,6,11:35
M6F,Festivo,2,11.00,7,11:45
M6F,Festivo,3,14.00,1,14:02
M6F,Festivo,3,14.00,2,14:12
M6F,Festivo,3,14.00,3,14:20
M6F,Festivo,3,14.00,4,14:25
M6F,Festivo,3,14.00,5,14:30
M6F,Festivo,3,14.00,6,14:35
M6F,Festivo,3,14.00,7,14:45
M6F,Festivo,4,17.00,1,17:02
M6F,Festivo,4,17.00,2,17:12
M6F,Festivo,4,17.00,3,17:20
M6F,Festivo,4,17.00,4,17:25
M6F,Festivo,4,17.00,5,17:30
M6F,Festivo,4,17.00,6,17:35
M6F,Festivo,4,17.00,7,17:45
M6F,Festivo,5,20.05,1,20:07
M6F,Festivo,5,20.05,2,20:17
M6F,Festivo,5,20.05,3,20:25
M6F,Festivo,5,20.05,4,20:30
M6F,Festivo,5,20.05,5,20:35
M6F,Festivo,5,20.05,6,20:40
M6F,Festivo,5,20.05,7,20:50
M6F,Festivo,6,08.45,1,08:50
M6F,Festivo,6,08.45,2,08:55
M6F,Festivo,6,08.45,3,09:00
M6F,Festivo,6,08.45,4,09:05
M6F,Festivo,6,08.45,5,09:10
M6F,Festivo,6,08.45,6,09:20
M6F,Festivo,6,08.45,7,09:25
M6F,Festivo,7,11.45,1,11:50
M6F,Festivo,7,11.45,2,11:55
M6F,Festivo,7,11.45,3,12:00
M6F,Festivo,7,11.45,4,12:05
M6F,Festivo,7,11.45,5,12:10
M6F,Festivo,7,11.45,6,12:20
M6F,Festivo,7,11.45,7,12:25
M6F,Festivo,8,14.45,1,14:50
M6F,Festivo,8,14.45,2,14:55
M6F,Festivo,8,14.45,3,15:00
M6F,Festivo,8,14.45,4,15:05
M6F,Festivo,8,14.45,5,15:10
M6F,Festivo,8,14.45,6,15:20
M6F,Festivo,8,14.45,7,15:25
M6F,Festivo,9,17.45,1,17:50
M6F,Festivo,9,17.45,2,17:55
M6F,Festivo,9,17.45,3,18:00
M6F,Festivo,9,17.45,4,18:05
M6F,Festivo,9,17.45,5,18:10
M6F,Festivo,9,17.45,6,18:20
M6F,Festivo,9,17.45,7,18:25
M6F,Festivo,10,20.50,1,20:55
M6F,Festivo,10,20.50,2,21:00
M6F,Festivo,10,20.50,3,21:05
M6F,Festivo,10,20.50,4,21:10
M6F,Festivo,10,20.50,5,21:15
M6F,Festivo,10,20.50,6,21:25
M6F,Festivo,10,20.50,7,21:30
M11F,Festivo,1,07.00,1,07:05
M11F,Festivo,1,07.00,2,07:25
M11F,Festivo,1,07.00,3,07:30
M11F,Festivo,1,07.00,4,07:35
M11F,Festivo,1,07.00,5,07:40
M11F,Festivo,1,07.00,6,07:45
M11F,Festivo,1,07.00,7,07:55
M11F,Festivo,1,07.00,8,08:00
M11F,Festivo,1,07.00,9,08:05
M11F,Festivo,2,11.00,1,11:05
M11F,Festivo,2,11.00,2,11:25
M11F,Festivo,2,11.00,3,11:30
M11F,Festivo,2,11.00,4,11:35
M11F,Festivo,2,11.00,5,11:40
M11F,Festivo,2,11.00,6,11:45
M11F,Festivo,2,11.00,7,11:55
M11F,Festivo,2,11.00,8,12:00
M11F,Festivo,2,11.00,9,12:05
M11F,Festivo,3,14.05,1,14:10
M11F,Festivo,3,14.05,2,14:30
M11F,Festivo,3,14.05,3,14:35
M11F,Festivo,3,14.05,4,14:40
M11F,Festivo,3,14.05,5,14:45
M11F,Festivo,3,14.05,6,14:50
M11F,Festivo,3,14.05,7,15:00
M11F,Festivo,3,14.05,8,15:05
M11F,Festivo,3,14.05,9,15:10
M11F,Festivo,4,17.05,1,17:10
M11F,Festivo,4,17.05,2,17:30
M11F,Festivo,4,17.05,3,17:35
M11F,Festivo,4,17.05,4,17:40
M11F,Festivo,4,17.05,5,17:45
M11F,Festivo,4,17.05,6,17:50
M11F,Festivo,4,17.05,7,18:00
M11F,Festivo,4,17.05,8,18:05
M11F,Festivo,4,17.05,9,18:10
M11F,Festivo,5,20.05,1,20:10
M11F,Festivo,5,20.05,2,20:30
M11F,Festivo,5,20.05,3,20:35
M11F,Festivo,5,20.05,4,20:40
M11F,Festivo,5,20.05,5,20:45
M11F,Festivo,5,20.05,6,20:50
M11F,Festivo,5,20.05,7,21:00
M11F,Festivo,5,20.05,8,21:05
M11F,Festivo,5,20.05,9,21:10
M14F,Festivo,1,09.10,1,09:15
M14F,Festivo,1,09.10,2,09:25
M14F,Festivo,1,09.10,3,09:30
M14F,Festivo,1,09.10,4,09:35
M14F,Festivo,1,09.10,5,09:40
M14F,Festivo,1,09.10,6,09:45
M14F,Festivo,1,09.10,7,09:52
M14F,Festivo,1,09.10,8,09:55
M14F,Festivo,1,09.10,9,10:05
M14F,Festivo,1,09.10,10,10:07
M14F,Festivo,1,09.10,11,10:10
M14F,Festivo,1,09.10,12,10:15
M14F,Festivo,1,09.10,13,10:20
M14F,Festivo,1,09.10,14,10:22
M14F,Festivo,1,09.10,15,10:25
M14F,Festivo,1,09.10,16,10:35
M14F,Festivo,1,09.10,17,10:40
M14F,Festivo,1,09.10,18,10:45
M14F,Festivo,2,15.10,1,15:15
M14F,Festivo,2,15.10,2,15:25
M14F,Festivo,2,15.10,3,15:30
M14F,Festivo,2,15.10,4,15:35
M14F,Festivo,2,15.10,5,15:40
M14F,Festivo,2,15.10,6,15:45
M14F,Festivo,2,15.10,7,15:52
M14F,Festivo,2,15.10,8,15:55
M14F,Festivo,2,15.10,9,16:05
M14F,Festivo,2,15.10,10,16:07
M14F,Festivo,2,15.10,11,16:10
M14F,Festivo,2,15.10,12,16:15
M14F,Festivo,2,15.10,13,16:20
M14F,Festivo,2,15.10,14,16:22
M14F,Festivo,2,15.10,15,16:25
M14F,Festivo,2,15.10,16,16:35
M14F,Festivo,2,15.10,17,16:40
M14F,Festivo,2,15.10,18,16:45
M14F,Festivo,3,20.40,1,20:45
M14F,Festivo,3,20.40,2,20:55
M14F,Festivo,3,20.40,3,21:00
M14F,Festivo,3,20.40,4,21:05
M14F,Festivo,3,20.40,5,21:10
M14F,Festivo,3,20.40,6,21:15
M14F,Festivo,3,20.40,7,21:22
M14F,Festivo,3,20.40,8,21:25
M14F,Festivo,3,20.40,9,21:35
M14F,Festivo,3,20.40,10,21:37
M14F,Festivo,3,20.40,11,21:40
M14F,Festivo,3,20.40,12,21:45
M15F,Festivo,1,08.30,1,08:35
M15F,Festivo,1,08.30,2,08:45
M15F,Festivo,1,08.30,3,08:47
M15F,Festivo,1,08.30,4,08:50
M15F,Festivo,1,08.30,5,09:00
M15F,Festivo,1,08.30,6,09:05
M15F,Festivo,1,08.30,7,09:10
M15F,Festivo,1,08.30,8,09:11
M15F,Festivo,1,08.30,9,09:15
M15F,Festivo,1,08.30,10,09:25
M15F,Festivo,1,08.30,12,09:30
M15F,Festivo,2,11.00,1,11:05
M15F,Festivo,2,11.00,2,11:15
M15F,Festivo,2,11.00,3,11:17
M15F,Festivo,2,11.00,4,11:20
M15F,Festivo,2,11.00,5,11:30
M15F,Festivo,2,11.00,6,11:35
M15F,Festivo,2,11.00,7,11:40
M15F,Festivo,2,11.00,8,11:41
M15F,Festivo,2,11.00,9,11:45
M15F,Festivo,2,11.00,10,11:55
M15F,Festivo,2,11.00,12,12:00
M15F,Festivo,3,13.30,1,13:35
M15F,Festivo,3,13.30,2,13:45
M15F,Festivo,3,13.30,3,13:47
M15F,Festivo,3,13.30,4,13:50
M15F,Festivo,3,13.30,5,14:00
M15F,Festivo,3,13.30,6,14:05
M15F,Festivo,3,13.30,7,14:10
M15F,Festivo,3,13.30,8,14:11
M15F,Festivo,3,13.30,9,14:15
M15F,Festivo,3,13.30,10,14:25
M15F,Festivo,3,13.30,12,14:30
M15F,Festivo,4,16.00,1,16:05
M15F,Festivo,4,16.00,2,16:15
M15F,Festivo,4,16.00,3,16:17
M15F,Festivo,4,16.00,4,16:20
M15F,Festivo,4,16.00,5,16:30
M15F,Festivo,4,16.00,6,16:35
M15F,Festivo,4,16.00,7,16:40
M15F,Festivo,4,16.00,8,16:41
M15F,Festivo,4,16.00,9,16:45
M15F,Festivo,4,16.00,10,16:55
M15F,Festivo,4,16.00,12,17:00
M15F,Festivo,5,18.30,1,18:35
M15F,Festivo,5,18.30,2,18:45
M15F,Festivo,5,18.30,3,18:47
M15F,Festivo,5,18.30,4,18:50
M15F,Festivo,5,18.30,5,19:00
M15F,Festivo,5,18.30,6,19:05
M15F,Festivo,5,18.30,7,19:10
M15F,Festivo,5,18.30,8,19:11
M15F,Festivo,5,18.30,9,19:15
M15F,Festivo,5,18.30,10,19:25
M15F,Festivo,5,18.30,12,19:30
M16F,Festivo,1,9.30,1,09:35
M16F,Festivo,1,9.30,2,09:40
M16F,Festivo,1,9.30,3,09:45
M16F,Festivo,1,9.30,4,09:50
M16F,Festivo,1,9.30,5,09:55
M16F,Festivo,1,9.30,6,10:05
M16F,Festivo,1,9.30,7,10:10
M16F,Festivo,1,9.30,8,10:15
M16F,Festivo,1,9.30,9,10:18
M16F,Festivo,1,9.30,10,10:20
M16F,Festivo,1,9.30,11,10:25
M16F,Festivo,1,9.30,12,10:40
M16F,Festivo,2,10.35,1,10:40
M16F,Festivo,2,10.35,2,10:45
M16F,Festivo,2,10.35,12,11:00
M16F,Festivo,3,12.30,1,12:35
M16F,Festivo,3,12.30,2,12:40
M16F,Festivo,3,12.30,3,12:45
M16F,Festivo,3,12.30,4,12:50
M16F,Festivo,3,12.30,5,12:55
M16F,Festivo,3,12.30,6,13:05
M16F,Festivo,3,12.30,7,13:10
M16F,Festivo,3,12.30,8,13:15
M16F,Festivo,3,12.30,9,13:18
M16F,Festivo,3,12.30,10,13:20
M16F,Festivo,3,12.30,11,13:25
M16F,Festivo,3,12.30,12,13:40
M16F,Festivo,4,15.30,1,15:35
M16F,Festivo,4,15.30,2,15:40
M16F,Festivo,4,15.30,3,15:45
M16F,Festivo,4,15.30,4,15:50
M16F,Festivo,4,15.30,5,15:55
M16F,Festivo,4,15.30,6,16:05
M16F,Festivo,4,15.30,7,16:10
M16F,Festivo,4,15.30,8,16:15
M16F,Festivo,4,15.30,9,16:18
M16F,Festivo,4,15.30,10,16:20
M16F,Festivo,4,15.30,11,16:25
M16F,Festivo,4,15.30,12,16:40
M16F,Festivo,5,15.30,2,15:45
M16F,Festivo,5,15.30,12,16:00
M16F,Festivo,6,18.30,1,18:35
M16F,Festivo,6,18.30,2,18:40
M16F,Festivo,6,18.30,3,18:45
M16F,Festivo,6,18.30,4,18:50
M16F,Festivo,6,18.30,5,18:55
M16F,Festivo,6,18.30,6,19:05
M16F,Festivo,6,18.30,7,19:10
M16F,Festivo,6,18.30,8,19:15
M16F,Festivo,6,18.30,9,19:18
M16F,Festivo,6,18.30,10,19:20
M16F,Festivo,6,18.30,11,19:25
M16F,Festivo,6,18.30,12,19:40
Collesapone (scolastico),Scuole,1,12,1,06:50
Collesapone (scolastico),Scuole,1,12,4,07:50
Collesapone (scolastico),Scuole,2,4X,1,07:15
Collesapone (scolastico),Scuole,2,4X,4,07:50
Collesapone (scolastico),Scuole,3,M5W,1,07:20
Collesapone (scolastico),Scuole,3,M5W,4,07:45
Collesapone (scolastico),Scuole,4,3X,1,07:25
Collesapone (scolastico),Scuole,4,3X,4,07:55
Collesapone (scolastico),Scuole,5,3A,1,07:15
Collesapone (scolastico),Scuole,5,3A,4,07:55
Collesapone (scolastico),Scuole,6,13Z,1,06:55
Collesapone (scolastico),Scuole,6,13Z,4,07:55
Collesapone (scolastico),Scuole,7,13X,1,07:20
Collesapone (scolastico),Scuole,7,13X,4,07:55
Collesapone (scolastico),Scuole,8,13J,1,07:10
Collesapone (scolastico),Scuole,8,13J,4,07:55
Collesapone (scolastico),Scuole,9,12A,1,07:05
Collesapone (scolastico),Scuole,9,12A,4,07:55
Collesapone (scolastico),Scuole,10,12A,1,07:05
Collesapone (scolastico),Scuole,10,12A,4,07:55
Collesapone (scolastico),Scuole,11,12,1,07:30
Collesapone (scolastico),Scuole,11,12,4,08:25
Collesapone (scolastico),Scuole,12,11X,1,06:55
Collesapone (scolastico),Scuole,12,11X,4,07:55
Collesapone (scolastico),Scuole,13,M8,1,07:30
Collesapone (scolastico),Scuole,13,M8,4,07:50
Collesapone (scolastico),Scuole,14,5X,1,07:45
Collesapone (scolastico),Scuole,14,5X,4,07:55
Collesapone (scolastico),Scuole,15,7,1,06:50
Collesapone (scolastico),Scuole,15,7,4,07:30
Collesapone (scolastico),Scuole,16,6S/,1,07:15
Collesapone (scolastico),Scuole,16,6S/,4,07:35
Collesapone (scolastico),Scuole,17,6S/,1,07:10
Collesapone (scolastico),Scuole,17,6S/,4,07:50
Collesapone (scolastico),Scuole,18,6DX,1,07:20
Collesapone (scolastico),Scuole,18,6DX,4,07:50
Collesapone (scolastico),Scuole,19,6SO,1,06:55
Collesapone (scolastico),Scuole,19,6SO,4,07:40
Collesapone (scolastico),Scuole,20,15,1,07:20
Collesapone (scolastico),Scuole,20,15,4,07:55
Collesapone (scolastico),Scuole,21,15L,1,07:15
Collesapone (scolastico),Scuole,21,15L,4,07:50
Collesapone (scolastico),Scuole,22,19X,1,07:50
Collesapone (scolastico),Scuole,22,19X,4,08:10
Collesapone (scolastico),Scuole,23,10,1,07:00
Collesapone (scolastico),Scuole,23,10,4,07:55
Collesapone (scolastico),Scuole,24,16X,1,06:55
Collesapone (scolastico),Scuole,24,16X,4,07:55
Collesapone (scolastico),Scuole,25,2,1,07:22
Collesapone (scolastico),Scuole,26,16A,1,12:17
Collesapone (scolastico),Scuole,27,M6,1,12:20
Collesapone (scolastico),Scuole,28,3V,1,12:20
Collesapone (scolastico),Scuole,29,M5Y,1,12:25
Collesapone (scolastico),Scuole,30,4A,1,12:30
Collesapone (scolastico),Scuole,31,19,1,12:35
Collesapone (scolastico),Scuole,32,15,1,12:45
Collesapone (scolastico),Scuole,33,11,1,13:05
Collesapone (scolastico),Scuole,34,16A,1,13:07
Collesapone (scolastico),Scuole,35,2UZ,1,13:08
Collesapone (scolastico),Scuole,36,3J,1,13:15
Collesapone (scolastico),Scuole,37,13V,1,13:15
Collesapone (scolastico),Scuole,38,6D,1,13:15
Collesapone (scolastico),Scuole,39,12,1,13:15
Collesapone (scolastico),Scuole,40,13Y,1,13:15
Collesapone (scolastico),Scuole,41,M5Y,1,13:15
Collesapone (scolastico),Scuole,42,M12A,1,13:20
Collesapone (scolastico),Scuole,43,19,1,13:35
Collesapone (scolastico),Scuole,44,3V,1,13:35
Collesapone (scolastico),Scuole,45,13X,1,13:35
Collesapone (scolastico),Scuole,46,15,1,13:35
Collesapone (scolastico),Scuole,47,M9,1,13:37
Collesapone (scolastico),Scuole,48,6S,1,13:40
Collesapone (scolastico),Scuole,49,11Y,1,13:40
Collesapone (scolastico),Scuole,50,13J,1,13:40
Collesapone (scolastico),Scuole,51,6D,1,13:42
Collesapone (scolastico),Scuole,52,12,1,13:45
Collesapone (scolastico),Scuole,53,M5Y,1,13:45
Collesapone (scolastico),Scuole,54,M8X,1,13:50
Collesapone (scolastico),Scuole,55,19P,1,13:50
Collesapone (scolastico),Scuole,56,1Y,1,13:50
Collesapone (scolastico),Scuole,57,6SO,1,14:05
Collesapone (scolastico),Scuole,58,16,1,14:05
Collesapone (scolastico),Scuole,59,10,1,14:05
Collesapone (scolastico),Scuole,60,7,1,14:10
Collesapone (scolastico),Scuole,61,12A,1,14:10
Collesapone (scolastico),Scuole,62,M8X,1,14:25
Istituto D. Cotugno (scolastico),Scuole,1,1G,1,07:15
Istituto D. Cotugno (scolastico),Scuole,2,1G,1,07:35
Istituto D. Cotugno (scolastico),Scuole,3,1,1,07:56
Istituto D. Cotugno (scolastico),Scuole,4,1,1,07:40
Istituto D. Cotugno (scolastico),Scuole,5,1X,1,07:40
Istituto D. Cotugno (scolastico),Scuole,6,4L,1,07:25
Istituto D. Cotugno (scolastico),Scuole,7,4L,1,07:43
Istituto D. Cotugno (scolastico),Scuole,8,3L,1,07:35
Istituto D. Cotugno (scolastico),Scuole,9,14D,1,07:10
Istituto D. Cotugno (scolastico),Scuole,10,M14X,1,07:15
Istituto D. Cotugno (scolastico),Scuole,11,3LX,1,07:30
Istituto D. Cotugno (scolastico),Scuole,12,3A,1,07:50
Istituto D. Cotugno (scolastico),Scuole,13,15L,1,07:15
Istituto D. Cotugno (scolastico),Scuole,14,11L,1,07:10
Istituto D. Cotugno (scolastico),Scuole,15,12,1,07:30
Istituto D. Cotugno (scolastico),Scuole,16,6D/,1,07:05
Istituto D. Cotugno (scolastico),Scuole,17,6DL,1,07:10
Scuola Media Mazzini (scolastico),Scuole,1,11L,1,07:10
Scuola Media Mazzini (scolastico),Scuole,2,13Z,1,07:00
Scuola Media Mazzini (scolastico),Scuole,3,12,1,07:00
Scuola Media Mazzini (scolastico),Scuole,4,12A,1,07:10
Scuola Media Mazzini (scolastico),Scuole,5,12A,1,07:10
Scuola Media Mazzini (scolastico),Scuole,6,3A,1,07:20
Scuola Media Mazzini (scolastico),Scuole,7,19G,1,07:52
Scuola Media Mazzini (scolastico),Scuole,8,M12A,1,07:35
Scuola Media Mazzini (scolastico),Scuole,9,19,1,07:50
Scuola Media Mazzini (scolastico),Scuole,10,2,1,08:00
Scuola Media Mazzini (scolastico),Scuole,11,13Y,1,07:15
Scuola Media Mazzini (scolastico),Scuole,12,19Y,1,13:15
Scuola Media Mazzini (scolastico),Scuole,13,M19X,1,13:15
Scuola Media Mazzini (scolastico),Scuole,14,19,1,13:25
Scuola Media Mazzini (scolastico),Scuole,15,11L,1,13:25
Scuola Media Mazzini (scolastico),Scuole,16,12,1,13:20
Scuola Media Mazzini (scolastico),Scuole,17,M12A,1,13:30
Scuola Media Mazzini (scolastico),Scuole,18,M19,1,14:05
Scuola Media Mazzini (scolastico),Scuole,19,19P,1,14:05
Scuola Media Mazzini (scolastico),Scuole,20,19,1,14:05
Scuola Media Mazzini (scolastico),Scuole,21,12,1,14:05
Scuola Media Mazzini (scolastico),Scuole,22,13J,1,14:05
Scuola Media Pettino(scolastico),Scuole,1,15A,1,07:05
Scuola Media Pettino(scolastico),Scuole,2,14D,1,07:05
Scuola Media Pettino(scolastico),Scuole,3,11L,1,07:10
Scuola Media Pettino(scolastico),Scuole,4,15L,1,07:15
Scuola Media Pettino(scolastico),Scuole,5,3LX,1,07:30
Scuola Media Pettino(scolastico),Scuole,6,12,1,07:35
Scuola Media Pettino(scolastico),Scuole,7,4L,1,07:25
Scuola Media Pettino(scolastico),Scuole,8,4L,1,07:43
Scuola Media Pettino(scolastico),Scuole,9,3,1,07:50
Scuola Media Pettino(scolastico),Scuole,10,3A,1,07:50
Scuola Media Pettino(scolastico),Scuole,11,13X,1,07:30
Scuola Media Pettino(scolastico),Scuole,12,3,1,08:00
Scuola Media Pettino(scolastico),Scuole,13,M14X,1,07:15
Scuola Media Pettino(scolastico),Scuole,14,4Y,1,13:15
Scuola Media Pettino(scolastico),Scuole,15,3LX,1,13:20
Scuola Media Pettino(scolastico),Scuole,16,3,1,13:25
Scuola Media Pettino(scolastico),Scuole,17,3,1,13:30
Scuola Media Pettino(scolastico),Scuole,18,13Y,1,13:30
Scuola Media Pettino(scolastico),Scuole,19,15,1,13:30
Scuola Media Pettino(scolastico),Scuole,20,15,1,14:00
Scuola Media Pettino(scolastico),Scuole,21,3,1,14:07
Scuola Media Pettino(scolastico),Scuole,22,3,1,14:10
Scuola Media Pettino(scolastico),Scuole,23,13W,1,14:15
Scuola Media Pettino(scolastico),Scuole,24,13Z,1,14:10
Scuola Media Sassa e Pianola (scolastico),Scuole,1,12,1,07:25
Scuola Media Sassa e Pianola (scolastico),Scuole,2,M12A,1,07:40
Scuola Media Sassa e Pianola (scolastico),Scuole,3,13Y,1,07:04
Scuola Media Sassa e Pianola (scolastico),Scuole,4,13J,1,14:08
Scuola Media Sassa e Pianola (scolastico),Scuole,5,12,1,14:08
Scuola Media Sassa e Pianola (scolastico),Scuole,6,M12A,1,14:08
Scuola Media Sassa e Pianola (scolastico),Scuole,7,M11Y,1,07:20
Scuola Media Sassa e Pianola (scolastico),Scuole,8,M10X,1,07:10
Scuola Media Sassa e Pianola (scolastico),Scuole,9,M11Y,1,14:05
Scuola Media Sassa e Pianola (scolastico),Scuole,10,M10X,1,14:05
SCUOLA MEDIA CARDUCCI,Scuole,1,12,1,06:50
SCUOLA MEDIA CARDUCCI,Scuole,1,12,3,07:50
SCUOLA MEDIA CARDUCCI,Scuole,2,4X,1,07:15
SCUOLA MEDIA CARDUCCI,Scuole,2,4X,3,07:50
SCUOLA MEDIA CARDUCCI,Scuole,3,M5W,1,07:20
SCUOLA MEDIA CARDUCCI,Scuole,3,M5W,3,07:45
SCUOLA MEDIA CARDUCCI,Scuole,4,3A,1,07:15
SCUOLA MEDIA CARDUCCI,Scuole,4,3A,3,07:55
SCUOLA MEDIA CARDUCCI,Scuole,5,13Z,1,06:55
SCUOLA MEDIA CARDUCCI,Scuole,5,13Z,3,07:55
SCUOLA MEDIA CARDUCCI,Scuole,6,13X,1,07:20
SCUOLA MEDIA CARDUCCI,Scuole,6,13X,3,07:55
SCUOLA MEDIA CARDUCCI,Scuole,7,13J,1,07:10
SCUOLA MEDIA CARDUCCI,Scuole,7,13J,3,07:55
SCUOLA MEDIA CARDUCCI,Scuole,8,12A,1,07:05
SCUOLA MEDIA CARDUCCI,Scuole,8,12A,3,07:55
SCUOLA MEDIA CARDUCCI,Scuole,9,12,1,07:30
SCUOLA MEDIA CARDUCCI,Scuole,9,12,3,08:25
SCUOLA MEDIA CARDUCCI,Scuole,10,11X,1,06:55
SCUOLA MEDIA CARDUCCI,Scuole,10,11X,3,07:55
SCUOLA MEDIA CARDUCCI,Scuole,11,M8,1,07:30
SCUOLA MEDIA CARDUCCI,Scuole,11,M8,3,07:50
SCUOLA MEDIA CARDUCCI,Scuole,12,6S/,1,07:10
SCUOLA MEDIA CARDUCCI,Scuole,12,6S/,3,07:50
SCUOLA MEDIA CARDUCCI,Scuole,13,6DX,1,07:20
SCUOLA MEDIA CARDUCCI,Scuole,13,6DX,3,07:50
SCUOLA MEDIA CARDUCCI,Scuole,14,6SO,1,07:00
SCUOLA MEDIA CARDUCCI,Scuole,14,6SO,3,07:40
SCUOLA MEDIA CARDUCCI,Scuole,15,15L,1,07:15
SCUOLA MEDIA CARDUCCI,Scuole,15,15L,3,07:50
SCUOLA MEDIA CARDUCCI,Scuole,16,10,1,07:00
SCUOLA MEDIA CARDUCCI,Scuole,16,10,3,07:55
SCUOLA MEDIA CARDUCCI,Scuole,17,16X,1,06:55
SCUOLA MEDIA CARDUCCI,Scuole,17,16X,3,07:55
SCUOLA MEDIA CARDUCCI,Scuole,18,11,1,13:05
SCUOLA MEDIA CARDUCCI,Scuole,19,16A,1,13:07
SCUOLA MEDIA CARDUCCI,Scuole,20,2UZ,1,13:08
SCUOLA MEDIA CARDUCCI,Scuole,21,6D,1,13:15
SCUOLA MEDIA CARDUCCI,Scuole,22,M12A,1,13:20
SCUOLA MEDIA CARDUCCI,Scuole,23,19,1,13:35
SCUOLA MEDIA CARDUCCI,Scuole,24,15,1,13:35
SCUOLA MEDIA CARDUCCI,Scuole,25,13X,1,13:35
SCUOLA MEDIA CARDUCCI,Scuole,26,M9,1,13:40
SCUOLA MEDIA CARDUCCI,Scuole,27,11Y,1,13:40
SCUOLA MEDIA CARDUCCI,Scuole,28,13J,1,13:40
SCUOLA MEDIA CARDUCCI,Scuole,29,6S,1,13:40
SCUOLA MEDIA CARDUCCI,Scuole,30,6D,1,13:42
SCUOLA MEDIA CARDUCCI,Scuole,31,6SO,1,14:05
SCUOLA MEDIA CARDUCCI,Scuole,32,16,1,14:05
SCUOLA MEDIA CARDUCCI,Scuole,33,10,1,14:05
SCUOLA MEDIA CARDUCCI,Scuole,34,M8X,1,14:07
SCUOLA MEDIA CARDUCCI,Scuole,35,7,1,14:10
SCUOLA MEDIA CARDUCCI,Scuole,36,M8X,1,14:25
SCUOLA MEDIA PAGANICA,Scuole,1,M7A,1,07:00
SCUOLA MEDIA PAGANICA,Scuole,2,6SI,1,07:30
SCUOLA MEDIA PAGANICA,Scuole,3,6D,1,07:40
SCUOLA MEDIA PAGANICA,Scuole,4,6SO,1,14:05
SCUOLA MEDIA PAGANICA,Scuole,5,7,1,14:20
SCUOLA MEDIA PAGANICA,Scuole,6,6D,1,14:05
Stazione FF.SS. festivo,Stazione,1,,6,07:50
Stazione FF.SS. festivo,Stazione,1,,7,07:53
Stazione FF.SS. festivo,Stazione,1,,8,07:57
Stazione FF.SS. festivo,Stazione,1,,9,07:58
Stazione FF.SS. festivo,Stazione,1,,10,08:00
Stazione FF.SS. festivo,Stazione,2,,2,08:50
Stazione FF.SS. festivo,Stazione,2,,3,08:52
Stazione FF.SS. festivo,Stazione,2,,4,08:53
Stazione FF.SS. festivo,Stazione,2,,5,08:55
Stazione FF.SS. festivo,Stazione,2,,6,09:00
Stazione FF.SS. festivo,Stazione,3,,2,18:40
Stazione FF.SS. festivo,Stazione,3,,3,18:42
Stazione FF.SS. festivo,Stazione,3,,4,18:43
Stazione FF.SS. festivo,Stazione,3,,5,18:45
Stazione FF.SS. festivo,Stazione,3,,6,18:47
Stazione FF.SS. festivo,Stazione,4,,6,21:31
Stazione FF.SS. festivo,Stazione,4,,7,21:34
Stazione FF.SS. festivo,Stazione,4,,8,21:38
Stazione FF.SS. festivo,Stazione,4,,9,21:39
Stazione FF.SS. festivo,Stazione,4,,10,21:41
Stazione FF.SS. festivo,Stazione,5,,6,22:05
Stazione FF.SS. festivo,Stazione,5,,7,22:08
Stazione FF.SS. festivo,Stazione,5,,8,22:12
Stazione FF.SS. festivo,Stazione,5,,9,22:13
Stazione FF.SS. festivo,Stazione,5,,10,22:15
